# https://github.com/mikedh/trimesh
v -0.09093579 0.38959432 -0.12644395
v -0.07126077 0.38006669 -0.02055092
v -0.06979248 0.38767344 -0.11635350
v -0.07948317 0.38936383 -0.14622805
v -0.10150744 0.38951749 -0.15660194
v -0.11335161 0.38851863 -0.13704459
v -0.12588097 0.38559890 -0.11816752
v -0.00871182 0.37645537 -0.09356496
v -0.04972592 0.38390845 -0.10739682
v -0.07292482 0.37837631 -0.00995028
v -0.04120987 0.37192202 -0.00824964
v 0.27956146 0.32036501 -0.06516431
v 0.25841817 0.32535940 -0.07043630
v 0.26399764 0.32766443 -0.09180764
v -0.05863352 0.38652092 -0.13681784
v -0.04884495 0.38475364 -0.15750894
v -0.06940094 0.38744295 -0.16629556
v -0.09064213 0.38798076 -0.17632933
v -0.11168755 0.38552201 -0.18772361
v -0.12323806 0.38667458 -0.16776945
v -0.13596320 0.38552201 -0.14826880
v -0.14937353 0.38275594 -0.12922166
v -0.13782302 0.38114238 -0.09940382
v -0.08907596 0.33527124 0.09129435
v -0.02075176 0.33050740 0.09129435
v 0.00127251 0.32874018 0.09129435
v -0.04600627 0.37007797 0.00218093
v -0.13782302 0.36838758 -0.03540316
v -0.14291307 0.36247122 -0.01765984
v -0.16121770 0.32743394 0.09129435
v -0.13821456 0.33204412 0.09129435
v -0.13390760 0.33250511 0.09129435
v -0.11158966 0.33411866 0.09129435
v 0.27368835 0.31698424 -0.04356621
v 0.25332811 0.32205540 -0.04838470
v 0.30090055 0.31368029 -0.05932546
v 0.30765465 0.31521702 -0.07978980
v 0.28563038 0.32197857 -0.08596878
v 0.29199296 0.32213229 -0.10614968
v 0.29864919 0.32144076 -0.12542358
v 0.26967502 0.32712662 -0.11238535
v 0.27574393 0.32643509 -0.13222612
v -0.04023101 0.38198757 -0.17859684
v -0.06019969 0.38436949 -0.18658984
v -0.08055991 0.38490736 -0.19639686
v -0.10082224 0.38267910 -0.20762107
v -0.12039937 0.37753105 -0.21997903
v -0.13194989 0.37975931 -0.19951469
v -0.14408770 0.38029718 -0.17950386
v -0.15740016 0.37960565 -0.16022995
v -0.17129992 0.37691641 -0.14101276
v -0.16209868 0.37760794 -0.11000446
v 0.02319890 0.32582039 0.09129435
v 0.26752153 0.31152886 -0.02140124
v -0.18226312 0.36362374 -0.07105985
v -0.16337118 0.36277854 -0.04316941
v -0.19009396 0.35563278 -0.05155921
v -0.19606499 0.31483281 0.09129435
v 0.28680500 0.30522835 -0.01635602
v 0.29395068 0.31022269 -0.03823756
v 0.31362569 0.30192435 -0.03205857
v 0.32165232 0.30492097 -0.05297641
v 0.32918951 0.30576617 -0.07310063
v 0.31460455 0.31490970 -0.09957388
v 0.28915426 0.32036501 -0.16884652
v 0.28240016 0.32405317 -0.15104651
v 0.32155442 0.31252778 -0.11839427
v 0.30559906 0.31759894 -0.14379045
v -0.00009789 0.36915594 -0.23409432
v -0.00832028 0.36831075 -0.25648606
v -0.05119421 0.38052768 -0.20671405
v -0.07077134 0.38075817 -0.21629432
v -0.09005482 0.37822258 -0.22757521
v -0.10884886 0.37338191 -0.24033000
v -0.13929130 0.37030846 -0.23284718
v -0.16425215 0.37338191 -0.19203188
v -0.17776038 0.37153786 -0.17281468
v -0.19146436 0.36784971 -0.15382423
v -0.18431872 0.37076950 -0.12134205
v -0.19586922 0.36331642 -0.10172802
v 0.04453798 0.32105654 0.09129435
v 0.26106107 0.30499780 0.00127393
v -0.20595145 0.35540229 -0.08262420
v -0.20673454 0.31060684 0.09129435
v -0.26223570 0.30968481 0.00393826
v 0.27926782 0.29800576 0.00609240
v 0.30550116 0.29708368 -0.01034710
v 0.33232185 0.29170519 -0.02497257
v 0.34122944 0.29370290 -0.04560699
v 0.34945184 0.29316509 -0.06567451
v 0.33662882 0.30392212 -0.09237452
v 0.31245106 0.31198990 -0.16108027
v 0.32302272 0.30184752 -0.19424272
v 0.29492953 0.31475598 -0.18551277
v -0.00078309 0.35885990 -0.29316312
v -0.01223571 0.36462259 -0.27893448
v 0.32879797 0.30776393 -0.13613759
v 0.34416601 0.30084866 -0.11091147
v -0.07889585 0.37322825 -0.24713254
v -0.09671104 0.36815709 -0.26000071
v -0.11374315 0.36147231 -0.27405930
v -0.12685983 0.36615932 -0.25359496
v -0.14398982 0.35693902 -0.26714337
v -0.15700862 0.36062711 -0.24599878
v -0.16983163 0.36323959 -0.22525100
v -0.18304621 0.36362374 -0.20558029
v -0.19675019 0.36131865 -0.18687329
v -0.21055208 0.35755372 -0.16822295
v -0.20438528 0.36162603 -0.13472039
v -0.21671887 0.35463393 -0.11567325
v -0.22787784 0.34671980 -0.09702293
v 0.06577917 0.31621587 0.09129435
v -0.23786218 0.33865201 -0.07882611
v -0.21622944 0.30615038 0.09129435
v -0.26615113 0.31421816 -0.03007449
v -0.27838683 0.30461365 -0.01595920
v -0.27711433 0.29885095 0.01550260
v 0.29688725 0.28993797 0.01153444
v 0.08633516 0.31014585 0.09129435
v 0.32321849 0.28732550 -0.00365792
v 0.34054425 0.27656847 0.00365482
v 0.35033283 0.28025657 -0.01731971
v 0.35972983 0.28102493 -0.03801081
v 0.36853954 0.27925771 -0.05824839
v 0.35767424 0.29070628 -0.08494840
v 0.33574784 0.30200124 -0.15371084
v 0.31822631 0.30668819 -0.17780322
v 0.32830852 0.28724867 -0.22338030
v 0.30726311 0.29431760 -0.23108986
v 0.30373922 0.30154020 -0.21680450
v 0.29953015 0.30822492 -0.20138539
v 0.34064212 0.29539329 -0.17128411
v 0.34416601 0.28863174 -0.18806373
v 0.34690681 0.28156281 -0.20416310
v 0.26938137 0.30008030 -0.25314146
v 0.08780345 0.33258200 -0.31022620
v 0.00489428 0.34825653 -0.31623513
v -0.01057165 0.35578644 -0.30223319
v -0.08330070 0.36239439 -0.27893448
v -0.06666014 0.36754239 -0.26583955
v 0.35121378 0.29554695 -0.12922166
v 0.36501566 0.28632665 -0.10399554
v -0.11423258 0.34556729 -0.30784529
v -0.12979640 0.35202152 -0.28823128
v -0.09925607 0.35494125 -0.29304975
v -0.16023885 0.34679663 -0.28108859
v -0.17423649 0.35002375 -0.25977394
v -0.18745106 0.35225201 -0.23925292
v -0.20105717 0.35202152 -0.22043253
v -0.21436961 0.34910172 -0.20172551
v -0.23149961 0.33603960 -0.21657775
v -0.22777995 0.34441471 -0.18301851
v -0.24109240 0.33803731 -0.16442487
v -0.25450274 0.33135259 -0.14622805
v -0.22347298 0.35102260 -0.14945926
v -0.23629601 0.34387690 -0.13109237
v -0.24882537 0.33673114 -0.11329236
v -0.26057166 0.32935488 -0.09611592
v -0.22396241 0.30223173 0.09129435
v -0.28807753 0.30430627 -0.04770443
v -0.38841033 0.22670184 -0.02191143
v -0.37930697 0.22101597 0.01850705
v -0.32918951 0.23184986 0.09129435
v -0.25156617 0.28548145 0.09129435
v -0.23482773 0.29616165 0.09129435
v 0.28807753 0.27964193 0.03307585
v 0.33075568 0.27011424 0.02502617
v 0.10170321 0.30445999 0.09129435
v 0.33555207 0.24844645 0.05234975
v 0.32018402 0.25958771 0.04537714
v 0.30432653 0.26996058 0.03885803
v 0.35747847 0.26496619 0.01130769
v 0.36795223 0.26788598 -0.00966685
v 0.37754503 0.26727128 -0.03069806
v 0.38684416 0.26465887 -0.05127577
v 0.37705559 0.27580011 -0.07808916
v 0.35698903 0.28901589 -0.14775862
v 0.32948315 0.27925771 -0.23811916
v 0.31039545 0.28701818 -0.24424146
v 0.34827721 0.27426338 -0.22099940
v 0.34768990 0.26727128 -0.23653190
v 0.27613547 0.29116732 -0.26901406
v 0.36139390 0.28179330 -0.16623887
v 0.36491778 0.27449387 -0.18449239
v 0.36707127 0.26673347 -0.20229240
v 0.25861394 0.29262722 -0.28103191
v 0.24853171 0.28233117 -0.30835551
v 0.06851997 0.32774132 -0.33046377
v 0.01243148 0.32359213 -0.34939754
v -0.02075176 0.32366896 -0.35308227
v -0.01125685 0.33358085 -0.33828670
v -0.04424432 0.33281249 -0.34066761
v -0.06470243 0.34095711 -0.32655233
v 0.04502741 0.33242828 -0.33012366
v 0.02359045 0.33942038 -0.32519180
v 0.01879405 0.33258200 -0.33601922
v -0.08310493 0.34825653 -0.31067970
v -0.06842209 0.35586333 -0.29616758
v 0.37167189 0.28079444 -0.12321275
v 0.37725136 0.27472442 -0.14277008
v 0.38478857 0.27111310 -0.09787325
v 0.39134690 0.26573455 -0.11805414
v -0.12842600 0.33450288 -0.32252747
v -0.14506656 0.34149498 -0.30240327
v -0.09680893 0.33826786 -0.32536188
v -0.17531323 0.33450288 -0.29492044
v -0.19038762 0.33819103 -0.27422938
v -0.20409162 0.33888251 -0.25410515
v -0.21789350 0.33849835 -0.23534146
v -0.24833594 0.32274693 -0.23114654
v -0.29101411 0.29961932 -0.20660068
v -0.30364135 0.29239672 -0.18624972
v -0.26761943 0.32351530 -0.12865478
v -0.28024668 0.31537068 -0.11159172
v -0.29189506 0.30714923 -0.09503885
v -0.30178151 0.29854357 -0.07837260
v -0.38253719 0.23453912 -0.04124202
v -0.40064606 0.22109281 -0.05439360
v -0.40651917 0.21325552 -0.03511971
v -0.39506656 0.21448492 -0.00184391
v -0.43989819 0.12673810 0.09129435
v -0.34504700 0.21855722 0.09129435
v -0.33907595 0.22393575 0.09129435
v 0.34671104 0.25851196 0.03228222
v 0.10610807 0.30276954 0.09129435
v 0.33741191 0.22278321 0.07672554
v 0.34954974 0.23515381 0.05858541
v 0.36178544 0.24575719 0.03931153
v 0.30941659 0.24744760 0.06493446
v 0.32370791 0.23561484 0.07077333
v 0.37323806 0.25182724 0.01845036
v 0.38420126 0.25390184 -0.00263754
v 0.42805403 0.22431993 -0.00864646
v 0.39555600 0.26012552 -0.07162674
v 0.42218089 0.23438546 -0.03733055
v 0.33016837 0.27218878 -0.25070387
v 0.31509396 0.27702945 -0.25824338
v 0.29306969 0.26788598 -0.29849181
v 0.28386843 0.28041029 -0.28409308
v 0.36805013 0.25881934 -0.22020578
v 0.36521143 0.25190407 -0.23851597
v 0.34504700 0.26104760 -0.25110069
v 0.26703212 0.28140914 -0.29684785
v 0.38126469 0.26742500 -0.16261086
v 0.38429913 0.25958771 -0.18239494
v 0.38596320 0.25113571 -0.20234908
v 0.27662489 0.26850069 -0.31198353
v 0.25802663 0.26919222 -0.32394469
v 0.17276821 0.26496619 -0.37898862
v 0.14428347 0.26973003 -0.38244659
v 0.06431089 0.30499780 -0.36135870
v 0.03837118 0.31391078 -0.35722047
v 0.04267815 0.32366896 -0.34321856
v 0.00538371 0.31352663 -0.36390966
v -0.02868050 0.31268144 -0.36765105
v -0.05422866 0.32236278 -0.35557652
v -0.07684025 0.33073789 -0.34112111
v 0.39633909 0.25943404 -0.13868855
v 0.40015662 0.25213456 -0.15954970
v 0.40328896 0.25497752 -0.09209108
v 0.40955365 0.24936850 -0.11295223
v 0.41464370 0.24322161 -0.13438027
v -0.14124902 0.32128710 -0.33601922
v -0.15925999 0.32843280 -0.31589499
v -0.10904463 0.32643509 -0.33993065
v -0.12000783 0.31344980 -0.35381919
v -0.18940876 0.32005769 -0.30869561
v -0.20516837 0.32389951 -0.28896824
v -0.21985121 0.32482153 -0.26952428
v -0.23424041 0.32451421 -0.25030705
v -0.26272514 0.30761021 -0.24633890
v -0.27701643 0.30445999 -0.22649814
v -0.30383712 0.28494358 -0.22190642
v -0.31803054 0.27964193 -0.20053507
v -0.34240407 0.26550406 -0.15575162
v -0.35307360 0.25828147 -0.13188601
v -0.38723570 0.23284873 -0.09821337
v -0.39447924 0.22723970 -0.07548152
v -0.37656617 0.24083969 -0.06261335
v -0.41767815 0.20449622 -0.07083310
v -0.42335552 0.19642843 -0.05065221
v -0.42766249 0.18720810 -0.03115156
v -0.43059906 0.17791094 -0.01216111
v -0.41092405 0.20211430 -0.01669614
v -0.41444793 0.19151092 0.00189750
v -0.44557557 0.12013020 0.09129435
v 0.23854737 0.24944533 0.09129435
v 0.38811669 0.19174142 0.08069369
v 0.37558731 0.20687814 0.07309753
v 0.30980814 0.22024761 0.09129435
v 0.32693812 0.21156514 0.09129435
v 0.38850823 0.21755835 0.05405039
v 0.37548944 0.23177303 0.04645421
v 0.40103757 0.22332107 0.03330261
v 0.38762724 0.23753573 0.02547967
v 0.29199296 0.22770071 0.09129435
v 0.41444793 0.22547247 0.01238476
v 0.42746672 0.21102728 0.02088794
v 0.44146436 0.20864537 -0.00025664
v 0.43882146 0.21794254 -0.03007449
v 0.42100626 0.23822726 -0.08596878
v 0.33036414 0.26634926 -0.26068094
v 0.31803054 0.25282609 -0.29611090
v 0.30344558 0.25313348 -0.31130326
v 0.38547376 0.24222274 -0.22224654
v 0.36031714 0.24583404 -0.25563574
v 0.38194987 0.23384760 -0.24180388
v 0.34005481 0.25613004 -0.26538604
v 0.40270165 0.24383630 -0.18063761
v 0.40358260 0.23453912 -0.20200896
v 0.28670713 0.25344080 -0.32519180
v 0.26791307 0.25397867 -0.33800328
v 0.24686766 0.25505435 -0.34928417
v 0.17854346 0.24806227 -0.39616507
v 0.14692639 0.25313348 -0.40001988
v 0.05569695 0.28179330 -0.39208356
v 0.06029757 0.29385656 -0.37700456
v 0.03288959 0.30330741 -0.37178928
v -0.00127251 0.30253905 -0.37808162
v 0.02721222 0.29216617 -0.38641477
v -0.03602193 0.30046451 -0.38165298
v -0.06274471 0.31045318 -0.36997527
v -0.08702036 0.31852096 -0.35563320
v 0.41816759 0.23569167 -0.15626180
v 0.42736882 0.23261823 -0.10751019
v 0.44988254 0.20956740 -0.12531020
v -0.12979640 0.29938877 -0.36708418
v -0.15240799 0.30645770 -0.34917080
v -0.17208301 0.31391078 -0.32944340
v -0.09622161 0.30561250 -0.36974853
v -0.20144871 0.30338424 -0.32377461
v -0.21799138 0.30699557 -0.30472746
v -0.24814017 0.30899328 -0.26600963
v -0.27466720 0.29062945 -0.26260835
v -0.28944793 0.28886223 -0.24259751
v -0.31421301 0.26757866 -0.23704210
v -0.32909161 0.26350635 -0.21555737
v -0.34269774 0.25751311 -0.19322233
v -0.35532498 0.25075155 -0.17032041
v -0.36746281 0.24406680 -0.14685161
v -0.33046201 0.27234250 -0.17848347
v -0.40182066 0.21632898 -0.11555988
v -0.41053250 0.21087362 -0.09254458
v -0.43226311 0.18605556 -0.08971018
v -0.43921301 0.17844878 -0.06794202
v -0.44410729 0.16961263 -0.04696749
v -0.44635865 0.16031547 -0.02644646
v -0.46622944 0.09246921 0.09129435
v -0.45448315 0.10914264 0.09129435
v 0.37832811 0.18121488 0.09129435
v 0.38283086 0.17637421 0.09129435
v 0.39839467 0.17345443 0.08432174
v 0.42022318 0.16669287 0.07122684
v 0.41053250 0.18451883 0.06606823
v 0.40045029 0.20203747 0.06113636
v 0.34377447 0.20165329 0.09129435
v 0.41337118 0.20826119 0.04101215
v 0.43676585 0.19312447 0.02763382
v 0.45144871 0.19143409 0.00790641
v 0.46544635 0.18536404 -0.01289806
v 0.45340642 0.20096175 -0.02236493
v 0.47787783 0.17614371 -0.03591335
v 0.46104151 0.19850300 -0.09628598
v 0.33065778 0.25390184 -0.28057840
v 0.34240407 0.23830409 -0.28998861
v 0.32938528 0.23669054 -0.30648479
v 0.31401724 0.23622952 -0.32213065
v 0.29688725 0.23684421 -0.33709627
v 0.40142912 0.22439677 -0.22321025
v 0.35326937 0.24068601 -0.27264211
v 0.37509790 0.22739337 -0.26079434
v 0.39624119 0.21502276 -0.24441153
v 0.42022318 0.22693236 -0.17848347
v 0.41992953 0.21663631 -0.20076182
v 0.27760375 0.23776624 -0.35058799
v 0.25597101 0.23891878 -0.36243576
v 0.23257636 0.24083969 -0.37354660
v 0.26448709 0.22186117 -0.37411350
v 0.24030931 0.22370523 -0.38494086
v 0.21427172 0.22601032 -0.39548483
v 0.18422084 0.22900693 -0.40631223
v 0.15045027 0.18935952 -0.44366956
v 0.10473767 0.23184986 -0.42637974
v 0.11266641 0.24552669 -0.41402179
v 0.08046202 0.25820464 -0.41062051
v 0.08447533 0.27149731 -0.39593834
v 0.05070478 0.26911539 -0.40631223
v -0.00773297 0.29032212 -0.39180011
v 0.02133908 0.27987242 -0.40018994
v -0.04287392 0.28701818 -0.39491796
v -0.07037979 0.29708368 -0.38363707
v 0.43539545 0.21840355 -0.15269047
v 0.46622944 0.19181827 -0.12088854
v 0.45262334 0.20065442 -0.14917582
v -0.13841033 0.28356057 -0.37961221
v -0.16229445 0.29062945 -0.36243576
v -0.10473767 0.29147464 -0.38301349
v -0.18343775 0.29792887 -0.34333193
v -0.21211825 0.28471309 -0.33925042
v -0.22954190 0.28832442 -0.32082683
v -0.24500783 0.28993797 -0.30149627
v -0.25969067 0.29062945 -0.28199559
v -0.28504306 0.27103627 -0.27808416
v -0.30011746 0.27072895 -0.25830007
v -0.33741191 0.24452782 -0.23035291
v -0.35170320 0.23930296 -0.20852807
v -0.36579874 0.23354025 -0.18636309
v -0.37862176 0.22723970 -0.16329111
v -0.39066172 0.22140016 -0.13942549
v -0.42404073 0.19274029 -0.11232866
v -0.44254112 0.16507931 -0.11034459
v -0.45027408 0.15731886 -0.08721592
v -0.45683241 0.14917424 -0.06476749
v -0.48326156 0.07087827 0.06748542
v -0.46818715 0.08947260 0.09129435
v 0.39173844 0.16638552 0.09129435
v 0.40808535 0.15570530 0.08766633
v 0.44410729 0.17399229 0.03352936
v 0.42286611 0.19058889 0.04651089
v 0.45144871 0.04905682 0.09129435
v 0.44870791 0.15416858 0.03897139
v 0.45800704 0.17184088 0.01476565
v 0.47161317 0.16600133 -0.00547193
v 0.48433828 0.15793355 -0.02837385
v 0.48463196 0.16945897 -0.06074266
v 0.47640955 0.18060020 -0.09135413
v 0.34034848 0.21824987 -0.31464785
v 0.36560297 0.22270638 -0.27938795
v 0.35395458 0.21970977 -0.29741472
v 0.32439312 0.21809621 -0.33125740
v 0.30677369 0.21878773 -0.34718671
v 0.28660923 0.22001711 -0.36135870
v 0.41640565 0.20564876 -0.22304018
v 0.38792092 0.20772333 -0.26481918
v 0.41004306 0.19558324 -0.24509178
v 0.43647221 0.20841485 -0.17570576
v 0.43559122 0.19758096 -0.19911787
v 0.24745497 0.20564876 -0.39463452
v 0.29492953 0.20149961 -0.37071222
v 0.27192640 0.20357418 -0.38369375
v 0.22131950 0.20803067 -0.40421477
v 0.19430305 0.21018209 -0.41379502
v 0.22817150 0.18982053 -0.41186762
v 0.23463196 0.17130303 -0.41912371
v 0.15407205 0.18559454 -0.44412306
v 0.09710258 0.13749516 -0.47688869
v 0.08839076 0.20395836 -0.44656065
v 0.03337901 0.22785439 -0.44321606
v 0.09710258 0.21840355 -0.43675363
v 0.07537197 0.24414364 -0.42320523
v 0.04532107 0.25589955 -0.41940713
v -0.01409554 0.27702945 -0.40461159
v 0.01546594 0.26673347 -0.41294470
v -0.04923649 0.27264982 -0.40750265
v -0.07762334 0.28256166 -0.39656192
v 0.48032498 0.17268609 -0.11726052
v 0.46828505 0.18190640 -0.14605798
v -0.11227486 0.27595377 -0.39537144
v -0.14545810 0.26588827 -0.39117655
v -0.17061472 0.27264982 -0.37490714
v -0.19263899 0.27925771 -0.35727715
v -0.22063430 0.26312214 -0.35308227
v -0.23913468 0.26673347 -0.33556569
v -0.25509006 0.26865435 -0.31674531
v -0.27036023 0.27034473 -0.29775485
v -0.29355913 0.24844645 -0.29202938
v -0.30804619 0.24929164 -0.27218860
v -0.32282695 0.24790861 -0.25161088
v -0.35747847 0.21801937 -0.22445737
v -0.39095536 0.18482618 -0.20246246
v -0.40563822 0.18029284 -0.18165800
v -0.41973376 0.17622054 -0.15898283
v -0.40015662 0.20257531 -0.15915290
v -0.41268599 0.19765781 -0.13568409
v -0.43236101 0.17153354 -0.13517389
v -0.44880581 0.14218216 -0.13273633
v -0.45849648 0.13480589 -0.10847389
v -0.46593580 0.12666127 -0.08466496
v -0.46926391 0.11843980 -0.06091273
v -0.48923257 0.05405116 0.07122684
v -0.48149961 0.06135059 0.09129435
v -0.47454974 0.07725567 0.09129435
v 0.40426782 0.15232451 0.09129435
v 0.41121769 0.13734148 0.09129435
v 0.45272121 0.04175739 0.09129435
v 0.47631165 0.12681493 0.00904018
v 0.47552860 0.14648497 0.00155737
v 0.46202037 0.15186350 0.02111471
v 0.48698121 0.13872454 -0.02111781
v 0.49373531 0.13034940 -0.04725093
v 0.49099451 0.14994259 -0.05513056
v 0.48903680 0.16223638 -0.08710254
v 0.36540720 0.19950187 -0.30342364
v 0.35062647 0.19819567 -0.32111028
v 0.37764290 0.20272899 -0.28465995
v 0.33398589 0.19811882 -0.33834341
v 0.31577918 0.19965555 -0.35546315
v 0.43069693 0.18559454 -0.22218986
v 0.40074393 0.18774596 -0.26691663
v 0.42306188 0.17529851 -0.24514847
v 0.46642521 0.16899794 -0.17139748
v 0.44919735 0.17683522 -0.19724718
v 0.27868050 0.18444200 -0.39163005
v 0.25371966 0.18690075 -0.40240076
v 0.30227095 0.18206008 -0.37842178
v 0.25959280 0.16761489 -0.40937337
v 0.24001566 0.15194033 -0.42496255
v 0.21603367 0.15747254 -0.43238866
v 0.19792482 0.14494826 -0.44389629
v 0.17903289 0.15170982 -0.44792116
v 0.17873923 0.13373019 -0.45432690
v 0.08946750 0.12835166 -0.48216066
v 0.07987471 0.18797646 -0.45546064
v 0.02065388 0.19366233 -0.45721796
v -0.01292091 0.18497986 -0.45925874
v -0.00753720 0.20295949 -0.45166257
v -0.03631558 0.21233350 -0.44554025
v -0.03102976 0.23023631 -0.43720713
v -0.06059123 0.24030183 -0.42944092
v -0.05510963 0.25720578 -0.41923708
v -0.01996868 0.26250744 -0.41651607
v 0.00959280 0.25236511 -0.42450905
v -0.08418167 0.26711762 -0.40863642
v 0.49079874 0.15186350 -0.11368918
v 0.48042285 0.16100699 -0.14356372
v -0.11853955 0.25858885 -0.40636891
v -0.09005482 0.25021368 -0.41957718
v -0.15103759 0.24667923 -0.40217400
v -0.17707518 0.25313348 -0.38709503
v -0.20007831 0.25851196 -0.37031537
v -0.22777995 0.24014816 -0.36555362
v -0.24735709 0.24322161 -0.34854722
v -0.26389977 0.24506567 -0.33012366
v -0.27916992 0.24690974 -0.31130326
v -0.28651136 0.22093914 -0.32292429
v -0.30021536 0.22301371 -0.30399054
v -0.31372356 0.22455044 -0.28454655
v -0.32752544 0.22431993 -0.26464909
v -0.40642130 0.15424542 -0.20325609
v -0.42247456 0.15147932 -0.18120448
v -0.43657008 0.14756069 -0.15728219
v -0.45193812 0.11774828 -0.15348409
v -0.46309710 0.11121722 -0.12922166
v -0.47200471 0.10330310 -0.10382548
v -0.47680110 0.09531214 -0.07876942
v -0.49216914 0.04506134 0.04741789
v -0.49647611 0.02731221 0.04917522
v -0.49148396 0.03745457 0.07457140
v -0.48590446 0.04467716 0.09129435
v -0.48502350 0.04936416 0.09129435
v 0.45536414 -0.00780188 0.09129435
v 0.48756853 0.11959235 -0.01267131
v 0.49422476 0.11114038 -0.03789742
v 0.49823806 0.12112907 -0.07361081
v 0.49549726 0.14156747 -0.08166050
v 0.36041504 0.17698890 -0.32643896
v 0.38948709 0.18159907 -0.28777778
v 0.37607673 0.17791094 -0.30773193
v 0.34289351 0.17768042 -0.34457907
v 0.32341427 0.17944765 -0.36198229
v 0.44322631 0.16431095 -0.22162297
v 0.41297963 0.16676970 -0.26799369
v 0.43441659 0.15363073 -0.24588540
v 0.47758418 0.14702283 -0.16998029
v 0.46123728 0.15509062 -0.19662361
v 0.28445575 0.16461828 -0.39831924
v 0.33036414 0.15885559 -0.36782113
v 0.30814409 0.16169852 -0.38437399
v 0.26478073 0.14740701 -0.41504216
v 0.24393108 0.13157877 -0.42972434
v 0.22190681 0.11820929 -0.44383961
v 0.21955755 0.13803300 -0.43817085
v 0.19870791 0.12581606 -0.45013198
v 0.17629209 0.11436749 -0.46067593
v 0.01458497 0.17606686 -0.46407720
v 0.17237666 0.09446695 -0.46566448
v 0.19224745 0.06734381 -0.46430397
v 0.14428347 0.08263419 -0.47348741
v 0.13841033 0.06150427 -0.47552818
v 0.05755677 0.01832239 -0.48726258
v 0.05569695 0.04306361 -0.48709249
v 0.03915427 0.05197659 -0.48777276
v 0.02280736 0.05896867 -0.48629889
v -0.00694988 0.09538898 -0.48046002
v -0.00195771 0.11774828 -0.47813582
v 0.00323023 0.13849401 -0.47467786
v 0.00880971 0.15770304 -0.46974599
v -0.01791308 0.16615501 -0.46577784
v -0.04561472 0.17429964 -0.46010906
v -0.04120987 0.19373916 -0.45313644
v -0.06548551 0.22209167 -0.43828422
v -0.09485121 0.23177303 -0.42904407
v 0.49716133 0.13034940 -0.10819045
v 0.48952624 0.13895504 -0.14033249
v -0.12362960 0.23991765 -0.41662943
v -0.15563822 0.22639450 -0.41237783
v -0.18206735 0.23200354 -0.39803576
v -0.20614722 0.23646003 -0.38216317
v -0.23316367 0.21609847 -0.37632430
v -0.25381753 0.21817304 -0.35965806
v -0.27153486 0.21940242 -0.34174466
v -0.29160142 0.19220245 -0.33273131
v -0.27603757 0.19189510 -0.35183513
v -0.40485513 0.12612341 -0.22326693
v -0.42139781 0.12450986 -0.20110194
v -0.43794048 0.12197427 -0.17763315
v -0.45203602 0.09316073 -0.17117073
v -0.46495694 0.08755170 -0.14532104
v -0.47494128 0.07986809 -0.11884778
v -0.48120594 0.07210764 -0.09260127
v -0.48619813 0.06065907 -0.04362291
v -0.49383321 0.03860711 0.02326883
v -0.48864526 0.05627941 0.00235100
v -0.49647611 0.01924442 0.02281533
v -0.50000000 -0.01410244 0.02922107
v -0.49119028 0.02201052 0.07848287
v -0.48786217 0.02777322 0.09129435
v 0.45184025 -0.05275099 0.06708860
v 0.49197337 0.05289862 -0.06227323
v 0.49520361 0.08255735 -0.05206941
v 0.49109241 0.09262288 -0.02718341
v 0.43118638 -0.14349441 0.09129435
v 0.49843383 0.10130536 -0.06363374
v 0.49990213 0.10944998 -0.10014077
v 0.35072437 0.15647367 -0.34990776
v 0.38566953 0.15608948 -0.31090647
v 0.36883321 0.15509062 -0.33091730
v 0.40045029 0.16008496 -0.28976184
v 0.45389584 0.14187481 -0.22213316
v 0.42325765 0.14448723 -0.26941091
v 0.44430307 0.13050307 -0.24747267
v 0.47180894 0.13234714 -0.19634016
v 0.48512137 0.12389517 -0.16691914
v 0.28974158 0.14394939 -0.40359122
v 0.31382146 0.14064543 -0.38924915
v 0.33613938 0.13734148 -0.37229946
v 0.26908770 0.12666127 -0.41957718
v 0.24657400 0.11129405 -0.43431604
v 0.24765074 0.09123983 -0.43834090
v 0.22210258 0.09838559 -0.44797784
v 0.19821848 0.10606919 -0.45546064
v 0.19567345 0.08655283 -0.45988232
v 0.18118638 0.02838791 -0.46532434
v 0.16209868 0.05481953 -0.47110653
v 0.22063430 0.07902289 -0.45183262
v 0.21720830 0.05996754 -0.45472372
v 0.21221614 0.04098903 -0.45670778
v 0.20595145 0.02185685 -0.45784155
v 0.13332029 0.04006700 -0.47558486
v 0.15671496 0.03430429 -0.47127658
v 0.07752545 0.00794952 -0.48312435
v 0.07703602 -0.01464029 -0.48080015
v 0.05608849 0.00449189 -0.48431480
v -0.00714565 0.00948624 -0.48244411
v 0.01272514 0.03322859 -0.48601544
v 0.00000000 0.03883762 -0.48522180
v -0.02995301 0.10222739 -0.47813582
v -0.02642913 0.12504771 -0.47518805
v -0.02241582 0.14625446 -0.47110653
v -0.04962803 0.15409175 -0.46674153
v -0.07400157 0.18282844 -0.45313644
v -0.06998825 0.20288266 -0.44605047
v -0.09896241 0.21194932 -0.43698037
v -0.12803446 0.22009395 -0.42609632
v 0.49539939 0.11667258 -0.13506052
v -0.15935788 0.20488040 -0.42139119
v -0.18608066 0.20987475 -0.40784281
v -0.21074785 0.21333237 -0.39253706
v -0.23649178 0.19066572 -0.38641477
v -0.25743932 0.19151092 -0.36986190
v -0.27789742 0.16292790 -0.36124533
v -0.29453799 0.16177535 -0.34191474
v -0.25900549 0.16361941 -0.37955552
v -0.40231010 0.09669519 -0.23834592
v -0.41953799 0.09715621 -0.21697457
v -0.43657008 0.09600367 -0.19412933
v -0.46417385 0.06357884 -0.15631849
v -0.43471026 0.07064776 -0.20597711
v -0.45017621 0.06841952 -0.18177137
v -0.47552860 0.05666359 -0.12967518
v -0.48277211 0.04897998 -0.10218152
v -0.48649177 0.04283310 -0.07570827
v -0.49187550 0.03645570 -0.02536939
v -0.49305013 0.03622519 -0.00116365
v -0.49716133 -0.02847079 0.03540006
v -0.49500784 -0.00342223 0.05665803
v -0.48658967 0.02062747 -0.08035668
v -0.48531714 -0.00104031 -0.08222738
v -0.48668754 -0.02355328 -0.05178596
v -0.48326156 -0.04245496 -0.04747768
v -0.48942834 0.00756533 0.08296123
v -0.48766640 0.02055063 0.09129435
v 0.49246281 0.03853028 -0.08676241
v 0.49745497 0.07041725 -0.07718215
v 0.42590055 -0.16308761 0.09129435
v 0.48003131 -0.03361881 -0.13789491
v 0.50000000 0.08939576 -0.08959681
v 0.49862960 0.07487375 -0.11578663
v 0.49804229 0.09515847 -0.12667072
v 0.37588096 0.13250081 -0.33437526
v 0.35679325 0.13396069 -0.35381919
v 0.40935788 0.13757199 -0.29214275
v 0.39340252 0.13357651 -0.31385422
v 0.43148002 0.12097540 -0.27156502
v 0.46290132 0.11828613 -0.22230323
v 0.45164448 0.10599236 -0.24803954
v 0.47797573 0.10822061 -0.19350576
v 0.49040720 0.10076751 -0.16176054
v 0.29414645 0.12243529 -0.40716255
v 0.34113157 0.11459800 -0.37581414
v 0.31851998 0.11851664 -0.39253706
v 0.27212217 0.10560818 -0.42286509
v 0.24647611 0.07172346 -0.44174218
v 0.27388412 0.08486243 -0.42654979
v 0.19919734 0.00241732 -0.45823836
v 0.17550901 0.00779584 -0.46532434
v 0.24314800 0.05259128 -0.44423646
v 0.23766641 0.03384328 -0.44656065
v 0.23071653 0.01509527 -0.44814789
v 0.22317933 -0.00342223 -0.44899821
v 0.11961628 -0.05820635 -0.45925874
v 0.07449099 -0.03392615 -0.47275046
v 0.04541895 -0.04645043 -0.46934918
v 0.04855129 -0.02785610 -0.47620842
v 0.01301879 -0.02754876 -0.47552818
v 0.17071261 -0.01433295 -0.46339697
v 0.16630775 -0.03738378 -0.45982561
v 0.16258810 -0.06058827 -0.45336321
v 0.14134690 -0.05951257 -0.45670778
v -0.06489820 -0.00634200 -0.46560779
v -0.08995693 -0.00011827 -0.46175301
v -0.07302271 0.02746588 -0.47093645
v -0.07850431 0.06081274 -0.47224027
v -0.05471809 0.05481953 -0.47626510
v -0.05569695 0.08347938 -0.47637850
v -0.05471809 0.10898896 -0.47411096
v -0.05266249 0.13227031 -0.47082308
v -0.07977682 0.13964656 -0.46487084
v -0.07752545 0.16185220 -0.45959887
v -0.10591230 0.17015049 -0.45177594
v -0.10277995 0.19143409 -0.44451988
v -0.13165623 0.19919454 -0.43437272
v -0.13429914 0.17721941 -0.44174218
v -0.18862568 0.18628606 -0.41628930
v -0.21358652 0.18897533 -0.40200394
v -0.23766641 0.16369626 -0.39571160
v -0.27799529 0.13319233 -0.37099564
v -0.40152702 0.06803533 -0.24979687
v -0.41846123 0.07057092 -0.22887903
v -0.25832027 0.13465221 -0.38868228
v -0.44861004 0.04321728 -0.18772361
v -0.46192247 0.03960598 -0.16323441
v -0.47386453 0.03353593 -0.13664779
v -0.43373141 0.04460033 -0.21051215
v -0.41875491 0.04306361 -0.23188350
v -0.48189116 0.02623650 -0.10830382
v -0.46975332 -0.08924813 0.00597903
v -0.46231401 -0.10415433 0.01697648
v -0.47200471 -0.08064249 0.03426629
v -0.46368441 -0.09524135 0.04520707
v -0.47220048 -0.07011595 0.06017268
v -0.47034064 -0.05928206 0.08494529
v -0.47611588 -0.03845948 0.09129435
v -0.48149961 -0.02109453 0.09129435
v -0.48316365 -0.01440979 0.09129435
v -0.48502350 -0.00649567 0.09129435
v -0.48610023 -0.00618832 0.08777970
v -0.47866091 -0.06051144 -0.04118532
v -0.47278780 -0.07772272 -0.03319232
v -0.47650743 -0.07357357 -0.00337449
v -0.48012921 0.00403087 -0.11147834
v -0.48247847 -0.02163238 -0.08109362
v -0.47875881 -0.04145609 -0.07752229
v -0.48531714 -0.00465160 0.09129435
v -0.48727486 0.01133030 0.09129435
v 0.49676979 0.05589523 -0.10263503
v 0.42374706 -0.17046387 0.09129435
v 0.47474551 -0.05536342 -0.16011658
v 0.49246281 0.03883762 -0.12831466
v 0.49373531 0.05781613 -0.14220320
v 0.49295223 0.07856188 -0.15325734
v 0.39986297 0.10975733 -0.31674531
v 0.38165623 0.10891213 -0.33749309
v 0.36207908 0.11075620 -0.35722047
v 0.41640565 0.11390647 -0.29475039
v 0.43784261 0.09592683 -0.27286887
v 0.46789351 0.09339124 -0.21975228
v 0.45555991 0.08048278 -0.24577203
v 0.48247847 0.08440142 -0.18834716
v 0.29767033 0.10053699 -0.41011029
v 0.32233751 0.09577316 -0.39554152
v 0.34514487 0.09085565 -0.37881857
v 0.27280736 0.06465454 -0.42955428
v 0.26938137 0.04498451 -0.43221861
v 0.29943228 0.07856188 -0.41249120
v 0.19312842 -0.01771374 -0.45727468
v 0.21583790 -0.02224707 -0.44933835
v 0.26321456 0.02600599 -0.43448612
v 0.25587314 0.00741166 -0.43681031
v 0.24774863 -0.01049115 -0.43907785
v 0.23913468 -0.02800977 -0.44009823
v 0.11814801 -0.08217921 -0.44877148
v 0.13968284 -0.08356226 -0.44639057
v 0.09612373 -0.07964362 -0.45092562
v 0.09690681 -0.10469218 -0.43766063
v 0.07449099 -0.10146507 -0.43913454
v 0.03112764 -0.12052042 -0.42683324
v 0.00734143 -0.11506505 -0.42842051
v -0.01644479 -0.10914868 -0.42989439
v -0.02222005 -0.07864475 -0.44542688
v -0.04708301 -0.07219052 -0.44468993
v -0.07145654 -0.06665833 -0.44287592
v -0.08055991 -0.03369564 -0.45330650
v 0.18754895 -0.03907417 -0.45404345
v 0.18314409 -0.06120296 -0.44860142
v 0.18079484 -0.08348542 -0.43953133
v 0.16043462 -0.08379277 -0.44315937
v -0.10522710 -0.02808661 -0.44848803
v -0.11452623 0.00572127 -0.45642436
v -0.09778778 0.03392011 -0.46628803
v -0.10326938 0.06703646 -0.46696830
v -0.08026625 0.08954944 -0.47116321
v -0.08075568 0.11559687 -0.46883899
v -0.10757635 0.14717650 -0.45733136
v -0.13527800 0.15370756 -0.44809121
v -0.16258810 0.15854824 -0.43635684
v -0.18921299 0.16154484 -0.42399883
v -0.21446750 0.16315840 -0.41045046
v -0.23688333 0.13588159 -0.40449822
v -0.27505875 0.10230423 -0.38176635
v -0.40309319 0.03914497 -0.25155419
v -0.25479639 0.10491665 -0.39843261
v -0.44714174 0.01747719 -0.19021787
v -0.45996475 0.01524894 -0.16612551
v -0.47161317 0.01056194 -0.13987899
v -0.43255678 0.01732352 -0.21187265
v -0.40260375 0.00963991 -0.25144082
v -0.41787392 0.01463425 -0.23228031
v -0.46613157 -0.09431931 -0.02389550
v -0.45281911 -0.11744697 0.02916439
v -0.45859435 -0.10930235 -0.01244456
v -0.44968677 -0.12397804 0.00031023
v -0.45340642 -0.10861082 0.05694148
v -0.46290132 -0.08433063 0.07065994
v -0.46926391 -0.05620861 0.09129435
v -0.45820281 -0.07887526 0.09129435
v -0.46055207 -0.07418826 0.09129435
v -0.46358654 -0.06811821 0.09129435
v -0.47347298 -0.06043460 -0.07157005
v -0.46750197 -0.07879842 -0.06346367
v -0.46818715 -0.01271939 -0.13993569
v -0.47650743 -0.01748323 -0.11119491
v -0.47268990 -0.03853632 -0.10824714
v -0.46720830 -0.05874421 -0.10206815
v 0.41376272 -0.19758701 0.09129435
v 0.45027408 -0.12367070 -0.13897198
v 0.45360219 -0.11137693 -0.16941340
v 0.46231401 -0.07557131 -0.18052423
v 0.47308144 -0.03845948 -0.18511596
v 0.48482773 0.06150427 -0.17995736
v 0.38586530 0.08378673 -0.33919373
v 0.42178935 0.08862741 -0.29599753
v 0.40446359 0.08432458 -0.31799245
v 0.36619028 0.08624548 -0.35960138
v 0.44068128 0.06949522 -0.27043128
v 0.42472592 0.06165794 -0.29407012
v 0.47151527 0.06880369 -0.21465036
v 0.45800704 0.05474269 -0.24050006
v 0.44342208 0.04237208 -0.26589626
v 0.32370791 0.07226132 -0.39729884
v 0.36844167 0.06081274 -0.36067843
v 0.34661317 0.06642178 -0.38012242
v 0.29855129 0.05704777 -0.41538230
v 0.29512531 0.03630203 -0.41815999
v 0.28886062 0.01678566 -0.42093772
v 0.20879014 -0.04130242 -0.44797784
v 0.23022710 -0.04491371 -0.44009823
v 0.28093186 -0.00196234 -0.42394215
v 0.27212217 -0.01986515 -0.42683324
v 0.26243147 -0.03723010 -0.42893070
v 0.25176194 -0.05413404 -0.42966765
v 0.11902897 -0.10684360 -0.43561989
v 0.16239233 -0.10684360 -0.43068802
v 0.14085747 -0.10745829 -0.43318230
v 0.09984338 -0.12974074 -0.42178804
v 0.08016837 -0.15317576 -0.40750265
v 0.05696946 -0.15102434 -0.40908992
v 0.05452232 -0.12466957 -0.42501923
v 0.03367267 -0.14748989 -0.41033706
v 0.01018011 -0.14295655 -0.41192433
v -0.01321457 -0.13780853 -0.41305810
v -0.03631558 -0.13258368 -0.41351157
v -0.04032890 -0.10300179 -0.43023452
v -0.06372357 -0.09777693 -0.42944092
v -0.08662882 -0.09301310 -0.42660648
v -0.09436178 -0.06127980 -0.43879440
v 0.20272122 -0.06135663 -0.44338614
v 0.21955755 -0.08079616 -0.43097147
v 0.19998042 -0.08202554 -0.43550652
v 0.18343775 -0.10523004 -0.42751351
v 0.22317933 -0.09877580 -0.42195809
v 0.20409162 -0.10292496 -0.42462242
v -0.11765858 -0.05728432 -0.43267208
v -0.12803446 -0.02355328 -0.44242245
v -0.13782302 0.01117663 -0.45001861
v -0.12255286 0.04075852 -0.46010906
v -0.10610807 0.09592683 -0.46521097
v -0.12832811 0.07256866 -0.46010906
v -0.10738058 0.12243529 -0.46163964
v -0.13459280 0.12865901 -0.45330650
v -0.16151136 0.13334601 -0.44304597
v -0.18794048 0.13595843 -0.43131161
v -0.21339075 0.13649629 -0.41867018
v -0.23267424 0.10706806 -0.41339821
v -0.26575959 0.06949522 -0.39128992
v -0.37137824 0.02823424 -0.28602046
v -0.24588880 0.07372120 -0.40699250
v -0.42991385 -0.00941544 -0.21022871
v -0.44410729 -0.00803239 -0.18885736
v -0.45693031 -0.00910810 -0.16544524
v -0.41513312 -0.01310357 -0.23023954
v -0.38615897 0.00372353 -0.26907077
v -0.38243932 -0.02470582 -0.26697332
v -0.39907989 -0.01863577 -0.24888986
v -0.46064997 -0.09593287 -0.05325985
v -0.45330852 -0.11275997 -0.04175220
v -0.43891934 -0.13750120 0.01414208
v -0.44126859 -0.13020177 0.04203254
v -0.44479248 -0.12858820 -0.02865729
v -0.43500391 -0.14334074 -0.01397513
v -0.45213389 -0.09746959 0.08182746
v -0.44117072 -0.12082776 0.06895930
v -0.45105717 -0.09239841 0.09129435
v -0.46104151 -0.07803006 -0.09362165
v -0.45448315 -0.09693174 -0.08273757
v -0.45281911 -0.03331146 -0.16249748
v -0.46417385 -0.03546287 -0.13704459
v -0.45879012 -0.05690014 -0.13063887
v -0.45311275 -0.07756905 -0.12230574
v 0.40671495 -0.21318473 0.09129435
v 0.43970242 -0.14441644 -0.15614843
v 0.44048551 -0.13127747 -0.18692997
v 0.45879012 -0.05720748 -0.20648730
v 0.46025842 0.02946362 -0.23222362
v 0.47317934 0.04490767 -0.20626055
v 0.43784261 -0.05305834 -0.25195101
v 0.38880187 0.05750879 -0.33936378
v 0.40798748 0.05743195 -0.31731218
v 0.40984729 0.02961729 -0.31402427
v 0.42717305 0.03361277 -0.28976184
v 0.42717305 -0.02816344 -0.27904785
v 0.32312059 0.04921049 -0.39950967
v 0.38968286 0.03084667 -0.33828670
v 0.36599451 0.01094612 -0.36266252
v 0.34308928 0.01847606 -0.38324022
v 0.32008615 0.02715854 -0.40228736
v 0.31401724 0.00641279 -0.40517846
v 0.22317933 -0.06381539 -0.43664026
v 0.24138606 -0.06911708 -0.42887402
v 0.30530539 -0.01287306 -0.40852305
v 0.29551685 -0.03146740 -0.41203770
v 0.28474942 -0.04906286 -0.41509885
v 0.27212217 -0.06542894 -0.41685617
v 0.25792873 -0.07979729 -0.41810331
v 0.12685983 -0.15363677 -0.40546191
v 0.10728269 -0.17714861 -0.39140332
v 0.10346515 -0.15386727 -0.40636891
v 0.15045027 -0.15233056 -0.40455490
v 0.15524668 -0.17392150 -0.39055300
v 0.19038762 -0.12651363 -0.41470203
v 0.17413861 -0.15025598 -0.40330777
v 0.08320282 -0.17722544 -0.39219692
v 0.05912295 -0.17591923 -0.39299056
v 0.03523884 -0.17322998 -0.39378420
v 0.01174628 -0.16938816 -0.39452112
v -0.01115897 -0.16516218 -0.39508802
v -0.03357479 -0.16085936 -0.39514470
v -0.05550117 -0.15686388 -0.39401096
v -0.05902506 -0.12797351 -0.41254789
v -0.08104934 -0.12359386 -0.40988356
v -0.10248630 -0.11959839 -0.40597209
v -0.13057949 -0.08548316 -0.41441858
v 0.23375098 -0.07987413 -0.42717338
v 0.21250980 -0.12274867 -0.41226447
v 0.24236491 -0.09147638 -0.41929376
v 0.23394676 -0.11629444 -0.40931669
v -0.13997650 -0.05390353 -0.42603964
v -0.14996085 -0.01986515 -0.43561989
v -0.16014096 0.01432691 -0.44253582
v -0.19332419 0.04828846 -0.43692368
v -0.14673062 0.04521501 -0.45279631
v -0.13224354 0.10184321 -0.45755810
v -0.15328896 0.07687148 -0.45183262
v -0.15828113 0.10637654 -0.44848803
v -0.20898591 0.10875846 -0.42649311
v -0.22425607 0.07710199 -0.42071095
v -0.25362176 0.03699356 -0.39622176
v -0.27163273 0.03076983 -0.38034916
v -0.31626859 -0.01018380 -0.33499882
v -0.33447534 -0.00895442 -0.31901282
v -0.35219264 -0.00611149 -0.30274338
v -0.35532498 0.02370091 -0.30200645
v -0.36961630 -0.00180867 -0.28636059
v -0.21339075 0.04582971 -0.42547274
v -0.23394676 0.04229524 -0.41175425
v -0.41111982 -0.03961202 -0.22604464
v -0.43980032 -0.03308095 -0.18522933
v -0.39467502 -0.04537473 -0.24497840
v -0.36501566 -0.03023802 -0.28431982
v -0.37695771 -0.05159845 -0.26283509
v -0.44635865 -0.11460404 -0.07037960
v -0.43764684 -0.13112380 -0.05654775
v -0.42345342 -0.15647970 0.00155737
v -0.42648786 -0.14987180 0.02848414
v -0.38625684 -0.19174747 0.04628414
v -0.42785826 -0.14203452 0.05518413
v -0.42873922 -0.14710571 -0.04118532
v -0.41806969 -0.16132037 -0.02474582
v -0.44185591 -0.10761195 0.09129435
v -0.43999609 -0.11022438 0.09129435
v -0.42785826 -0.13250685 0.08103383
v -0.44626078 -0.09685490 -0.11142166
v -0.43813625 -0.11567975 -0.09747643
v -0.43539545 -0.05728432 -0.17910704
v -0.44812059 -0.05613178 -0.15643187
v -0.44263899 -0.07795323 -0.14764524
v -0.43627644 -0.09831479 -0.13642102
v 0.40054816 -0.22478698 0.09129435
v 0.40270165 -0.16462433 -0.22162297
v 0.39389193 -0.23723443 0.09129435
v 0.38449490 -0.25244796 0.09129435
v 0.38302663 -0.25475305 0.09129435
v 0.37000784 -0.26996660 0.07627204
v 0.35493344 -0.28633267 0.06017268
v 0.34318715 -0.29232591 0.02128476
v 0.32772121 -0.29624456 -0.04623055
v 0.38380972 -0.19266950 -0.20694080
v 0.41904855 -0.13227634 -0.23381087
v 0.43069693 -0.09454982 -0.24526185
v 0.42325765 -0.07511029 -0.27060133
v 0.40456146 -0.02416797 -0.31334403
v 0.38380972 -0.01978831 -0.34066761
v 0.38811669 0.00526025 -0.33834341
v 0.41111982 -0.06051144 -0.29577076
v 0.36119813 -0.01294990 -0.36544025
v 0.33780345 -0.00388324 -0.38641477
v 0.32928738 -0.02462899 -0.39083642
v 0.31871575 -0.04414535 -0.39548483
v 0.30608848 -0.06258601 -0.39928293
v 0.29140565 -0.07956678 -0.40217400
v 0.25518793 -0.10745829 -0.40670902
v 0.27427566 -0.09454982 -0.40421477
v 0.13126469 -0.17591923 -0.39100647
v 0.13606109 -0.19766384 -0.37626761
v 0.11119812 -0.19920057 -0.37615424
v 0.17942443 -0.17069438 -0.38902241
v 0.16043462 -0.19466724 -0.37553066
v 0.19763117 -0.14679836 -0.40126699
v 0.08633516 -0.19973843 -0.37638098
v 0.06137431 -0.19858588 -0.37638098
v 0.03690290 -0.19697233 -0.37660775
v 0.01321457 -0.19443673 -0.37632430
v -0.00939702 -0.19105594 -0.37553066
v -0.03142130 -0.18759832 -0.37485042
v -0.05295615 -0.18429437 -0.37371665
v -0.07409945 -0.18091358 -0.37133577
v -0.07703602 -0.15309891 -0.39146000
v -0.09788567 -0.14887293 -0.38720840
v -0.16043462 -0.14057463 -0.37110901
v -0.14418559 -0.11368201 -0.39344406
v -0.16503523 -0.11245263 -0.38579118
v -0.15172279 -0.08348542 -0.40670902
v 0.22112373 -0.14172718 -0.39871603
v 0.24432263 -0.13388990 -0.39548483
v -0.16111982 -0.05152161 -0.41850013
v -0.17120203 -0.01809792 -0.42808038
v -0.18157792 0.01547945 -0.43431604
v -0.20213391 0.01448058 -0.42422560
v -0.22288567 0.01063878 -0.41294470
v -0.20203602 0.07963758 -0.43216193
v -0.24246280 0.00526025 -0.39843261
v -0.26164839 -0.00073296 -0.38307017
v -0.28024668 -0.00626516 -0.36708418
v -0.29815975 -0.00949228 -0.35098481
v -0.34671104 -0.03438717 -0.30070263
v -0.29091620 -0.03845948 -0.34945422
v -0.40691072 -0.06450691 -0.22020578
v -0.38958496 -0.06996228 -0.23845929
v -0.35835943 -0.05705381 -0.27950135
v -0.37108457 -0.07618599 -0.25586247
v -0.43010962 -0.13365939 -0.08307770
v -0.42110416 -0.15010232 -0.06692164
v -0.40622553 -0.17407517 -0.00819296
v -0.38175410 -0.19735651 0.02287203
v -0.38674629 -0.18329550 0.07031980
v -0.41415426 -0.15340626 0.06844911
v -0.36990994 -0.20795988 0.03721407
v -0.33183241 -0.23569770 0.08369815
v -0.34494910 -0.22132936 0.09129435
v -0.41141346 -0.16546953 -0.04985857
v -0.40005875 -0.17891584 -0.03222863
v -0.42746672 -0.12720516 0.09129435
v -0.41552466 -0.14180401 0.09129435
v -0.41816759 -0.12067409 -0.14605798
v -0.42854345 -0.11706279 -0.12309937
v -0.41669929 -0.08302441 -0.19146501
v -0.43001175 -0.07972046 -0.17015034
v -0.42492169 -0.10108089 -0.15937963
v 0.38194987 -0.18237346 -0.23698540
v 0.39917776 -0.15102434 -0.25013700
v 0.36374316 -0.27864909 0.09129435
v 0.35933828 -0.28387392 0.09129435
v 0.35277995 -0.29078919 0.09129435
v 0.34504700 -0.29831910 0.08335805
v 0.33780345 -0.30200726 0.04520707
v 0.32635081 -0.30262196 -0.01851016
v 0.30824196 -0.31307167 -0.05790827
v 0.30961236 -0.30569535 -0.08591209
v 0.31157008 -0.29624456 -0.11232866
v 0.36374316 -0.21856326 -0.19078475
v 0.36364526 -0.20988078 -0.22037584
v 0.39310884 -0.13657916 -0.27598670
v 0.41346908 -0.11491138 -0.26164466
v 0.37343383 -0.11283681 -0.32054341
v 0.39408770 -0.05182896 -0.32218736
v 0.37548944 -0.04460637 -0.34622303
v 0.37940484 -0.07779956 -0.33074722
v 0.35258418 -0.03553971 -0.37008864
v 0.34103367 -0.05651596 -0.37587082
v 0.32625294 -0.07603233 -0.38097274
v 0.28895849 -0.10984020 -0.38873896
v 0.30882928 -0.09393513 -0.38499755
v 0.25371966 -0.15117802 -0.38114280
v 0.26742366 -0.12320968 -0.39202687
v 0.11648395 -0.21948530 -0.36028165
v 0.16738449 -0.21441412 -0.35897779
v 0.14222787 -0.21733388 -0.35965806
v 0.20389585 -0.16616105 -0.38692495
v 0.18500392 -0.19051810 -0.37411350
v 0.09054425 -0.22017682 -0.35988480
v 0.06489820 -0.21979263 -0.35954469
v 0.04003524 -0.21902427 -0.35875106
v 0.01615114 -0.21779490 -0.35710710
v -0.04962803 -0.20988078 -0.35121155
v -0.07057557 -0.20711468 -0.34917080
v -0.09113156 -0.20342655 -0.34554279
v -0.09475332 -0.17707178 -0.36725426
v -0.11119812 -0.19897006 -0.34044087
v -0.15534456 -0.16531585 -0.35081476
v -0.17570478 -0.16285710 -0.34304851
v -0.18118638 -0.13880740 -0.36203897
v -0.18598278 -0.11206845 -0.37694788
v -0.17227878 -0.08264023 -0.39860266
v 0.22875881 -0.16001417 -0.38443071
v -0.18148004 -0.05059958 -0.40999693
v -0.21202037 -0.02063351 -0.40880650
v -0.23218481 -0.02501317 -0.39616507
v -0.25215349 -0.03062220 -0.38165298
v -0.27192640 -0.03584705 -0.36640394
v -0.30951449 -0.03861315 -0.33273131
v -0.33985904 -0.06135663 -0.29577076
v -0.28269380 -0.06535211 -0.34440902
v -0.30197728 -0.06550578 -0.32751602
v -0.36648396 -0.09946733 -0.24667904
v -0.40103757 -0.08701988 -0.21073890
v -0.34808144 -0.10638258 -0.26362872
v -0.42032108 -0.13511927 -0.10830382
v -0.41180500 -0.15271474 -0.09107070
v -0.40270165 -0.16892715 -0.07338406
v -0.38772514 -0.19082543 -0.01505220
v -0.33104932 -0.24076889 -0.04742099
v -0.31558341 -0.25390786 -0.05212609
v -0.32165232 -0.24530222 0.06725866
v -0.26673844 -0.27104229 0.09129435
v -0.33564997 -0.22962765 0.09129435
v -0.39222789 -0.18314183 -0.05507387
v -0.40436569 -0.12397804 -0.16663569
v -0.36785436 -0.15348309 -0.18914080
v -0.36158967 -0.17054071 -0.17309812
v -0.39712217 -0.14218819 -0.15121658
v -0.35591230 -0.18675312 -0.15665862
v -0.40974942 -0.13819271 -0.13046880
v -0.37362960 -0.13473509 -0.20393634
v -0.41014096 -0.10384699 -0.17973061
v -0.35708693 -0.14180401 -0.22190642
v 0.37725136 -0.17046387 -0.26447904
v 0.35963196 -0.20019944 -0.24900325
v 0.34034848 -0.30169988 0.09129435
v 0.32732967 -0.31161177 0.06918606
v 0.31881362 -0.31722081 0.03296247
v 0.32400158 -0.30946034 0.00796311
v 0.30657792 -0.31937218 -0.02979106
v 0.28788176 -0.32866937 -0.06811209
v 0.28954580 -0.32144678 -0.09662611
v 0.29160142 -0.31245697 -0.12377962
v 0.34122944 -0.22739941 -0.23063636
v 0.36971417 -0.15840061 -0.28885484
v 0.38400549 -0.12390120 -0.29877523
v 0.35992560 -0.14687519 -0.31045294
v 0.34935397 -0.13504244 -0.33018035
v 0.35992560 -0.10123456 -0.34078097
v 0.36207908 -0.06796454 -0.35387588
v 0.34426391 -0.08901762 -0.36101857
v 0.32468677 -0.10814981 -0.36702749
v 0.27838683 -0.13957576 -0.37723130
v 0.30217305 -0.12505375 -0.37229946
v 0.26213783 -0.16800512 -0.36606380
v 0.23600236 -0.17768647 -0.36940837
v 0.12323806 -0.23777229 -0.34299183
v 0.09690681 -0.23923217 -0.34293514
v 0.14927565 -0.23585138 -0.34202814
v 0.19195379 -0.20926610 -0.35733384
v 0.17482381 -0.23300844 -0.34078097
v 0.21016054 -0.18475538 -0.37195933
v 0.07096711 -0.23946267 -0.34180138
v 0.04629992 -0.23969318 -0.33998734
v 0.02251370 -0.23877116 -0.33681282
v -0.00048943 -0.23777229 -0.33358163
v -0.02280736 -0.23577455 -0.33063385
v -0.04424432 -0.23385364 -0.32768607
v -0.06489820 -0.23139489 -0.32502174
v -0.08516053 -0.22755308 -0.32156378
v -0.10542287 -0.22371128 -0.31770900
v -0.12568520 -0.21948530 -0.31289053
v -0.15084182 -0.19074860 -0.32933003
v -0.20184025 -0.13757803 -0.35166508
v -0.17041895 -0.18759832 -0.32247078
v -0.25185981 -0.18245029 -0.28216568
v -0.25704777 -0.16162772 -0.29877523
v -0.20683242 -0.11176111 -0.36663067
v -0.23355521 -0.08625153 -0.36708418
v -0.21250980 -0.08394644 -0.37881857
v -0.19234534 -0.08248655 -0.38919246
v -0.20164448 -0.05182896 -0.40047336
v -0.22171104 -0.05451822 -0.38936251
v -0.24226703 -0.05905155 -0.37643769
v -0.26292092 -0.06312387 -0.36135870
v -0.32830852 -0.11168427 -0.27893448
v -0.31411511 -0.08978599 -0.30370709
v -0.27515662 -0.09078486 -0.33698291
v -0.29483163 -0.09093852 -0.32003319
v -0.36168754 -0.12121195 -0.23488796
v -0.32488254 -0.13504244 -0.26895738
v -0.40152702 -0.15548083 -0.11385924
v -0.39261943 -0.17192376 -0.09554904
v -0.38263509 -0.18667629 -0.07689872
v -0.32175019 -0.24584007 -0.06635477
v -0.27545029 -0.27711236 0.03386948
v -0.31391934 -0.25137228 0.05949241
v -0.30090055 -0.24553272 -0.11215860
v -0.25401330 -0.27864909 -0.08721592
v -0.26615113 -0.27818805 -0.06113948
v -0.26203993 -0.28302872 -0.04294264
v -0.27515662 -0.27680498 -0.03222863
v -0.27026233 -0.27972478 -0.01278467
v -0.26987079 -0.27488410 0.06606823
v -0.26389977 -0.27257901 0.09129435
v -0.35121378 -0.16039835 -0.20705418
v -0.30990604 -0.19305368 -0.22644144
v -0.33956540 -0.19313052 -0.17496882
v -0.30031323 -0.22209772 -0.18987775
v -0.33388802 -0.20649999 -0.15631849
v -0.34847298 -0.19989209 -0.13766816
v 0.35336727 -0.19021074 -0.27507967
v 0.33574784 -0.21848643 -0.25807330
v 0.32958105 -0.30961400 0.09129435
v 0.30882928 -0.32528859 0.05790517
v 0.29776821 -0.33105129 0.02321215
v 0.30324981 -0.32498121 -0.00263754
v 0.28553250 -0.33404791 -0.03942800
v 0.26664057 -0.34249985 -0.07769234
v 0.26820675 -0.33535409 -0.10654650
v 0.26938137 -0.32598013 -0.13370001
v 0.27075177 -0.31545359 -0.15903951
v 0.29355913 -0.30108523 -0.14872231
v 0.27222005 -0.30408180 -0.18239494
v 0.31685591 -0.24330448 -0.23828922
v 0.34455755 -0.17930003 -0.29854849
v 0.33359435 -0.16731359 -0.31901282
v 0.33750978 -0.12198030 -0.34877399
v 0.32341427 -0.15417463 -0.33771986
v 0.31342992 -0.14026730 -0.35563320
v 0.28807753 -0.15548083 -0.36147207
v 0.24383320 -0.19474408 -0.35347909
v 0.27036023 -0.18406387 -0.34968099
v 0.21720830 -0.20273502 -0.35574660
v 0.13126469 -0.25598246 -0.32462493
v 0.10610807 -0.25767285 -0.32473832
v 0.08114722 -0.25867170 -0.32309437
v 0.15691073 -0.25390786 -0.32320774
v 0.19998042 -0.22701523 -0.33913702
v 0.18285044 -0.25037339 -0.32173383
v 0.05667580 -0.25851804 -0.31997651
v 0.03249804 -0.25828749 -0.31617844
v 0.00871182 -0.25744230 -0.31198353
v -0.01399765 -0.25613612 -0.30778861
v -0.03572827 -0.25482988 -0.30336696
v -0.05677369 -0.25313950 -0.29928541
v -0.09768990 -0.24514854 -0.29282302
v -0.11834378 -0.24061522 -0.28902492
v -0.13919342 -0.23654291 -0.28437650
v -0.14565387 -0.21525931 -0.30716506
v -0.22768207 -0.11229896 -0.35478291
v -0.26350823 -0.13896108 -0.31368417
v -0.24706343 -0.20127514 -0.26357204
v -0.29003525 -0.19635764 -0.23908286
v -0.27290526 -0.18045257 -0.26839051
v -0.27760375 -0.16070569 -0.28443319
v -0.16532889 -0.21118699 -0.30036250
v -0.18500392 -0.20780621 -0.29265293
v -0.28406420 -0.13995995 -0.29939881
v -0.25440484 -0.08894078 -0.35291219
v -0.30442443 -0.13850006 -0.28409308
v -0.29864919 -0.15878479 -0.26992109
v -0.31920516 -0.15486614 -0.25495547
v -0.37216133 -0.19021074 -0.09764650
v -0.29561472 -0.23200957 -0.16765608
v -0.25753719 -0.27765024 0.08335805
v -0.25802663 -0.28625584 -0.02451907
v -0.24089663 -0.29317111 -0.01675282
v -0.23903680 -0.29340160 0.00014018
v -0.20164448 -0.30469650 0.04537714
v -0.20027408 -0.30354398 0.06011599
v -0.25832027 -0.27142650 -0.10365541
v -0.25000000 -0.28448862 -0.07037960
v -0.24030931 -0.27572930 -0.11385924
v -0.23600236 -0.28287506 -0.09668280
v -0.23228270 -0.28925246 -0.07956304
v -0.24657400 -0.28894514 -0.05274966
v -0.24334377 -0.29186487 -0.03455284
v -0.25479639 -0.27634400 0.09129435
v -0.28572828 -0.21280056 -0.22145291
v -0.28142130 -0.22701523 -0.20178220
v 0.32762334 -0.20842090 -0.28341281
v 0.31019968 -0.23423782 -0.26504594
v 0.31519186 -0.31975639 0.09129435
v 0.30941659 -0.32367504 0.09129435
v 0.29561472 -0.33320272 0.08318797
v 0.28876272 -0.33796656 0.04821153
v 0.27613547 -0.34434396 0.01436883
v 0.28171495 -0.33896542 -0.01187767
v 0.26399764 -0.34749418 -0.04878150
v 0.24422474 -0.35410213 -0.08761273
v 0.24510571 -0.34672582 -0.11612675
v 0.24549726 -0.33750552 -0.14305352
v 0.24598669 -0.32751685 -0.16827965
v 0.24637823 -0.31668293 -0.19174844
v 0.27094755 -0.28156883 -0.22695164
v 0.29189506 -0.25782651 -0.24452490
v 0.31754112 -0.19712600 -0.30614465
v 0.30696946 -0.18452488 -0.32643896
v 0.29708302 -0.17061755 -0.34463578
v 0.25244713 -0.21064915 -0.33596253
v 0.22562647 -0.21963897 -0.33811665
v 0.27956146 -0.19889322 -0.33171093
v 0.13968284 -0.27426940 -0.30501091
v 0.09250196 -0.27718920 -0.30308351
v 0.11570086 -0.27603668 -0.30472746
v 0.16523100 -0.27142650 -0.30376378
v 0.19185591 -0.26627845 -0.30194977
v 0.20898591 -0.24361183 -0.31991982
v 0.06910728 -0.27695870 -0.29956886
v 0.02153485 -0.27642083 -0.29083893
v 0.08232184 -0.29632139 -0.27814084
v 0.05961237 -0.29624456 -0.27366248
v -0.00146828 -0.27557564 -0.28556696
v -0.06783477 -0.26873720 -0.27037460
v -0.02398199 -0.27434623 -0.28001153
v -0.01145262 -0.29217225 -0.25818670
v -0.04610415 -0.27219486 -0.27479625
v -0.11090446 -0.25890219 -0.26464909
v -0.08936962 -0.26412708 -0.26742682
v -0.15377839 -0.24983555 -0.25603256
v -0.15965153 -0.23208641 -0.27831089
v -0.20046985 -0.22471015 -0.26306185
v -0.24843383 -0.11345150 -0.34061092
v -0.23933046 -0.23492935 -0.22440068
v -0.24980423 -0.27834171 0.09129435
v -0.19802271 -0.30100840 0.07406121
v -0.22513704 -0.29862648 -0.02621971
v -0.18627644 -0.31238014 -0.00773945
v -0.18559124 -0.31268746 0.00887011
v -0.20281911 -0.30523437 0.03041151
v -0.18441661 -0.31222647 0.02496947
v -0.16483946 -0.31629878 0.05405039
v -0.14663273 -0.31983322 0.06856248
v -0.14565387 -0.31637561 0.08562556
v -0.18079484 -0.30738580 0.07241726
v -0.22905247 -0.26466489 -0.16142040
v -0.22905247 -0.29378581 -0.06198980
v -0.22122161 -0.28033948 -0.12343950
v -0.19723962 -0.29217225 -0.11414268
v -0.17668363 -0.29732025 -0.12168217
v -0.17325763 -0.30315977 -0.10337197
v -0.14956930 -0.31360948 -0.09101401
v -0.16885278 -0.31253380 -0.06697834
v -0.21025842 -0.29831910 -0.07049298
v -0.22680110 -0.29708976 -0.04413310
v -0.25675410 -0.24138358 -0.19203188
v -0.21104151 -0.26143777 -0.19152169
v 0.30080265 -0.22371128 -0.28970516
v 0.28425997 -0.24822199 -0.27048796
v 0.29013312 -0.33558464 0.09129435
v 0.27779952 -0.34249985 0.09129435
v 0.27623335 -0.34488177 0.07304084
v 0.26732576 -0.34987611 0.03897139
v 0.25978857 -0.35141283 -0.02111781
v 0.24138606 -0.35840493 -0.05887195
v 0.21779561 -0.36762524 -0.06941591
v 0.21965544 -0.36240041 -0.09764650
v 0.21994910 -0.35525465 -0.12553695
v 0.21965544 -0.34664899 -0.15206690
v 0.21955755 -0.33704448 -0.17712295
v 0.24559514 -0.30485016 -0.21345991
v 0.26605326 -0.27111912 -0.25070387
v 0.21906812 -0.32621062 -0.20036501
v 0.29023102 -0.21226270 -0.31221026
v 0.26272514 -0.22509433 -0.31663191
v 0.23561081 -0.23515986 -0.31889945
v 0.14663273 -0.29109651 -0.28522682
v 0.12362960 -0.29424679 -0.28414977
v 0.10297573 -0.29616773 -0.28159881
v 0.17296398 -0.28671688 -0.28420645
v 0.21945967 -0.25851804 -0.30019245
v 0.20144871 -0.28049314 -0.28210899
v 0.04962803 -0.31360948 -0.24730261
v 0.09876664 -0.31622195 -0.25552234
v -0.03474941 -0.28909880 -0.25217777
v 0.03543461 -0.32713264 -0.22043253
v -0.08124511 -0.28026265 -0.24373126
v -0.12646829 -0.26842988 -0.23766565
v -0.21348864 -0.25037339 -0.21209940
v -0.14545810 -0.31499255 0.09129435
v -0.20702820 -0.30431235 -0.03489296
v 0.00234926 -0.37346482 -0.01097067
v -0.00440485 -0.37177444 0.00767966
v 0.01145262 -0.37615407 0.02950451
v 0.02525450 -0.37784445 0.05331343
v 0.01605325 -0.37238908 0.07065994
v 0.00646045 -0.36593485 0.08681601
v -0.11296006 -0.32790101 0.08216760
v -0.12901331 -0.32067841 0.09129435
v -0.20820282 -0.26981294 -0.17071722
v -0.20497259 -0.27765024 -0.15093315
v -0.18882145 -0.30707842 -0.06017578
v -0.20830071 -0.30185360 -0.05269298
v -0.20125294 -0.28502649 -0.13233951
v -0.18010963 -0.29032815 -0.13999237
v -0.15808536 -0.29609084 -0.14651148
v -0.10826155 -0.31537670 -0.13727134
v -0.08144088 -0.32843888 -0.12151211
v -0.05471809 -0.34065580 -0.10484586
v -0.16787392 -0.31537670 -0.04878150
v -0.03122553 -0.35517782 -0.06941591
v -0.00998434 -0.36555070 -0.05048214
v -0.01566171 -0.36585802 -0.03149170
v -0.09827721 -0.28702420 -0.21895865
v -0.09328505 -0.29801178 -0.19826755
v -0.11403681 -0.30093157 -0.17530894
v -0.16102193 -0.28863776 -0.16544524
v -0.18353564 -0.28310555 -0.15898283
v 0.27417776 -0.23761861 -0.29486376
v 0.25783086 -0.26043892 -0.27490962
v 0.26341033 -0.34995294 0.09129435
v 0.25538370 -0.35494733 0.06249687
v 0.24481206 -0.36040264 0.02854082
v 0.23120596 -0.36639589 -0.00660570
v 0.23698121 -0.36232358 -0.03166175
v 0.21348864 -0.37200493 -0.04311271
v 0.18921299 -0.38137895 -0.05473374
v 0.16777603 -0.38422185 -0.09112738
v 0.16797180 -0.37715292 -0.11805414
v 0.16630775 -0.36816311 -0.14515097
v 0.19234534 -0.35302639 -0.16130704
v 0.19146436 -0.34380609 -0.18641979
v 0.24363743 -0.29332477 -0.23488796
v 0.21769772 -0.31468523 -0.22167966
v 0.23874314 -0.28218353 -0.25693956
v 0.18970242 -0.33327955 -0.20920832
v 0.24706343 -0.24899036 -0.29809499
v 0.15182067 -0.30415869 -0.26856059
v 0.13136257 -0.30531120 -0.27060133
v 0.12176977 -0.31360948 -0.26079434
v 0.17922866 -0.30016321 -0.26606631
v 0.20957322 -0.29271007 -0.26215485
v 0.07449099 -0.31514621 -0.25115737
v 0.08848865 -0.33312589 -0.22893572
v 0.06137431 -0.33020610 -0.22519432
v 0.13087314 -0.32590330 -0.24282426
v -0.02417776 -0.30423552 -0.23069304
v 0.07028191 -0.34388292 -0.20257583
v 0.04248238 -0.33958012 -0.19775736
v 0.01556382 -0.33466256 -0.19356246
v 0.00959280 -0.32259929 -0.21493380
v -0.04904072 -0.29931802 -0.22564782
v -0.07400157 -0.29347843 -0.22196311
v 0.03602193 -0.38099474 -0.02718341
v 0.02750587 -0.38022637 -0.00785282
v 0.01928348 -0.37907386 0.01108094
v 0.03435787 -0.38214731 0.03517331
v 0.04639781 -0.38176310 0.06130645
v 0.03572827 -0.37623090 0.07904977
v 0.02750587 -0.37131339 0.09129435
v 0.01566171 -0.36777896 0.09129435
v 0.00763508 -0.36524338 0.09129435
v 0.00303446 -0.36378348 0.09129435
v -0.08574785 -0.31583774 -0.15949301
v -0.00313234 -0.34495860 -0.14741848
v 0.08799922 -0.38291562 -0.10739682
v -0.02819107 -0.35225803 -0.08789617
v 0.08545419 -0.38660377 -0.08528852
v 0.11256852 -0.39497894 -0.08069681
v -0.01076742 -0.32843888 -0.18914080
v -0.08917385 -0.30761629 -0.17871022
v 0.22993344 -0.27104229 -0.27893448
v 0.25195771 -0.35471678 0.09129435
v 0.23326156 -0.36447501 0.05087586
v 0.22220047 -0.36977667 0.01623954
v 0.20732185 -0.37630773 -0.01896366
v 0.18255678 -0.38475972 -0.03115156
v 0.16425215 -0.38944674 -0.06556113
v 0.14183633 -0.38960040 -0.10014077
v 0.14124902 -0.38168627 -0.12718090
v 0.16405638 -0.35825127 -0.17128411
v 0.15984730 -0.34910774 -0.19611341
v 0.21495692 -0.30362082 -0.24214400
v 0.18705952 -0.32252246 -0.22950259
v 0.15240799 -0.31576091 -0.25376502
v 0.18373141 -0.31145811 -0.24786949
v 0.11971417 -0.33343321 -0.23040961
v 0.09788567 -0.34711003 -0.20490004
v 0.12764291 -0.34787840 -0.20285927
v 0.15544245 -0.32598013 -0.23636183
v 0.10943618 -0.37092924 -0.15767901
v 0.07595928 -0.35494733 -0.17854016
v 0.04815975 -0.35002983 -0.17462869
v 0.02055599 -0.34411341 -0.17139748
v -0.00675411 -0.33735186 -0.16816626
v -0.01634691 -0.31706715 -0.20983189
v 0.10542287 -0.39536309 -0.05717131
v 0.05227095 -0.38652694 -0.00263754
v 0.04316758 -0.38506705 0.01652297
v 0.06685591 -0.38960040 0.02372235
v 0.05677369 -0.38614279 0.04276949
v 0.06714957 -0.38383770 0.07037652
v 0.05491386 -0.37853599 0.08863002
v 0.05295615 -0.37746030 0.09129435
v 0.08633516 -0.37584674 -0.13024205
v 0.11521143 -0.39059925 -0.10597962
v 0.13860610 -0.39405686 -0.07412101
v 0.13146046 -0.39482522 -0.04980189
v 0.23933046 -0.35994166 0.08398160
v 0.23247847 -0.36147839 0.09129435
v 0.21084574 -0.37285012 0.03772426
v 0.19861002 -0.37845916 0.00325800
v 0.18813625 -0.38038003 0.02474272
v 0.17394283 -0.38583541 -0.00875984
v 0.15720439 -0.39136761 -0.04158214
v 0.11403681 -0.38191676 -0.13256624
v 0.11305795 -0.39405686 -0.00688913
v 0.09631950 -0.39459473 -0.03574328
v 0.07693814 -0.39221281 0.00450514
v 0.09093579 -0.39082974 0.03216885
v 0.07909162 -0.38791001 0.05149943
v 0.06000391 -0.37853599 0.09129435
v 0.08790133 -0.38368398 0.08012682
v 0.07967894 -0.38053375 0.09129435
v 0.05540329 -0.37792128 0.09129435
v 0.12274863 -0.39436424 -0.02752353
v 0.14859045 -0.39106029 -0.01896366
v 0.13909553 -0.39090657 0.00240768
v 0.21945967 -0.36532021 0.09129435
v 0.19635865 -0.37523204 0.05813190
v 0.17453015 -0.38222414 0.04526375
v 0.16435003 -0.38668060 0.01278158
v 0.15191856 -0.38714164 0.03307585
v 0.12764291 -0.39067608 0.02219178
v 0.10229053 -0.39313483 0.01283826
v 0.11481989 -0.38990772 0.04169242
v 0.10131167 -0.38752580 0.06107968
v 0.10728269 -0.38176310 0.09129435
v 0.20037197 -0.37062186 0.09129435
v 0.17981598 -0.37699926 0.07802936
v 0.15896633 -0.38253146 0.06527460
v 0.13743149 -0.38683426 0.05285993
v 0.12265074 -0.38537443 0.07230389
v 0.10845732 -0.38176310 0.09129435
v 0.19929522 -0.37085235 0.09129435
v 0.16806969 -0.37692243 0.09129435
v 0.16170713 -0.37799811 0.09129435
v 0.14281519 -0.38160944 0.08477524
v 0.13723572 -0.38053375 0.09129435
v 0.15260376 -0.37922752 0.09129435
f 1 2 3
f 1 3 4
f 1 4 5
f 1 5 6
f 1 6 7
f 1 7 2
f 2 8 9
f 2 9 3
f 2 7 10
f 2 10 11
f 2 11 12
f 2 12 13
f 2 13 14
f 2 14 8
f 3 9 8
f 3 8 15
f 3 15 4
f 4 15 16
f 4 16 17
f 4 17 18
f 4 18 5
f 5 18 19
f 5 19 20
f 5 20 6
f 6 20 21
f 6 21 22
f 6 22 7
f 7 22 23
f 7 23 10
f 8 14 15
f 10 24 25
f 10 25 26
f 10 26 27
f 10 27 11
f 10 23 28
f 10 28 29
f 10 29 30
f 10 30 31
f 10 31 32
f 10 32 33
f 10 33 24
f 11 27 34
f 11 34 35
f 11 35 12
f 12 34 36
f 12 36 37
f 12 37 38
f 12 38 14
f 12 14 13
f 12 35 34
f 14 38 39
f 14 39 40
f 14 40 41
f 14 41 15
f 15 41 42
f 15 42 16
f 16 43 17
f 16 42 43
f 17 43 44
f 17 44 45
f 17 45 18
f 18 45 46
f 18 46 19
f 19 47 48
f 19 48 20
f 19 46 47
f 20 48 49
f 20 49 50
f 20 50 21
f 21 50 51
f 21 51 22
f 22 51 52
f 22 52 23
f 23 52 28
f 24 33 32
f 24 32 31
f 24 31 30
f 24 30 58
f 24 58 84
f 24 84 114
f 24 114 159
f 24 159 165
f 24 165 164
f 24 164 163
f 24 163 223
f 24 223 222
f 24 222 221
f 24 221 286
f 24 286 349
f 24 349 348
f 24 348 415
f 24 415 482
f 24 482 481
f 24 481 550
f 24 550 549
f 24 549 617
f 24 617 692
f 24 692 775
f 24 775 774
f 24 774 766
f 24 766 765
f 24 765 764
f 24 764 763
f 24 763 845
f 24 845 848
f 24 848 847
f 24 847 846
f 24 846 933
f 24 933 1019
f 24 1019 1020
f 24 1020 1102
f 24 1102 1103
f 24 1103 1099
f 24 1099 1175
f 24 1175 1174
f 24 1174 1257
f 24 1257 1331
f 24 1331 1378
f 24 1378 1433
f 24 1433 1442
f 24 1442 1506
f 24 1506 1505
f 24 1505 1504
f 24 1504 1503
f 24 1503 1547
f 24 1547 1568
f 24 1568 1565
f 24 1565 1567
f 24 1567 1581
f 24 1581 1587
f 24 1587 1592
f 24 1592 1593
f 24 1593 1590
f 24 1590 1589
f 24 1589 1588
f 24 1588 1582
f 24 1582 1572
f 24 1572 1553
f 24 1553 1516
f 24 1516 1464
f 24 1464 1404
f 24 1404 1403
f 24 1403 1337
f 24 1337 1336
f 24 1336 1266
f 24 1266 1188
f 24 1188 1113
f 24 1113 1112
f 24 1112 1111
f 24 1111 1032
f 24 1032 1031
f 24 1031 1030
f 24 1030 1028
f 24 1028 940
f 24 940 855
f 24 855 777
f 24 777 695
f 24 695 622
f 24 622 551
f 24 551 485
f 24 485 420
f 24 420 484
f 24 484 483
f 24 483 416
f 24 416 351
f 24 351 350
f 24 350 356
f 24 356 291
f 24 291 290
f 24 290 296
f 24 296 287
f 24 287 225
f 24 225 168
f 24 168 119
f 24 119 112
f 24 112 81
f 24 81 53
f 24 53 26
f 24 26 25
f 26 53 27
f 27 53 54
f 27 54 34
f 28 52 55
f 28 55 56
f 28 56 29
f 29 56 30
f 30 56 55
f 30 55 57
f 30 57 58
f 34 54 59
f 34 59 60
f 34 60 36
f 36 61 62
f 36 62 37
f 36 60 61
f 37 62 63
f 37 63 64
f 37 64 39
f 37 39 38
f 39 64 40
f 40 65 66
f 40 66 42
f 40 42 41
f 40 64 67
f 40 67 68
f 40 68 65
f 42 66 43
f 43 69 70
f 43 70 44
f 43 66 69
f 44 71 45
f 44 70 71
f 45 71 72
f 45 72 46
f 46 72 73
f 46 73 74
f 46 74 47
f 47 75 48
f 47 74 75
f 48 75 76
f 48 76 49
f 49 76 50
f 50 76 77
f 50 77 51
f 51 77 78
f 51 78 79
f 51 79 52
f 52 79 80
f 52 80 55
f 53 81 82
f 53 82 54
f 54 82 59
f 55 80 83
f 55 83 57
f 57 84 58
f 57 83 85
f 57 85 84
f 59 82 86
f 59 86 87
f 59 87 61
f 59 61 60
f 61 87 88
f 61 88 62
f 62 88 89
f 62 89 63
f 63 89 90
f 63 90 91
f 63 91 64
f 64 91 67
f 65 68 92
f 65 92 93
f 65 93 94
f 65 94 95
f 65 95 96
f 65 96 70
f 65 70 66
f 66 70 69
f 67 97 68
f 67 91 98
f 67 98 97
f 68 97 92
f 70 96 72
f 70 72 71
f 72 96 73
f 73 96 99
f 73 99 74
f 74 99 100
f 74 100 101
f 74 101 102
f 74 102 75
f 75 102 103
f 75 103 104
f 75 104 105
f 75 105 76
f 76 105 106
f 76 106 77
f 77 106 107
f 77 107 108
f 77 108 78
f 78 108 109
f 78 109 79
f 79 109 110
f 79 110 80
f 80 110 111
f 80 111 83
f 81 112 82
f 82 112 86
f 83 111 113
f 83 113 85
f 84 85 114
f 85 115 116
f 85 116 117
f 85 117 114
f 85 113 115
f 86 118 87
f 86 112 119
f 86 119 118
f 87 120 88
f 87 118 120
f 88 120 121
f 88 121 122
f 88 122 89
f 89 122 123
f 89 123 90
f 90 123 124
f 90 124 125
f 90 125 91
f 91 125 98
f 92 97 126
f 92 126 127
f 92 127 93
f 93 128 129
f 93 129 130
f 93 130 131
f 93 131 94
f 93 127 126
f 93 126 132
f 93 132 133
f 93 133 134
f 93 134 128
f 94 131 135
f 94 135 136
f 94 136 95
f 95 137 138
f 95 138 96
f 95 136 137
f 96 138 139
f 96 139 140
f 96 140 99
f 97 98 141
f 97 141 126
f 98 125 142
f 98 142 141
f 99 140 100
f 100 140 139
f 100 139 101
f 101 143 144
f 101 144 103
f 101 103 102
f 101 139 145
f 101 145 143
f 103 144 146
f 103 146 104
f 104 146 147
f 104 147 105
f 105 147 148
f 105 148 106
f 106 148 149
f 106 149 107
f 107 149 150
f 107 150 108
f 108 150 151
f 108 151 152
f 108 152 153
f 108 153 154
f 108 154 155
f 108 155 109
f 109 155 156
f 109 156 110
f 110 156 157
f 110 157 158
f 110 158 111
f 111 158 113
f 113 158 115
f 114 117 159
f 115 158 116
f 116 160 161
f 116 161 117
f 116 158 160
f 117 161 162
f 117 162 163
f 117 163 164
f 117 164 165
f 117 165 159
f 118 166 167
f 118 167 120
f 118 119 166
f 119 168 169
f 119 169 170
f 119 170 171
f 119 171 166
f 120 167 121
f 121 172 122
f 121 167 172
f 122 172 173
f 122 173 123
f 123 173 174
f 123 174 124
f 124 174 175
f 124 175 176
f 124 176 125
f 125 176 142
f 126 141 177
f 126 177 132
f 128 178 179
f 128 179 129
f 128 134 180
f 128 180 181
f 128 181 178
f 129 179 182
f 129 182 130
f 130 182 135
f 130 135 131
f 132 177 183
f 132 183 133
f 133 183 184
f 133 184 134
f 134 184 185
f 134 185 180
f 135 182 186
f 135 186 136
f 136 186 187
f 136 187 188
f 136 188 137
f 137 189 190
f 137 190 191
f 137 191 192
f 137 192 193
f 137 193 138
f 137 188 194
f 137 194 195
f 137 195 196
f 137 196 189
f 138 193 197
f 138 197 198
f 138 198 139
f 139 198 145
f 141 142 199
f 141 199 200
f 141 200 177
f 142 176 201
f 142 201 202
f 142 202 199
f 143 203 204
f 143 204 144
f 143 145 197
f 143 197 205
f 143 205 203
f 144 204 146
f 145 198 197
f 146 206 207
f 146 207 147
f 146 204 206
f 147 207 148
f 148 207 208
f 148 208 149
f 149 208 209
f 149 209 210
f 149 210 151
f 149 151 150
f 151 210 152
f 152 210 211
f 152 211 153
f 153 211 154
f 154 211 212
f 154 212 213
f 154 213 157
f 154 157 156
f 154 156 155
f 157 213 158
f 158 213 214
f 158 214 215
f 158 215 216
f 158 216 160
f 160 216 217
f 160 217 161
f 161 217 218
f 161 218 219
f 161 219 220
f 161 220 162
f 162 220 221
f 162 221 222
f 162 222 223
f 162 223 163
f 166 171 167
f 167 171 170
f 167 170 169
f 167 169 224
f 167 224 172
f 168 225 169
f 169 226 227
f 169 227 228
f 169 228 224
f 169 225 229
f 169 229 230
f 169 230 226
f 172 224 231
f 172 231 173
f 173 231 232
f 173 232 233
f 173 233 174
f 174 233 175
f 175 234 176
f 175 233 235
f 175 235 234
f 176 234 201
f 177 200 183
f 178 236 237
f 178 237 179
f 178 181 236
f 179 237 238
f 179 238 239
f 179 239 182
f 180 185 240
f 180 240 181
f 181 240 241
f 181 241 242
f 181 242 236
f 182 239 243
f 182 243 186
f 183 200 244
f 183 244 184
f 184 244 245
f 184 245 185
f 185 245 246
f 185 246 240
f 186 243 187
f 187 243 247
f 187 247 248
f 187 248 249
f 187 249 188
f 188 249 250
f 188 250 251
f 188 251 252
f 188 252 253
f 188 253 194
f 189 254 190
f 189 196 252
f 189 252 254
f 190 255 256
f 190 256 192
f 190 192 191
f 190 254 255
f 192 256 257
f 192 257 193
f 193 257 205
f 193 205 197
f 194 253 195
f 195 253 196
f 196 253 252
f 199 202 200
f 200 202 258
f 200 258 259
f 200 259 244
f 201 234 260
f 201 260 202
f 202 260 261
f 202 261 262
f 202 262 258
f 203 263 264
f 203 264 204
f 203 205 265
f 203 265 266
f 203 266 263
f 204 264 206
f 205 257 265
f 206 264 267
f 206 267 268
f 206 268 207
f 207 268 269
f 207 269 208
f 208 269 270
f 208 270 209
f 209 270 210
f 210 271 272
f 210 272 211
f 210 270 271
f 211 272 273
f 211 273 274
f 211 274 212
f 212 274 275
f 212 275 214
f 212 214 213
f 214 275 215
f 215 275 276
f 215 276 277
f 215 277 278
f 215 278 279
f 215 279 216
f 216 279 217
f 217 279 218
f 218 280 219
f 218 279 278
f 218 278 280
f 219 280 281
f 219 281 282
f 219 282 283
f 219 283 284
f 219 284 220
f 220 284 285
f 220 285 221
f 221 285 286
f 224 228 231
f 225 287 229
f 226 288 289
f 226 289 227
f 226 230 290
f 226 290 291
f 226 291 288
f 227 289 292
f 227 292 293
f 227 293 228
f 228 293 294
f 228 294 295
f 228 295 231
f 229 296 230
f 229 287 296
f 230 296 290
f 231 295 297
f 231 297 232
f 232 297 233
f 233 297 298
f 233 298 299
f 233 299 300
f 233 300 235
f 234 235 260
f 235 300 301
f 235 301 260
f 236 302 238
f 236 238 237
f 236 242 302
f 238 247 239
f 238 302 303
f 238 303 304
f 238 304 247
f 239 247 243
f 240 246 305
f 240 305 241
f 241 306 242
f 241 305 307
f 241 307 306
f 242 308 302
f 242 306 308
f 244 259 245
f 245 259 309
f 245 309 246
f 246 309 310
f 246 310 305
f 247 304 311
f 247 311 312
f 247 312 248
f 248 313 249
f 248 312 313
f 249 313 314
f 249 314 250
f 250 314 315
f 250 315 316
f 250 316 317
f 250 317 251
f 251 317 252
f 252 318 254
f 252 317 318
f 254 319 255
f 254 318 320
f 254 320 319
f 255 319 321
f 255 321 322
f 255 322 256
f 256 322 257
f 257 322 323
f 257 323 265
f 258 262 259
f 259 262 324
f 259 324 309
f 260 301 325
f 260 325 261
f 261 325 262
f 262 325 326
f 262 326 324
f 263 266 327
f 263 327 328
f 263 328 329
f 263 329 264
f 264 329 267
f 265 323 266
f 266 323 330
f 266 330 327
f 267 331 332
f 267 332 268
f 267 329 331
f 268 332 333
f 268 333 269
f 269 333 270
f 270 333 271
f 271 333 334
f 271 334 335
f 271 335 272
f 272 335 273
f 273 336 337
f 273 337 274
f 273 335 336
f 274 337 338
f 274 338 339
f 274 339 340
f 274 340 341
f 274 341 275
f 275 341 340
f 275 340 277
f 275 277 276
f 277 340 342
f 277 342 343
f 277 343 278
f 278 343 280
f 280 344 345
f 280 345 281
f 280 343 344
f 281 345 346
f 281 346 282
f 282 346 283
f 283 285 284
f 283 346 347
f 283 347 348
f 283 348 349
f 283 349 286
f 283 286 285
f 288 350 351
f 288 351 352
f 288 352 353
f 288 353 354
f 288 354 355
f 288 355 292
f 288 292 289
f 288 291 356
f 288 356 350
f 292 355 357
f 292 357 294
f 292 294 293
f 294 357 298
f 294 298 297
f 294 297 295
f 298 358 359
f 298 359 299
f 298 357 358
f 299 359 360
f 299 360 361
f 299 361 300
f 300 361 362
f 300 362 363
f 300 363 301
f 301 363 325
f 302 364 303
f 302 308 364
f 303 364 365
f 303 365 366
f 303 366 304
f 304 366 367
f 304 367 368
f 304 368 311
f 305 310 369
f 305 369 307
f 306 370 308
f 306 307 371
f 306 371 370
f 307 369 372
f 307 372 371
f 308 370 365
f 308 365 364
f 309 324 373
f 309 373 310
f 310 373 374
f 310 374 369
f 311 368 375
f 311 375 312
f 312 375 376
f 312 376 313
f 313 376 314
f 314 376 377
f 314 377 378
f 314 378 379
f 314 379 380
f 314 380 381
f 314 381 382
f 314 382 383
f 314 383 315
f 315 383 384
f 315 384 385
f 315 385 386
f 315 386 316
f 316 387 320
f 316 320 317
f 316 386 385
f 316 385 387
f 317 320 318
f 319 388 321
f 319 320 389
f 319 389 388
f 320 387 389
f 321 388 390
f 321 390 391
f 321 391 322
f 322 391 330
f 322 330 323
f 324 392 373
f 324 326 392
f 325 363 326
f 326 363 393
f 326 393 394
f 326 394 392
f 327 395 396
f 327 396 328
f 327 330 397
f 327 397 395
f 328 396 398
f 328 398 329
f 329 398 331
f 330 391 397
f 331 398 399
f 331 399 400
f 331 400 332
f 332 400 401
f 332 401 333
f 333 401 402
f 333 402 334
f 334 403 404
f 334 404 335
f 334 402 403
f 335 404 336
f 336 405 337
f 336 404 405
f 337 405 406
f 337 406 407
f 337 407 338
f 338 407 408
f 338 408 339
f 339 408 409
f 339 409 342
f 339 342 340
f 342 410 343
f 342 409 410
f 343 410 344
f 344 410 411
f 344 411 412
f 344 412 345
f 345 412 413
f 345 413 346
f 346 413 414
f 346 414 347
f 347 414 415
f 347 415 348
f 351 416 417
f 351 417 352
f 352 417 353
f 353 418 358
f 353 358 419
f 353 419 354
f 353 417 420
f 353 420 421
f 353 421 418
f 354 419 357
f 354 357 355
f 357 419 358
f 358 418 359
f 359 422 423
f 359 423 360
f 359 418 422
f 360 423 424
f 360 424 362
f 360 362 361
f 362 424 425
f 362 425 426
f 362 426 363
f 363 426 393
f 365 427 366
f 365 370 428
f 365 428 429
f 365 429 427
f 366 430 367
f 366 427 430
f 367 431 368
f 367 430 431
f 368 432 375
f 368 431 432
f 369 374 433
f 369 433 372
f 370 371 428
f 371 372 434
f 371 434 428
f 372 433 435
f 372 435 434
f 373 392 394
f 373 394 436
f 373 436 374
f 374 436 437
f 374 437 433
f 375 432 378
f 375 378 376
f 376 378 377
f 378 438 379
f 378 432 439
f 378 439 440
f 378 440 438
f 379 438 380
f 380 438 441
f 380 441 381
f 381 441 442
f 381 442 382
f 382 442 441
f 382 441 443
f 382 443 444
f 382 444 445
f 382 445 446
f 382 446 447
f 382 447 448
f 382 448 449
f 382 449 383
f 383 449 448
f 383 448 450
f 383 450 384
f 384 450 385
f 385 450 451
f 385 451 387
f 387 451 389
f 388 452 390
f 388 389 453
f 388 453 452
f 389 451 453
f 390 452 454
f 390 454 455
f 390 455 391
f 391 455 397
f 393 426 456
f 393 456 457
f 393 457 394
f 394 457 436
f 395 397 458
f 395 458 459
f 395 459 460
f 395 460 396
f 396 460 461
f 396 461 398
f 397 455 458
f 398 461 399
f 399 462 463
f 399 463 400
f 399 461 462
f 400 463 464
f 400 464 465
f 400 465 401
f 401 465 402
f 402 465 403
f 403 466 467
f 403 467 404
f 403 465 466
f 404 467 468
f 404 468 405
f 405 469 470
f 405 470 471
f 405 471 472
f 405 472 406
f 405 468 469
f 406 472 407
f 407 472 473
f 407 473 474
f 407 474 408
f 408 474 410
f 408 410 409
f 410 474 475
f 410 475 411
f 411 475 476
f 411 476 477
f 411 477 412
f 412 477 478
f 412 478 413
f 413 478 479
f 413 479 414
f 414 479 480
f 414 480 481
f 414 481 482
f 414 482 415
f 416 483 417
f 417 483 484
f 417 484 420
f 418 421 422
f 420 485 486
f 420 486 487
f 420 487 488
f 420 488 421
f 421 488 422
f 422 488 487
f 422 487 423
f 423 487 424
f 424 489 490
f 424 490 491
f 424 491 425
f 424 487 489
f 425 491 492
f 425 492 426
f 426 492 456
f 427 429 493
f 427 493 494
f 427 494 430
f 428 434 495
f 428 495 429
f 429 495 493
f 430 494 496
f 430 496 497
f 430 497 431
f 431 497 439
f 431 439 432
f 433 437 498
f 433 498 435
f 434 435 499
f 434 499 495
f 435 498 500
f 435 500 499
f 436 457 437
f 437 457 501
f 437 501 502
f 437 502 498
f 438 440 503
f 438 503 504
f 438 504 443
f 438 443 441
f 439 503 440
f 439 497 505
f 439 505 503
f 443 504 444
f 444 504 506
f 444 506 507
f 444 507 508
f 444 508 445
f 445 508 509
f 445 509 510
f 445 510 511
f 445 511 446
f 446 512 448
f 446 448 513
f 446 513 447
f 446 511 512
f 447 513 448
f 448 514 515
f 448 515 516
f 448 516 517
f 448 517 518
f 448 518 519
f 448 519 520
f 448 520 521
f 448 521 522
f 448 522 453
f 448 453 451
f 448 451 450
f 448 512 514
f 452 521 454
f 452 453 521
f 453 522 521
f 454 520 523
f 454 523 455
f 454 521 520
f 455 523 458
f 456 492 524
f 456 524 525
f 456 525 457
f 457 525 501
f 458 526 459
f 458 523 527
f 458 527 526
f 459 526 528
f 459 528 529
f 459 529 460
f 460 529 530
f 460 530 461
f 461 530 462
f 462 531 532
f 462 532 463
f 462 530 531
f 463 532 533
f 463 533 464
f 464 533 534
f 464 534 465
f 465 534 466
f 466 534 535
f 466 535 536
f 466 536 467
f 467 537 538
f 467 538 468
f 467 536 537
f 468 538 470
f 468 470 469
f 470 539 540
f 470 540 471
f 470 538 539
f 471 540 472
f 472 540 541
f 472 541 475
f 472 475 473
f 473 475 474
f 475 541 476
f 476 541 542
f 476 542 543
f 476 543 477
f 477 543 544
f 477 544 478
f 478 544 545
f 478 545 479
f 479 545 480
f 480 546 547
f 480 547 548
f 480 548 549
f 480 549 550
f 480 550 481
f 480 545 546
f 485 551 552
f 485 552 486
f 486 552 487
f 487 552 489
f 489 552 553
f 489 553 490
f 490 553 554
f 490 554 555
f 490 555 491
f 491 555 492
f 492 555 524
f 493 556 494
f 493 495 557
f 493 557 558
f 493 558 556
f 494 559 496
f 494 556 559
f 495 499 557
f 496 559 497
f 497 559 560
f 497 560 505
f 498 502 561
f 498 561 500
f 499 500 562
f 499 562 557
f 500 561 563
f 500 563 562
f 501 525 564
f 501 564 565
f 501 565 502
f 502 565 561
f 503 505 566
f 503 566 506
f 503 506 504
f 505 560 567
f 505 567 568
f 505 568 566
f 506 569 507
f 506 566 569
f 507 569 570
f 507 570 571
f 507 571 572
f 507 572 508
f 508 572 509
f 509 573 511
f 509 511 510
f 509 572 573
f 511 573 574
f 511 574 512
f 512 575 514
f 512 574 576
f 512 576 577
f 512 577 578
f 512 578 579
f 512 579 580
f 512 580 581
f 512 581 582
f 512 582 583
f 512 583 584
f 512 584 585
f 512 585 586
f 512 586 587
f 512 587 575
f 514 575 515
f 515 588 589
f 515 589 590
f 515 590 517
f 515 517 516
f 515 575 588
f 517 590 591
f 517 591 518
f 518 591 519
f 519 591 592
f 519 592 527
f 519 527 520
f 520 527 523
f 524 555 593
f 524 593 594
f 524 594 525
f 525 594 564
f 526 527 595
f 526 595 528
f 527 592 595
f 528 596 597
f 528 597 529
f 528 595 596
f 529 597 598
f 529 598 530
f 530 598 531
f 531 598 599
f 531 599 600
f 531 600 532
f 532 600 601
f 532 601 533
f 533 601 534
f 534 601 535
f 535 602 536
f 535 601 603
f 535 603 602
f 536 602 604
f 536 604 539
f 536 539 537
f 537 539 538
f 539 604 605
f 539 605 540
f 540 605 606
f 540 606 541
f 541 606 542
f 542 607 608
f 542 608 543
f 542 606 607
f 543 608 609
f 543 609 544
f 544 609 610
f 544 610 545
f 545 610 611
f 545 611 612
f 545 612 613
f 545 613 546
f 546 612 547
f 546 613 612
f 547 612 614
f 547 614 615
f 547 615 616
f 547 616 548
f 548 616 617
f 548 617 549
f 551 618 619
f 551 619 620
f 551 620 621
f 551 621 552
f 551 622 618
f 552 621 553
f 553 621 620
f 553 620 623
f 553 623 554
f 554 623 624
f 554 624 593
f 554 593 555
f 556 625 559
f 556 558 626
f 556 626 627
f 556 627 625
f 557 562 628
f 557 628 558
f 558 628 626
f 559 625 567
f 559 567 560
f 561 565 629
f 561 629 563
f 562 563 630
f 562 630 628
f 563 629 631
f 563 631 630
f 564 632 565
f 564 594 633
f 564 633 632
f 565 632 629
f 566 568 634
f 566 634 569
f 567 635 568
f 567 625 636
f 567 636 635
f 568 635 634
f 569 634 637
f 569 637 570
f 570 637 571
f 571 637 638
f 571 638 639
f 571 639 640
f 571 640 641
f 571 641 573
f 571 573 572
f 573 641 574
f 574 641 576
f 575 587 588
f 576 641 642
f 576 642 577
f 577 643 644
f 577 644 578
f 577 642 645
f 577 645 646
f 577 646 647
f 577 647 648
f 577 648 643
f 578 644 579
f 579 649 580
f 579 644 650
f 579 650 649
f 580 582 581
f 580 649 650
f 580 650 651
f 580 651 652
f 580 652 653
f 580 653 654
f 580 654 655
f 580 655 582
f 582 655 656
f 582 656 583
f 583 656 657
f 583 657 584
f 584 657 585
f 585 657 658
f 585 658 586
f 586 658 659
f 586 659 587
f 587 659 588
f 588 659 660
f 588 660 589
f 589 660 661
f 589 661 662
f 589 662 590
f 590 662 591
f 591 662 592
f 592 662 663
f 592 663 664
f 592 664 595
f 593 665 594
f 593 624 665
f 594 665 633
f 595 664 596
f 596 664 666
f 596 666 667
f 596 667 597
f 597 667 668
f 597 668 598
f 598 668 599
f 599 668 669
f 599 669 600
f 600 670 603
f 600 603 601
f 600 669 670
f 602 603 604
f 603 671 672
f 603 672 604
f 603 670 673
f 603 673 671
f 604 674 675
f 604 675 676
f 604 676 605
f 604 672 674
f 605 676 606
f 606 676 607
f 607 677 608
f 607 676 678
f 607 678 679
f 607 679 677
f 608 677 680
f 608 680 609
f 609 680 681
f 609 681 610
f 610 681 682
f 610 682 683
f 610 683 611
f 611 683 612
f 612 683 684
f 612 684 614
f 614 684 683
f 614 683 615
f 615 685 686
f 615 686 616
f 615 683 682
f 615 682 687
f 615 687 688
f 615 688 689
f 615 689 690
f 615 690 685
f 616 691 692
f 616 692 617
f 616 686 691
f 618 622 619
f 619 693 694
f 619 694 620
f 619 622 693
f 620 694 623
f 622 695 696
f 622 696 693
f 623 694 697
f 623 697 624
f 624 698 699
f 624 699 665
f 624 697 698
f 625 627 700
f 625 700 701
f 625 701 636
f 626 628 702
f 626 702 703
f 626 703 627
f 627 703 700
f 628 630 702
f 629 632 631
f 630 631 704
f 630 704 702
f 631 632 705
f 631 705 706
f 631 706 704
f 632 633 707
f 632 707 705
f 633 665 708
f 633 708 707
f 634 709 637
f 634 635 709
f 635 636 710
f 635 710 711
f 635 711 709
f 636 701 710
f 637 709 712
f 637 712 638
f 638 712 639
f 639 713 645
f 639 645 640
f 639 712 714
f 639 714 713
f 640 645 642
f 640 642 641
f 643 648 715
f 643 715 716
f 643 716 650
f 643 650 644
f 645 713 646
f 646 713 717
f 646 717 718
f 646 718 647
f 647 718 719
f 647 719 648
f 648 719 720
f 648 720 715
f 650 716 651
f 651 716 652
f 652 721 722
f 652 722 723
f 652 723 724
f 652 724 725
f 652 725 653
f 652 716 726
f 652 726 727
f 652 727 728
f 652 728 729
f 652 729 721
f 653 725 654
f 654 656 655
f 654 725 730
f 654 730 731
f 654 731 732
f 654 732 733
f 654 733 734
f 654 734 656
f 656 734 735
f 656 735 657
f 657 735 736
f 657 736 658
f 658 736 737
f 658 737 660
f 658 660 659
f 660 737 738
f 660 738 739
f 660 739 661
f 661 739 740
f 661 740 741
f 661 741 662
f 662 741 663
f 663 741 742
f 663 742 664
f 664 742 666
f 665 699 708
f 666 742 743
f 666 743 744
f 666 744 667
f 667 744 745
f 667 745 668
f 668 745 669
f 669 745 746
f 669 746 673
f 669 673 670
f 671 747 748
f 671 748 749
f 671 749 674
f 671 674 672
f 671 673 747
f 673 750 747
f 673 746 750
f 674 749 675
f 675 749 676
f 676 749 678
f 677 679 751
f 677 751 752
f 677 752 753
f 677 753 680
f 678 754 751
f 678 751 679
f 678 749 755
f 678 755 754
f 680 753 756
f 680 756 681
f 681 756 687
f 681 687 682
f 685 757 758
f 685 758 759
f 685 759 760
f 685 760 761
f 685 761 762
f 685 762 763
f 685 763 764
f 685 764 765
f 685 765 766
f 685 766 767
f 685 767 691
f 685 691 686
f 685 690 768
f 685 768 769
f 685 769 770
f 685 770 757
f 687 756 688
f 688 756 771
f 688 771 772
f 688 772 689
f 689 772 773
f 689 773 690
f 690 773 768
f 691 767 774
f 691 774 775
f 691 775 692
f 693 696 776
f 693 776 694
f 694 776 697
f 695 777 696
f 696 778 779
f 696 779 776
f 696 777 778
f 697 776 698
f 698 776 779
f 698 779 780
f 698 780 699
f 699 780 781
f 699 781 708
f 700 703 782
f 700 782 783
f 700 783 701
f 701 784 710
f 701 783 784
f 702 704 785
f 702 785 703
f 703 785 782
f 704 706 786
f 704 786 785
f 705 707 787
f 705 787 706
f 706 787 788
f 706 788 786
f 707 708 789
f 707 789 787
f 708 781 789
f 709 790 714
f 709 714 712
f 709 711 791
f 709 791 790
f 710 784 792
f 710 792 791
f 710 791 711
f 713 714 793
f 713 793 794
f 713 794 717
f 714 790 795
f 714 795 793
f 715 796 716
f 715 720 797
f 715 797 796
f 716 796 726
f 717 794 718
f 718 794 798
f 718 798 799
f 718 799 800
f 718 800 719
f 719 800 720
f 720 800 801
f 720 801 797
f 721 802 723
f 721 723 722
f 721 729 803
f 721 803 802
f 723 802 804
f 723 804 805
f 723 805 806
f 723 806 807
f 723 807 808
f 723 808 809
f 723 809 810
f 723 810 725
f 723 725 724
f 725 810 811
f 725 811 812
f 725 812 813
f 725 813 730
f 726 796 727
f 727 796 814
f 727 814 815
f 727 815 728
f 728 815 816
f 728 816 817
f 728 817 803
f 728 803 729
f 730 813 731
f 731 813 818
f 731 818 819
f 731 819 820
f 731 820 732
f 732 820 733
f 733 735 734
f 733 820 821
f 733 821 822
f 733 822 735
f 735 822 823
f 735 823 736
f 736 823 737
f 737 823 738
f 738 823 824
f 738 824 740
f 738 740 739
f 740 824 825
f 740 825 743
f 740 743 742
f 740 742 741
f 743 825 826
f 743 826 744
f 744 827 828
f 744 828 745
f 744 826 827
f 745 828 746
f 746 828 829
f 746 829 750
f 747 750 830
f 747 830 748
f 748 831 749
f 748 830 831
f 749 831 755
f 750 829 832
f 750 832 830
f 751 754 833
f 751 833 752
f 752 833 834
f 752 834 753
f 753 835 771
f 753 771 756
f 753 834 835
f 754 836 833
f 754 755 836
f 755 831 837
f 755 837 838
f 755 838 836
f 757 770 839
f 757 839 758
f 758 840 760
f 758 760 759
f 758 839 841
f 758 841 842
f 758 842 840
f 760 840 843
f 760 843 844
f 760 844 761
f 761 844 762
f 762 845 763
f 762 844 846
f 762 846 847
f 762 847 848
f 762 848 845
f 766 774 767
f 768 773 849
f 768 849 850
f 768 850 769
f 769 850 839
f 769 839 770
f 771 835 851
f 771 851 852
f 771 852 772
f 772 852 853
f 772 853 773
f 773 853 854
f 773 854 849
f 777 855 856
f 777 856 778
f 778 856 857
f 778 857 858
f 778 858 859
f 778 859 780
f 778 780 779
f 780 860 781
f 780 859 860
f 781 860 789
f 782 861 783
f 782 785 862
f 782 862 863
f 782 863 861
f 783 861 864
f 783 864 784
f 784 864 792
f 785 786 862
f 786 865 866
f 786 866 862
f 786 788 865
f 787 789 867
f 787 867 788
f 788 867 868
f 788 868 869
f 788 869 865
f 789 860 867
f 790 791 795
f 791 870 795
f 791 792 870
f 792 864 871
f 792 871 872
f 792 872 870
f 793 795 873
f 793 873 874
f 793 874 794
f 794 874 875
f 794 875 798
f 795 870 873
f 796 797 876
f 796 876 814
f 797 801 877
f 797 877 876
f 798 875 878
f 798 878 799
f 799 878 879
f 799 879 800
f 800 879 880
f 800 880 801
f 801 880 881
f 801 881 877
f 802 882 805
f 802 805 804
f 802 803 882
f 803 817 883
f 803 883 884
f 803 884 882
f 805 882 885
f 805 885 886
f 805 886 887
f 805 887 888
f 805 888 806
f 806 888 807
f 807 888 887
f 807 887 889
f 807 889 890
f 807 890 808
f 808 890 891
f 808 891 809
f 809 891 892
f 809 892 893
f 809 893 810
f 810 893 894
f 810 894 811
f 811 894 812
f 812 894 895
f 812 895 896
f 812 896 813
f 813 896 818
f 814 876 815
f 815 876 897
f 815 897 898
f 815 898 899
f 815 899 816
f 816 900 883
f 816 883 817
f 816 899 901
f 816 901 902
f 816 902 900
f 818 896 903
f 818 903 904
f 818 904 819
f 819 904 905
f 819 905 906
f 819 906 820
f 820 906 821
f 821 907 822
f 821 906 908
f 821 908 907
f 822 907 823
f 823 907 909
f 823 909 824
f 824 909 910
f 824 910 825
f 825 910 911
f 825 911 826
f 826 911 912
f 826 912 827
f 827 912 913
f 827 913 828
f 828 913 829
f 829 913 914
f 829 914 832
f 830 832 915
f 830 915 916
f 830 916 831
f 831 916 837
f 832 917 915
f 832 914 917
f 833 836 918
f 833 918 919
f 833 919 920
f 833 920 834
f 834 920 835
f 835 920 851
f 836 838 918
f 837 921 838
f 837 916 922
f 837 922 923
f 837 923 924
f 837 924 921
f 838 921 918
f 839 850 925
f 839 925 926
f 839 926 841
f 840 842 927
f 840 927 928
f 840 928 843
f 841 926 929
f 841 929 842
f 842 929 930
f 842 930 927
f 843 931 844
f 843 928 932
f 843 932 931
f 844 931 846
f 846 931 933
f 849 854 934
f 849 934 850
f 850 934 935
f 850 935 925
f 851 920 936
f 851 936 937
f 851 937 852
f 852 937 853
f 853 937 938
f 853 938 854
f 854 938 939
f 854 939 934
f 855 940 856
f 856 940 941
f 856 941 857
f 857 941 942
f 857 942 858
f 858 943 859
f 858 942 943
f 859 944 945
f 859 945 860
f 859 943 946
f 859 946 944
f 860 945 867
f 861 863 947
f 861 947 871
f 861 871 864
f 862 866 948
f 862 948 863
f 863 948 947
f 865 869 866
f 866 949 948
f 866 869 950
f 866 950 949
f 867 945 944
f 867 944 868
f 868 944 869
f 869 951 950
f 869 944 951
f 870 952 873
f 870 872 952
f 871 947 953
f 871 953 954
f 871 954 955
f 871 955 872
f 872 955 956
f 872 956 952
f 873 952 956
f 873 956 874
f 874 956 957
f 874 957 875
f 875 957 878
f 876 877 958
f 876 958 897
f 877 881 959
f 877 959 958
f 878 957 960
f 878 960 961
f 878 961 879
f 879 961 962
f 879 962 880
f 880 962 881
f 881 962 963
f 881 963 964
f 881 964 959
f 882 965 966
f 882 966 967
f 882 967 885
f 882 884 968
f 882 968 969
f 882 969 965
f 883 900 970
f 883 970 971
f 883 971 884
f 884 971 968
f 885 967 972
f 885 972 886
f 886 972 887
f 887 973 974
f 887 974 889
f 887 972 973
f 889 974 890
f 890 975 891
f 890 974 975
f 891 975 976
f 891 976 977
f 891 977 892
f 892 977 978
f 892 978 979
f 892 979 893
f 893 979 894
f 894 979 980
f 894 980 895
f 895 980 981
f 895 981 982
f 895 982 903
f 895 903 896
f 897 958 898
f 898 958 983
f 898 983 901
f 898 901 899
f 900 902 970
f 901 984 902
f 901 983 985
f 901 985 986
f 901 986 984
f 902 984 970
f 903 982 987
f 903 987 904
f 904 987 988
f 904 988 905
f 905 988 989
f 905 989 990
f 905 990 991
f 905 991 906
f 906 991 908
f 907 908 992
f 907 992 909
f 908 991 993
f 908 993 992
f 909 992 910
f 910 992 994
f 910 994 911
f 911 994 995
f 911 995 912
f 912 995 913
f 913 995 914
f 914 995 996
f 914 996 917
f 915 917 997
f 915 997 998
f 915 998 999
f 915 999 1000
f 915 1000 1001
f 915 1001 1002
f 915 1002 916
f 916 1003 922
f 916 1002 1003
f 917 996 1004
f 917 1004 1005
f 917 1005 997
f 918 921 1006
f 918 1006 1007
f 918 1007 919
f 919 1007 936
f 919 936 920
f 921 924 1006
f 922 1003 923
f 923 1008 924
f 923 1003 1009
f 923 1009 1010
f 923 1010 1008
f 924 1008 1006
f 925 935 926
f 926 935 1011
f 926 1011 1012
f 926 1012 929
f 927 930 1013
f 927 1013 1014
f 927 1014 928
f 928 1014 1015
f 928 1015 1016
f 928 1016 932
f 929 1012 1017
f 929 1017 930
f 930 1017 1018
f 930 1018 1013
f 931 932 1019
f 931 1019 933
f 932 1020 1019
f 932 1016 1021
f 932 1021 1020
f 934 939 935
f 935 939 1022
f 935 1022 1023
f 935 1023 1011
f 936 1007 1024
f 936 1024 1025
f 936 1025 937
f 937 1025 938
f 938 1025 1026
f 938 1026 939
f 939 1026 1027
f 939 1027 1022
f 940 1028 941
f 941 1029 942
f 941 1028 1030
f 941 1030 1031
f 941 1031 1032
f 941 1032 1033
f 941 1033 1034
f 941 1034 1035
f 941 1035 1036
f 941 1036 1037
f 941 1037 1029
f 942 1029 1038
f 942 1038 1039
f 942 1039 943
f 943 1039 946
f 944 946 951
f 946 1039 1040
f 946 1040 951
f 947 948 953
f 948 949 953
f 949 1041 1042
f 949 1042 1043
f 949 1043 953
f 949 950 1041
f 950 951 1041
f 951 1040 1044
f 951 1044 1041
f 953 1043 954
f 954 1045 955
f 954 1043 1042
f 954 1042 1045
f 955 1046 956
f 955 1045 1046
f 956 1046 957
f 957 1046 1047
f 957 1047 1048
f 957 1048 960
f 958 959 983
f 959 964 985
f 959 985 983
f 960 1048 961
f 961 1048 962
f 962 1048 1049
f 962 1049 1050
f 962 1050 963
f 963 1050 964
f 964 1051 985
f 964 1050 1052
f 964 1052 1051
f 965 1053 966
f 965 969 1053
f 966 1053 1054
f 966 1054 1055
f 966 1055 972
f 966 972 967
f 968 971 969
f 969 971 1056
f 969 1056 1057
f 969 1057 1054
f 969 1054 1053
f 970 1058 971
f 970 984 1058
f 971 1058 1056
f 972 1055 1059
f 972 1059 973
f 973 1060 1061
f 973 1061 974
f 973 1059 1060
f 974 1061 975
f 975 1062 976
f 975 1061 1062
f 976 1062 977
f 977 1062 1063
f 977 1063 1064
f 977 1064 1065
f 977 1065 978
f 978 1065 1066
f 978 1066 1067
f 978 1067 979
f 979 1067 980
f 980 1067 981
f 981 1067 1068
f 981 1068 1069
f 981 1069 1070
f 981 1070 982
f 982 1070 1071
f 982 1071 1072
f 982 1072 987
f 984 986 1073
f 984 1073 1058
f 985 1051 986
f 986 1051 1074
f 986 1074 1073
f 987 1072 1075
f 987 1075 1076
f 987 1076 988
f 988 1076 989
f 989 1076 1077
f 989 1077 990
f 990 1077 1078
f 990 1078 1079
f 990 1079 1004
f 990 1004 996
f 990 996 1080
f 990 1080 993
f 990 993 991
f 992 993 994
f 993 1080 994
f 994 1080 995
f 995 1080 996
f 997 1005 1081
f 997 1081 1082
f 997 1082 1083
f 997 1083 998
f 998 1083 1084
f 998 1084 999
f 999 1085 1000
f 999 1084 1086
f 999 1086 1085
f 1000 1085 1009
f 1000 1009 1001
f 1001 1009 1003
f 1001 1003 1002
f 1004 1079 1005
f 1005 1079 1081
f 1006 1008 1087
f 1006 1087 1007
f 1007 1087 1024
f 1008 1010 1088
f 1008 1088 1087
f 1009 1085 1089
f 1009 1089 1010
f 1010 1089 1090
f 1010 1090 1088
f 1011 1023 1091
f 1011 1091 1012
f 1012 1091 1092
f 1012 1092 1017
f 1013 1018 1093
f 1013 1093 1094
f 1013 1094 1015
f 1013 1015 1014
f 1015 1095 1096
f 1015 1096 1016
f 1015 1094 1097
f 1015 1097 1098
f 1015 1098 1099
f 1015 1099 1095
f 1016 1096 1021
f 1017 1092 1100
f 1017 1100 1018
f 1018 1100 1101
f 1018 1101 1093
f 1020 1021 1102
f 1021 1103 1102
f 1021 1096 1099
f 1021 1099 1103
f 1022 1027 1104
f 1022 1104 1105
f 1022 1105 1023
f 1023 1105 1091
f 1024 1087 1106
f 1024 1106 1107
f 1024 1107 1025
f 1025 1107 1026
f 1026 1107 1108
f 1026 1108 1027
f 1027 1108 1104
f 1029 1037 1109
f 1029 1109 1110
f 1029 1110 1038
f 1032 1111 1033
f 1033 1111 1112
f 1033 1112 1034
f 1034 1112 1113
f 1034 1113 1114
f 1034 1114 1115
f 1034 1115 1035
f 1035 1115 1116
f 1035 1116 1036
f 1036 1116 1117
f 1036 1117 1118
f 1036 1118 1037
f 1037 1118 1119
f 1037 1119 1120
f 1037 1120 1121
f 1037 1121 1109
f 1038 1110 1122
f 1038 1122 1123
f 1038 1123 1039
f 1039 1123 1040
f 1040 1123 1124
f 1040 1124 1044
f 1041 1044 1125
f 1041 1125 1042
f 1042 1125 1126
f 1042 1126 1045
f 1044 1124 1127
f 1044 1127 1125
f 1045 1128 1046
f 1045 1126 1128
f 1046 1128 1047
f 1047 1128 1129
f 1047 1129 1048
f 1048 1129 1130
f 1048 1130 1049
f 1049 1130 1050
f 1050 1131 1052
f 1050 1130 1132
f 1050 1132 1131
f 1051 1133 1074
f 1051 1052 1131
f 1051 1131 1134
f 1051 1134 1133
f 1054 1135 1055
f 1054 1057 1136
f 1054 1136 1137
f 1054 1137 1135
f 1055 1135 1059
f 1056 1058 1138
f 1056 1138 1139
f 1056 1139 1057
f 1057 1139 1136
f 1058 1073 1138
f 1059 1135 1140
f 1059 1140 1141
f 1059 1141 1060
f 1060 1141 1061
f 1061 1141 1142
f 1061 1142 1062
f 1062 1142 1143
f 1062 1143 1063
f 1063 1143 1064
f 1064 1143 1065
f 1065 1144 1145
f 1065 1145 1066
f 1065 1143 1144
f 1066 1145 1146
f 1066 1146 1147
f 1066 1147 1067
f 1067 1147 1068
f 1068 1147 1069
f 1069 1148 1149
f 1069 1149 1150
f 1069 1150 1151
f 1069 1151 1152
f 1069 1152 1071
f 1069 1071 1070
f 1069 1147 1146
f 1069 1146 1148
f 1071 1153 1072
f 1071 1152 1153
f 1072 1153 1075
f 1073 1154 1138
f 1073 1074 1154
f 1074 1133 1154
f 1075 1153 1155
f 1075 1155 1076
f 1076 1155 1156
f 1076 1156 1077
f 1077 1156 1078
f 1078 1156 1079
f 1079 1156 1157
f 1079 1157 1158
f 1079 1158 1081
f 1081 1158 1159
f 1081 1159 1082
f 1082 1159 1083
f 1083 1159 1084
f 1084 1159 1086
f 1085 1086 1160
f 1085 1160 1161
f 1085 1161 1089
f 1086 1159 1162
f 1086 1162 1163
f 1086 1163 1161
f 1086 1161 1160
f 1087 1088 1164
f 1087 1164 1165
f 1087 1165 1106
f 1088 1090 1166
f 1088 1166 1164
f 1089 1161 1166
f 1089 1166 1090
f 1091 1105 1104
f 1091 1104 1167
f 1091 1167 1168
f 1091 1168 1092
f 1092 1168 1169
f 1092 1169 1100
f 1093 1101 1170
f 1093 1170 1094
f 1094 1170 1171
f 1094 1171 1097
f 1095 1099 1096
f 1097 1172 1173
f 1097 1173 1098
f 1097 1171 1172
f 1098 1173 1174
f 1098 1174 1175
f 1098 1175 1099
f 1100 1169 1176
f 1100 1176 1101
f 1101 1176 1171
f 1101 1171 1170
f 1104 1108 1177
f 1104 1177 1178
f 1104 1178 1179
f 1104 1179 1180
f 1104 1180 1181
f 1104 1181 1182
f 1104 1182 1167
f 1106 1183 1184
f 1106 1184 1108
f 1106 1108 1107
f 1106 1165 1185
f 1106 1185 1183
f 1108 1184 1183
f 1108 1183 1177
f 1109 1186 1110
f 1109 1121 1187
f 1109 1187 1186
f 1110 1186 1122
f 1113 1188 1114
f 1114 1188 1189
f 1114 1189 1190
f 1114 1190 1115
f 1115 1190 1191
f 1115 1191 1116
f 1116 1191 1117
f 1117 1191 1192
f 1117 1192 1193
f 1117 1193 1194
f 1117 1194 1118
f 1118 1194 1195
f 1118 1195 1119
f 1119 1195 1121
f 1119 1121 1120
f 1121 1196 1187
f 1121 1195 1196
f 1122 1186 1197
f 1122 1197 1198
f 1122 1198 1123
f 1123 1198 1124
f 1124 1198 1199
f 1124 1199 1200
f 1124 1200 1201
f 1124 1201 1127
f 1125 1127 1126
f 1126 1127 1202
f 1126 1202 1128
f 1127 1201 1202
f 1128 1202 1129
f 1129 1202 1203
f 1129 1203 1130
f 1130 1204 1132
f 1130 1203 1204
f 1131 1205 1134
f 1131 1132 1206
f 1131 1206 1205
f 1132 1204 1206
f 1133 1134 1205
f 1133 1205 1207
f 1133 1207 1208
f 1133 1208 1154
f 1135 1137 1209
f 1135 1209 1210
f 1135 1210 1140
f 1136 1211 1137
f 1136 1139 1212
f 1136 1212 1213
f 1136 1213 1211
f 1137 1211 1209
f 1138 1154 1214
f 1138 1214 1139
f 1139 1214 1212
f 1140 1210 1141
f 1141 1215 1142
f 1141 1210 1215
f 1142 1215 1216
f 1142 1216 1143
f 1143 1216 1217
f 1143 1217 1218
f 1143 1218 1144
f 1144 1218 1219
f 1144 1219 1220
f 1144 1220 1145
f 1145 1220 1221
f 1145 1221 1146
f 1146 1222 1223
f 1146 1223 1224
f 1146 1224 1148
f 1146 1221 1222
f 1148 1224 1225
f 1148 1225 1149
f 1149 1225 1150
f 1150 1226 1151
f 1150 1225 1227
f 1150 1227 1228
f 1150 1228 1229
f 1150 1229 1226
f 1151 1226 1230
f 1151 1230 1152
f 1152 1230 1231
f 1152 1231 1232
f 1152 1232 1233
f 1152 1233 1153
f 1153 1233 1234
f 1153 1234 1155
f 1154 1208 1214
f 1155 1234 1156
f 1156 1234 1235
f 1156 1235 1157
f 1157 1235 1236
f 1157 1236 1158
f 1158 1236 1237
f 1158 1237 1159
f 1159 1237 1162
f 1161 1238 1166
f 1161 1163 1239
f 1161 1239 1238
f 1162 1237 1240
f 1162 1240 1241
f 1162 1241 1163
f 1163 1241 1239
f 1164 1242 1165
f 1164 1166 1243
f 1164 1243 1242
f 1165 1242 1185
f 1166 1238 1243
f 1167 1182 1244
f 1167 1244 1168
f 1168 1244 1245
f 1168 1245 1169
f 1169 1245 1246
f 1169 1246 1247
f 1169 1247 1176
f 1171 1247 1172
f 1171 1176 1247
f 1172 1248 1249
f 1172 1249 1173
f 1172 1247 1250
f 1172 1250 1251
f 1172 1251 1252
f 1172 1252 1253
f 1172 1253 1254
f 1172 1254 1255
f 1172 1255 1248
f 1173 1249 1256
f 1173 1256 1174
f 1174 1256 1257
f 1177 1183 1178
f 1178 1183 1185
f 1178 1185 1258
f 1178 1258 1179
f 1179 1258 1259
f 1179 1259 1260
f 1179 1260 1181
f 1179 1181 1180
f 1181 1260 1261
f 1181 1261 1262
f 1181 1262 1263
f 1181 1263 1245
f 1181 1245 1244
f 1181 1244 1182
f 1185 1243 1259
f 1185 1259 1258
f 1185 1242 1243
f 1186 1187 1264
f 1186 1264 1197
f 1187 1196 1265
f 1187 1265 1264
f 1188 1266 1189
f 1189 1266 1267
f 1189 1267 1190
f 1190 1267 1268
f 1190 1268 1269
f 1190 1269 1192
f 1190 1192 1191
f 1192 1269 1270
f 1192 1270 1193
f 1193 1270 1271
f 1193 1271 1272
f 1193 1272 1194
f 1194 1272 1195
f 1195 1272 1273
f 1195 1273 1274
f 1195 1274 1275
f 1195 1275 1196
f 1196 1275 1274
f 1196 1274 1276
f 1196 1276 1277
f 1196 1277 1265
f 1197 1264 1278
f 1197 1278 1199
f 1197 1199 1198
f 1199 1278 1279
f 1199 1279 1200
f 1200 1280 1201
f 1200 1279 1281
f 1200 1281 1282
f 1200 1282 1280
f 1201 1280 1203
f 1201 1203 1202
f 1203 1280 1204
f 1204 1282 1206
f 1204 1280 1282
f 1205 1206 1283
f 1205 1283 1207
f 1206 1282 1283
f 1207 1284 1208
f 1207 1283 1285
f 1207 1285 1284
f 1208 1284 1286
f 1208 1286 1214
f 1209 1287 1288
f 1209 1288 1210
f 1209 1211 1287
f 1210 1288 1289
f 1210 1289 1215
f 1211 1213 1290
f 1211 1290 1287
f 1212 1214 1286
f 1212 1286 1291
f 1212 1291 1213
f 1213 1291 1292
f 1213 1292 1290
f 1215 1289 1216
f 1216 1289 1293
f 1216 1293 1294
f 1216 1294 1217
f 1217 1294 1218
f 1218 1295 1219
f 1218 1294 1295
f 1219 1295 1220
f 1220 1295 1296
f 1220 1296 1297
f 1220 1297 1221
f 1221 1298 1299
f 1221 1299 1222
f 1221 1297 1298
f 1222 1299 1223
f 1223 1299 1300
f 1223 1300 1301
f 1223 1301 1224
f 1224 1301 1302
f 1224 1302 1225
f 1225 1302 1227
f 1226 1303 1230
f 1226 1229 1304
f 1226 1304 1303
f 1227 1302 1228
f 1228 1305 1306
f 1228 1306 1307
f 1228 1307 1308
f 1228 1308 1229
f 1228 1302 1309
f 1228 1309 1310
f 1228 1310 1305
f 1229 1308 1311
f 1229 1311 1304
f 1230 1303 1231
f 1231 1235 1232
f 1231 1303 1312
f 1231 1312 1236
f 1231 1236 1235
f 1232 1235 1234
f 1232 1234 1233
f 1236 1312 1237
f 1237 1312 1240
f 1238 1239 1243
f 1239 1241 1243
f 1240 1312 1311
f 1240 1311 1313
f 1240 1313 1243
f 1240 1243 1241
f 1243 1313 1314
f 1243 1314 1315
f 1243 1315 1259
f 1245 1316 1246
f 1245 1263 1316
f 1246 1316 1247
f 1247 1263 1262
f 1247 1262 1261
f 1247 1261 1317
f 1247 1317 1250
f 1247 1316 1263
f 1248 1318 1256
f 1248 1256 1249
f 1248 1255 1319
f 1248 1319 1320
f 1248 1320 1321
f 1248 1321 1322
f 1248 1322 1323
f 1248 1323 1318
f 1250 1317 1324
f 1250 1324 1251
f 1251 1325 1252
f 1251 1324 1326
f 1251 1326 1327
f 1251 1327 1328
f 1251 1328 1325
f 1252 1325 1329
f 1252 1329 1253
f 1253 1329 1330
f 1253 1330 1319
f 1253 1319 1254
f 1254 1319 1255
f 1256 1318 1257
f 1257 1318 1331
f 1259 1261 1260
f 1259 1315 1314
f 1259 1314 1306
f 1259 1306 1332
f 1259 1332 1261
f 1261 1332 1333
f 1261 1333 1317
f 1264 1265 1334
f 1264 1334 1278
f 1265 1277 1335
f 1265 1335 1334
f 1266 1336 1267
f 1267 1336 1337
f 1267 1337 1338
f 1267 1338 1339
f 1267 1339 1268
f 1268 1339 1340
f 1268 1340 1341
f 1268 1341 1270
f 1268 1270 1269
f 1270 1341 1342
f 1270 1342 1271
f 1271 1342 1343
f 1271 1343 1272
f 1272 1343 1344
f 1272 1344 1273
f 1273 1344 1345
f 1273 1345 1274
f 1274 1345 1346
f 1274 1346 1276
f 1276 1346 1347
f 1276 1347 1348
f 1276 1348 1349
f 1276 1349 1335
f 1276 1335 1277
f 1278 1334 1350
f 1278 1350 1279
f 1279 1350 1351
f 1279 1351 1281
f 1281 1351 1352
f 1281 1352 1282
f 1282 1352 1283
f 1283 1352 1285
f 1284 1285 1353
f 1284 1353 1354
f 1284 1354 1286
f 1285 1352 1355
f 1285 1355 1353
f 1286 1354 1291
f 1287 1290 1356
f 1287 1356 1288
f 1288 1357 1289
f 1288 1356 1358
f 1288 1358 1357
f 1289 1357 1293
f 1290 1359 1356
f 1290 1292 1359
f 1291 1354 1292
f 1292 1360 1359
f 1292 1354 1361
f 1292 1361 1360
f 1293 1362 1294
f 1293 1357 1362
f 1294 1363 1295
f 1294 1362 1364
f 1294 1364 1365
f 1294 1365 1363
f 1295 1363 1296
f 1296 1363 1366
f 1296 1366 1297
f 1297 1366 1298
f 1298 1367 1299
f 1298 1366 1368
f 1298 1368 1369
f 1298 1369 1370
f 1298 1370 1367
f 1299 1371 1300
f 1299 1367 1372
f 1299 1372 1371
f 1300 1371 1301
f 1301 1371 1373
f 1301 1373 1374
f 1301 1374 1302
f 1302 1374 1375
f 1302 1375 1309
f 1303 1304 1376
f 1303 1376 1312
f 1304 1311 1376
f 1305 1332 1306
f 1305 1310 1309
f 1305 1309 1375
f 1305 1375 1377
f 1305 1377 1332
f 1306 1314 1307
f 1307 1314 1308
f 1308 1314 1311
f 1311 1312 1376
f 1311 1314 1313
f 1317 1333 1324
f 1318 1378 1331
f 1318 1323 1379
f 1318 1379 1378
f 1319 1330 1320
f 1320 1380 1381
f 1320 1381 1382
f 1320 1382 1321
f 1320 1330 1380
f 1321 1382 1383
f 1321 1383 1322
f 1322 1383 1384
f 1322 1384 1385
f 1322 1385 1323
f 1323 1385 1386
f 1323 1386 1387
f 1323 1387 1388
f 1323 1388 1379
f 1324 1333 1389
f 1324 1389 1326
f 1325 1328 1390
f 1325 1390 1329
f 1326 1389 1391
f 1326 1391 1327
f 1327 1391 1392
f 1327 1392 1328
f 1328 1392 1393
f 1328 1393 1394
f 1328 1394 1395
f 1328 1395 1396
f 1328 1396 1397
f 1328 1397 1390
f 1329 1390 1398
f 1329 1398 1330
f 1330 1398 1380
f 1332 1377 1333
f 1333 1399 1389
f 1333 1377 1400
f 1333 1400 1399
f 1334 1335 1401
f 1334 1401 1350
f 1335 1349 1348
f 1335 1348 1402
f 1335 1402 1401
f 1337 1403 1338
f 1338 1403 1404
f 1338 1404 1405
f 1338 1405 1339
f 1339 1405 1406
f 1339 1406 1340
f 1340 1406 1407
f 1340 1407 1342
f 1340 1342 1341
f 1342 1407 1408
f 1342 1408 1343
f 1343 1408 1409
f 1343 1409 1410
f 1343 1410 1344
f 1344 1410 1411
f 1344 1411 1412
f 1344 1412 1345
f 1345 1412 1413
f 1345 1413 1346
f 1346 1413 1347
f 1347 1414 1415
f 1347 1415 1348
f 1347 1413 1416
f 1347 1416 1414
f 1348 1415 1402
f 1350 1401 1417
f 1350 1417 1351
f 1351 1417 1355
f 1351 1355 1352
f 1353 1418 1419
f 1353 1419 1354
f 1353 1355 1418
f 1354 1419 1361
f 1355 1417 1418
f 1356 1359 1420
f 1356 1420 1421
f 1356 1421 1358
f 1357 1358 1421
f 1357 1421 1422
f 1357 1422 1364
f 1357 1364 1362
f 1359 1360 1423
f 1359 1423 1420
f 1360 1361 1424
f 1360 1424 1425
f 1360 1425 1423
f 1361 1419 1424
f 1363 1365 1426
f 1363 1426 1366
f 1364 1422 1427
f 1364 1427 1365
f 1365 1427 1426
f 1366 1426 1368
f 1367 1370 1369
f 1367 1369 1428
f 1367 1428 1372
f 1368 1426 1369
f 1369 1426 1429
f 1369 1429 1428
f 1371 1372 1430
f 1371 1430 1373
f 1372 1428 1430
f 1373 1431 1400
f 1373 1400 1432
f 1373 1432 1377
f 1373 1377 1374
f 1373 1430 1431
f 1374 1377 1375
f 1377 1432 1400
f 1378 1379 1433
f 1379 1388 1387
f 1379 1387 1433
f 1380 1398 1434
f 1380 1434 1381
f 1381 1434 1435
f 1381 1435 1436
f 1381 1436 1382
f 1382 1436 1437
f 1382 1437 1384
f 1382 1384 1383
f 1384 1437 1385
f 1385 1437 1438
f 1385 1438 1439
f 1385 1439 1386
f 1386 1440 1441
f 1386 1441 1442
f 1386 1442 1387
f 1386 1439 1440
f 1387 1442 1433
f 1389 1400 1443
f 1389 1443 1444
f 1389 1444 1391
f 1389 1399 1400
f 1390 1397 1396
f 1390 1396 1445
f 1390 1445 1446
f 1390 1446 1398
f 1391 1444 1447
f 1391 1447 1392
f 1392 1447 1393
f 1393 1447 1448
f 1393 1448 1449
f 1393 1449 1450
f 1393 1450 1451
f 1393 1451 1394
f 1394 1451 1395
f 1395 1451 1452
f 1395 1452 1396
f 1396 1453 1445
f 1396 1452 1454
f 1396 1454 1455
f 1396 1455 1453
f 1398 1446 1453
f 1398 1453 1456
f 1398 1456 1434
f 1400 1431 1457
f 1400 1457 1458
f 1400 1458 1459
f 1400 1459 1460
f 1400 1460 1461
f 1400 1461 1443
f 1401 1402 1462
f 1401 1462 1417
f 1402 1415 1463
f 1402 1463 1462
f 1404 1464 1405
f 1405 1464 1465
f 1405 1465 1406
f 1406 1465 1466
f 1406 1466 1467
f 1406 1467 1407
f 1407 1468 1408
f 1407 1467 1468
f 1408 1468 1469
f 1408 1469 1409
f 1409 1469 1470
f 1409 1470 1471
f 1409 1471 1410
f 1410 1471 1411
f 1411 1471 1472
f 1411 1472 1412
f 1412 1472 1473
f 1412 1473 1474
f 1412 1474 1475
f 1412 1475 1413
f 1413 1475 1416
f 1414 1476 1415
f 1414 1416 1477
f 1414 1477 1476
f 1415 1476 1478
f 1415 1478 1463
f 1416 1475 1479
f 1416 1479 1477
f 1417 1462 1418
f 1418 1480 1419
f 1418 1462 1480
f 1419 1480 1424
f 1420 1423 1481
f 1420 1481 1482
f 1420 1482 1421
f 1421 1482 1483
f 1421 1483 1422
f 1422 1483 1427
f 1423 1425 1484
f 1423 1484 1481
f 1424 1480 1425
f 1425 1480 1485
f 1425 1485 1484
f 1426 1427 1486
f 1426 1486 1487
f 1426 1487 1488
f 1426 1488 1429
f 1427 1487 1486
f 1427 1483 1489
f 1427 1489 1487
f 1428 1490 1430
f 1428 1429 1490
f 1429 1488 1491
f 1429 1491 1492
f 1429 1492 1493
f 1429 1493 1494
f 1429 1494 1490
f 1430 1490 1494
f 1430 1494 1495
f 1430 1495 1496
f 1430 1496 1457
f 1430 1457 1431
f 1434 1456 1435
f 1435 1456 1455
f 1435 1455 1497
f 1435 1497 1498
f 1435 1498 1499
f 1435 1499 1436
f 1436 1499 1437
f 1437 1499 1500
f 1437 1500 1438
f 1438 1500 1501
f 1438 1501 1502
f 1438 1502 1439
f 1439 1502 1503
f 1439 1503 1504
f 1439 1504 1440
f 1440 1505 1506
f 1440 1506 1442
f 1440 1442 1441
f 1440 1504 1505
f 1443 1461 1444
f 1444 1461 1447
f 1445 1453 1446
f 1447 1461 1448
f 1448 1461 1449
f 1449 1461 1460
f 1449 1460 1507
f 1449 1507 1450
f 1450 1507 1451
f 1451 1507 1508
f 1451 1508 1509
f 1451 1509 1452
f 1452 1510 1454
f 1452 1509 1510
f 1453 1455 1456
f 1454 1510 1455
f 1455 1510 1509
f 1455 1509 1511
f 1455 1511 1512
f 1455 1512 1497
f 1457 1496 1458
f 1458 1496 1513
f 1458 1513 1514
f 1458 1514 1459
f 1459 1514 1507
f 1459 1507 1460
f 1462 1463 1480
f 1463 1478 1485
f 1463 1485 1515
f 1463 1515 1480
f 1464 1516 1465
f 1465 1516 1517
f 1465 1517 1466
f 1466 1517 1518
f 1466 1518 1519
f 1466 1519 1467
f 1467 1519 1468
f 1468 1519 1469
f 1469 1519 1470
f 1470 1520 1521
f 1470 1521 1471
f 1470 1519 1520
f 1471 1521 1522
f 1471 1522 1472
f 1472 1522 1523
f 1472 1523 1473
f 1473 1523 1524
f 1473 1524 1475
f 1473 1475 1474
f 1475 1524 1525
f 1475 1525 1479
f 1476 1477 1526
f 1476 1526 1478
f 1477 1479 1527
f 1477 1527 1526
f 1478 1526 1485
f 1479 1525 1527
f 1480 1515 1485
f 1481 1528 1482
f 1481 1484 1528
f 1482 1528 1483
f 1483 1528 1489
f 1484 1529 1528
f 1484 1485 1529
f 1485 1526 1527
f 1485 1527 1529
f 1487 1489 1530
f 1487 1530 1531
f 1487 1531 1491
f 1487 1491 1488
f 1489 1532 1530
f 1489 1528 1533
f 1489 1533 1525
f 1489 1525 1532
f 1491 1531 1534
f 1491 1534 1535
f 1491 1535 1492
f 1492 1535 1536
f 1492 1536 1493
f 1493 1536 1537
f 1493 1537 1538
f 1493 1538 1513
f 1493 1513 1496
f 1493 1496 1539
f 1493 1539 1494
f 1494 1539 1496
f 1494 1496 1495
f 1497 1512 1540
f 1497 1540 1541
f 1497 1541 1498
f 1498 1541 1499
f 1499 1541 1542
f 1499 1542 1500
f 1500 1542 1543
f 1500 1543 1544
f 1500 1544 1501
f 1501 1544 1545
f 1501 1545 1546
f 1501 1546 1502
f 1502 1546 1547
f 1502 1547 1503
f 1507 1514 1513
f 1507 1513 1538
f 1507 1538 1508
f 1508 1538 1537
f 1508 1537 1548
f 1508 1548 1509
f 1509 1548 1549
f 1509 1549 1512
f 1509 1512 1511
f 1512 1549 1522
f 1512 1522 1550
f 1512 1550 1551
f 1512 1551 1540
f 1516 1552 1517
f 1516 1553 1552
f 1517 1554 1518
f 1517 1552 1554
f 1518 1554 1555
f 1518 1555 1519
f 1519 1555 1520
f 1520 1555 1556
f 1520 1556 1557
f 1520 1557 1558
f 1520 1558 1521
f 1521 1558 1550
f 1521 1550 1522
f 1522 1549 1523
f 1523 1525 1524
f 1523 1549 1559
f 1523 1559 1525
f 1525 1533 1527
f 1525 1559 1534
f 1525 1534 1532
f 1527 1533 1528
f 1527 1528 1529
f 1530 1532 1531
f 1531 1532 1534
f 1534 1559 1535
f 1535 1559 1536
f 1536 1559 1548
f 1536 1548 1537
f 1540 1551 1560
f 1540 1560 1561
f 1540 1561 1541
f 1541 1561 1562
f 1541 1562 1542
f 1542 1562 1543
f 1543 1562 1563
f 1543 1563 1564
f 1543 1564 1544
f 1544 1564 1545
f 1545 1565 1546
f 1545 1564 1566
f 1545 1566 1567
f 1545 1567 1565
f 1546 1568 1547
f 1546 1565 1568
f 1548 1559 1549
f 1550 1558 1551
f 1551 1569 1560
f 1551 1558 1570
f 1551 1570 1571
f 1551 1571 1569
f 1552 1553 1554
f 1553 1572 1573
f 1553 1573 1554
f 1554 1573 1556
f 1554 1556 1555
f 1556 1573 1574
f 1556 1574 1575
f 1556 1575 1557
f 1557 1575 1558
f 1558 1575 1576
f 1558 1576 1570
f 1560 1569 1571
f 1560 1571 1577
f 1560 1577 1578
f 1560 1578 1561
f 1561 1578 1562
f 1562 1578 1563
f 1563 1578 1579
f 1563 1579 1580
f 1563 1580 1564
f 1564 1580 1566
f 1566 1580 1581
f 1566 1581 1567
f 1570 1576 1571
f 1571 1576 1577
f 1572 1582 1573
f 1573 1582 1574
f 1574 1583 1584
f 1574 1584 1576
f 1574 1576 1575
f 1574 1582 1583
f 1576 1584 1585
f 1576 1585 1577
f 1577 1585 1579
f 1577 1579 1578
f 1579 1585 1586
f 1579 1586 1580
f 1580 1586 1587
f 1580 1587 1581
f 1582 1588 1583
f 1583 1589 1584
f 1583 1588 1589
f 1584 1590 1591
f 1584 1591 1585
f 1584 1589 1590
f 1585 1591 1586
f 1586 1591 1592
f 1586 1592 1587
f 1590 1593 1591
f 1591 1593 1592

