# Blender 4.0.0
# www.blender.org
o Pot061
v -0.128041 0.045960 0.104002
v -0.127846 0.045743 0.105779
v -0.127762 0.046725 0.103905
v -0.127330 0.047157 0.105599
v -0.127518 0.047397 0.103502
v -0.126879 0.048399 0.104855
v -0.127346 0.047873 0.102857
v -0.126560 0.049279 0.103662
v -0.127272 0.048082 0.102066
v -0.126422 0.049664 0.102202
v -0.127306 0.047990 0.101251
v -0.126487 0.049495 0.100696
v -0.127446 0.047613 0.100536
v -0.126745 0.048798 0.099375
v -0.127668 0.047007 0.100029
v -0.127156 0.047678 0.098438
v -0.127939 0.046265 0.099808
v -0.127657 0.046307 0.098030
v -0.128219 0.045499 0.099907
v -0.128173 0.044893 0.098211
v -0.128463 0.044828 0.100309
v -0.128625 0.043651 0.098954
v -0.128636 0.044351 0.100954
v -0.128944 0.042771 0.100147
v -0.128710 0.044143 0.101744
v -0.129081 0.042386 0.101607
v -0.128675 0.044234 0.102559
v -0.129016 0.042555 0.103113
v -0.128536 0.044612 0.103274
v -0.128759 0.043252 0.104434
v -0.128313 0.045217 0.103781
v -0.128348 0.044372 0.105371
v -0.127518 0.045526 0.106967
v -0.126843 0.047374 0.106730
v -0.126253 0.048997 0.105759
v -0.125837 0.050147 0.104200
v -0.125657 0.050650 0.102293
v -0.125742 0.050429 0.100326
v -0.126079 0.049518 0.098599
v -0.126616 0.048055 0.097375
v -0.127271 0.046263 0.096841
v -0.127945 0.044415 0.097078
v -0.128535 0.042792 0.098050
v -0.128952 0.041642 0.099608
v -0.129131 0.041140 0.101516
v -0.129046 0.041360 0.103483
v -0.128710 0.042272 0.105209
v -0.128173 0.043735 0.106433
v -0.127106 0.045342 0.107383
v -0.125185 0.050648 0.100195
v -0.125549 0.049662 0.098326
v -0.126130 0.048079 0.097001
v -0.127569 0.044139 0.096679
v -0.128208 0.042383 0.097731
v -0.125241 0.046928 0.107124
v -0.126377 0.047342 0.107126
v -0.125970 0.044927 0.107380
v -0.125738 0.049099 0.106075
v -0.124602 0.048683 0.106073
v -0.124151 0.049929 0.104386
v -0.125287 0.050344 0.104389
v -0.125092 0.050888 0.102323
v -0.123957 0.050473 0.102321
v -0.124048 0.050233 0.100192
v -0.124412 0.049248 0.098323
v -0.124993 0.047664 0.096999
v -0.125702 0.045725 0.096421
v -0.126839 0.046140 0.096424
v -0.126432 0.043725 0.096678
v -0.127071 0.041968 0.097728
v -0.128659 0.041138 0.099418
v -0.127522 0.040723 0.099415
v -0.128853 0.040594 0.101482
v -0.127624 0.040418 0.103609
v -0.128761 0.040833 0.103612
v -0.127716 0.040178 0.101481
v -0.128397 0.041819 0.105480
v -0.127260 0.041404 0.105478
v -0.126679 0.042987 0.106802
v -0.127816 0.043403 0.106805
v -0.123734 0.044387 0.103993
v -0.123454 0.045152 0.103895
v -0.124015 0.044344 0.105771
v -0.123500 0.045758 0.105590
v -0.123210 0.045824 0.103493
v -0.123048 0.047001 0.104846
v -0.123037 0.046300 0.102847
v -0.122729 0.047881 0.103653
v -0.122963 0.046509 0.102057
v -0.122592 0.048266 0.102193
v -0.122998 0.046418 0.101242
v -0.122657 0.048097 0.100688
v -0.123137 0.046040 0.100527
v -0.122914 0.047399 0.099367
v -0.123360 0.045434 0.100020
v -0.123325 0.046280 0.098430
v -0.123631 0.044692 0.099799
v -0.123827 0.044908 0.098022
v -0.123910 0.043926 0.099897
v -0.124343 0.043494 0.098203
v -0.124155 0.043255 0.100300
v -0.124794 0.042252 0.098946
v -0.124327 0.042778 0.100945
v -0.125113 0.041372 0.100139
v -0.124401 0.042570 0.101735
v -0.125251 0.040987 0.101599
v -0.124366 0.042661 0.102549
v -0.125185 0.041156 0.103105
v -0.124227 0.043039 0.103265
v -0.124928 0.041853 0.104426
v -0.124005 0.043644 0.103772
v -0.124517 0.042973 0.105363
v -0.124402 0.044389 0.106959
v -0.123728 0.046236 0.106723
v -0.123137 0.047859 0.105751
v -0.122721 0.049009 0.104194
v -0.122542 0.049512 0.102286
v -0.122627 0.049291 0.100319
v -0.122963 0.048380 0.098592
v -0.123500 0.046918 0.097369
v -0.124155 0.045125 0.096835
v -0.124829 0.043277 0.097071
v -0.125419 0.041655 0.098043
v -0.125836 0.040505 0.099601
v -0.126015 0.040001 0.101509
v -0.125930 0.040223 0.103475
v -0.125594 0.041134 0.105202
v -0.125057 0.042597 0.106425
v -0.124104 0.046512 0.107122
v -0.123465 0.048268 0.106070
v -0.122912 0.049819 0.100189
v -0.124567 0.045309 0.096418
v -0.125934 0.041554 0.097726
v -0.126488 0.040003 0.103606
v -0.126124 0.040990 0.105476
v -0.125543 0.042573 0.106799
v -0.124834 0.044512 0.107378
v -0.123014 0.049513 0.104383
v -0.122820 0.050058 0.102319
v -0.123276 0.048832 0.098321
v -0.123857 0.047249 0.096996
v -0.125296 0.043310 0.096675
v -0.126385 0.040309 0.099412
v -0.126580 0.039764 0.101478
v -0.127543 0.047336 0.102566
v -0.127629 0.047106 0.101559
v -0.127767 0.046733 0.100602
v -0.127870 0.046437 0.102963
v -0.127991 0.046113 0.101905
v -0.128111 0.045788 0.100847
v -0.128215 0.045491 0.103208
v -0.128353 0.045119 0.102251
v -0.128439 0.044889 0.101245
v -0.123234 0.045763 0.102557
v -0.123320 0.045533 0.101550
v -0.123458 0.045160 0.100593
v -0.123561 0.044864 0.102953
v -0.123682 0.044540 0.101896
v -0.123802 0.044215 0.100838
v -0.123906 0.043918 0.103199
v -0.124044 0.043546 0.102242
v -0.124130 0.043316 0.101236
v -0.128160 -0.046196 0.104002
v -0.127881 -0.046961 0.103904
v -0.127965 -0.045979 0.105779
v -0.127449 -0.047394 0.105598
v -0.127636 -0.047633 0.103502
v -0.126997 -0.048635 0.104855
v -0.127463 -0.048109 0.102857
v -0.126678 -0.049516 0.103662
v -0.127389 -0.048318 0.102066
v -0.126541 -0.049901 0.102201
v -0.127424 -0.048227 0.101251
v -0.126606 -0.049731 0.100696
v -0.127563 -0.047849 0.100536
v -0.126863 -0.049034 0.099375
v -0.127786 -0.047243 0.100029
v -0.127273 -0.047914 0.098438
v -0.128058 -0.046501 0.099808
v -0.127776 -0.046543 0.098030
v -0.128337 -0.045736 0.099907
v -0.128291 -0.045129 0.098211
v -0.128581 -0.045064 0.100309
v -0.128743 -0.043887 0.098954
v -0.128753 -0.044587 0.100954
v -0.129061 -0.043006 0.100147
v -0.128828 -0.044379 0.101744
v -0.129199 -0.042621 0.101607
v -0.128793 -0.044470 0.102559
v -0.129134 -0.042790 0.103113
v -0.128654 -0.044848 0.103274
v -0.128876 -0.043488 0.104434
v -0.128431 -0.045453 0.103781
v -0.128466 -0.044607 0.105371
v -0.127636 -0.045762 0.106967
v -0.126962 -0.047610 0.106730
v -0.126372 -0.049232 0.105759
v -0.125955 -0.050382 0.104200
v -0.125775 -0.050886 0.102292
v -0.125860 -0.050664 0.100325
v -0.126196 -0.049754 0.098598
v -0.126734 -0.048291 0.097375
v -0.127389 -0.046499 0.096841
v -0.128063 -0.044651 0.097078
v -0.128653 -0.043029 0.098049
v -0.129070 -0.041878 0.099608
v -0.129249 -0.041376 0.101516
v -0.129164 -0.041596 0.103483
v -0.128827 -0.042508 0.105209
v -0.128291 -0.043970 0.106433
v -0.125303 -0.050885 0.100195
v -0.127686 -0.044375 0.096679
v -0.128777 -0.041374 0.099418
v -0.128879 -0.041068 0.103612
v -0.128515 -0.042055 0.105480
v -0.125358 -0.047163 0.107124
v -0.126088 -0.045163 0.107380
v -0.126495 -0.047578 0.107126
v -0.127225 -0.045578 0.107383
v -0.125856 -0.049334 0.106075
v -0.124719 -0.048920 0.106072
v -0.124268 -0.050165 0.104386
v -0.125405 -0.050579 0.104388
v -0.125211 -0.051123 0.102323
v -0.124074 -0.050709 0.102321
v -0.124166 -0.050469 0.100192
v -0.124530 -0.049483 0.098323
v -0.125667 -0.049898 0.098326
v -0.126248 -0.048314 0.097001
v -0.125111 -0.047900 0.096999
v -0.125821 -0.045961 0.096421
v -0.126957 -0.046375 0.096424
v -0.126551 -0.043960 0.096678
v -0.128325 -0.042619 0.097731
v -0.127189 -0.042204 0.097728
v -0.127640 -0.040959 0.099415
v -0.128971 -0.040830 0.101482
v -0.127835 -0.040414 0.101481
v -0.127742 -0.040654 0.103609
v -0.127378 -0.041640 0.105478
v -0.126797 -0.043223 0.106802
v -0.127934 -0.043639 0.106805
v -0.123851 -0.044623 0.103993
v -0.124134 -0.044580 0.105771
v -0.123572 -0.045388 0.103895
v -0.123618 -0.045995 0.105590
v -0.123328 -0.046060 0.103493
v -0.123166 -0.047236 0.104846
v -0.123155 -0.046536 0.102847
v -0.122847 -0.048117 0.103653
v -0.123080 -0.046745 0.102057
v -0.122710 -0.048502 0.102193
v -0.123116 -0.046654 0.101242
v -0.122775 -0.048332 0.100688
v -0.123256 -0.046276 0.100526
v -0.123032 -0.047635 0.099366
v -0.123478 -0.045670 0.100020
v -0.123443 -0.046516 0.098430
v -0.123749 -0.044928 0.099799
v -0.123944 -0.045144 0.098022
v -0.124028 -0.044163 0.099897
v -0.124460 -0.043730 0.098203
v -0.124273 -0.043491 0.100300
v -0.124912 -0.042489 0.098946
v -0.124446 -0.043014 0.100945
v -0.125231 -0.041608 0.100139
v -0.124520 -0.042806 0.101735
v -0.125368 -0.041223 0.101599
v -0.124484 -0.042897 0.102549
v -0.125303 -0.041392 0.103104
v -0.124345 -0.043275 0.103265
v -0.125045 -0.042089 0.104426
v -0.124123 -0.043881 0.103772
v -0.124635 -0.043209 0.105362
v -0.124520 -0.044624 0.106959
v -0.123846 -0.046472 0.106723
v -0.123256 -0.048095 0.105751
v -0.122839 -0.049245 0.104194
v -0.122659 -0.049748 0.102286
v -0.122744 -0.049527 0.100319
v -0.123081 -0.048616 0.098592
v -0.123618 -0.047153 0.097369
v -0.124273 -0.045362 0.096835
v -0.124947 -0.043513 0.097071
v -0.125537 -0.041891 0.098043
v -0.125953 -0.040740 0.099601
v -0.126133 -0.040238 0.101509
v -0.126048 -0.040458 0.103475
v -0.125712 -0.041370 0.105202
v -0.125176 -0.042833 0.106425
v -0.124222 -0.046748 0.107121
v -0.123584 -0.048504 0.106070
v -0.123133 -0.049749 0.104383
v -0.122938 -0.050294 0.102318
v -0.123030 -0.050054 0.100189
v -0.123975 -0.047485 0.096996
v -0.124684 -0.045545 0.096418
v -0.126606 -0.040239 0.103606
v -0.125661 -0.042808 0.106799
v -0.124951 -0.044748 0.107378
v -0.123394 -0.049068 0.098321
v -0.125414 -0.043546 0.096675
v -0.126053 -0.041789 0.097726
v -0.126504 -0.040544 0.099412
v -0.126698 -0.040000 0.101478
v -0.126242 -0.041226 0.105476
v -0.127661 -0.047572 0.102566
v -0.127747 -0.047342 0.101559
v -0.127884 -0.046970 0.100602
v -0.127988 -0.046673 0.102963
v -0.128108 -0.046348 0.101905
v -0.128229 -0.046024 0.100847
v -0.128332 -0.045727 0.103208
v -0.128471 -0.045355 0.102251
v -0.128556 -0.045125 0.101245
v -0.123352 -0.045999 0.102557
v -0.123438 -0.045769 0.101550
v -0.123576 -0.045397 0.100593
v -0.123679 -0.045100 0.102953
v -0.123800 -0.044775 0.101896
v -0.123921 -0.044451 0.100838
v -0.124024 -0.044154 0.103198
v -0.124162 -0.043782 0.102242
v -0.124248 -0.043552 0.101236
v -0.121924 -0.046196 0.104002
v -0.121645 -0.046961 0.103904
v -0.121729 -0.045979 0.105779
v -0.121213 -0.047394 0.105598
v -0.121401 -0.047633 0.103502
v -0.120761 -0.048635 0.104855
v -0.121228 -0.048109 0.102857
v -0.120442 -0.049516 0.103662
v -0.121153 -0.048318 0.102066
v -0.120305 -0.049901 0.102201
v -0.121188 -0.048227 0.101251
v -0.120370 -0.049731 0.100696
v -0.121328 -0.047849 0.100536
v -0.120627 -0.049034 0.099375
v -0.121551 -0.047243 0.100029
v -0.121038 -0.047914 0.098438
v -0.121822 -0.046501 0.099808
v -0.121540 -0.046543 0.098030
v -0.122101 -0.045736 0.099907
v -0.122056 -0.045129 0.098211
v -0.122346 -0.045064 0.100309
v -0.122508 -0.043887 0.098954
v -0.122518 -0.044587 0.100954
v -0.122826 -0.043006 0.100147
v -0.122592 -0.044379 0.101744
v -0.122964 -0.042621 0.101607
v -0.122557 -0.044470 0.102559
v -0.122899 -0.042790 0.103113
v -0.122418 -0.044848 0.103274
v -0.122641 -0.043488 0.104434
v -0.122196 -0.045453 0.103781
v -0.122230 -0.044607 0.105371
v -0.121400 -0.045762 0.106967
v -0.120726 -0.047610 0.106730
v -0.120136 -0.049232 0.105759
v -0.119719 -0.050382 0.104200
v -0.119540 -0.050886 0.102292
v -0.119624 -0.050664 0.100325
v -0.119961 -0.049754 0.098598
v -0.120498 -0.048291 0.097375
v -0.121153 -0.046499 0.096841
v -0.121827 -0.044651 0.097078
v -0.122417 -0.043029 0.098049
v -0.122834 -0.041878 0.099608
v -0.123013 -0.041376 0.101516
v -0.122929 -0.041596 0.103483
v -0.122592 -0.042508 0.105209
v -0.122056 -0.043970 0.106433
v -0.120259 -0.047578 0.107126
v -0.119620 -0.049334 0.106075
v -0.119169 -0.050579 0.104388
v -0.119067 -0.050885 0.100195
v -0.120012 -0.048314 0.097001
v -0.120721 -0.046375 0.096424
v -0.121451 -0.044375 0.096679
v -0.122541 -0.041374 0.099418
v -0.122735 -0.040830 0.101482
v -0.119123 -0.047163 0.107124
v -0.119852 -0.045163 0.107380
v -0.120989 -0.045578 0.107383
v -0.118484 -0.048920 0.106072
v -0.118033 -0.050165 0.104386
v -0.118975 -0.051123 0.102323
v -0.117838 -0.050709 0.102321
v -0.117930 -0.050469 0.100192
v -0.118295 -0.049483 0.098323
v -0.119431 -0.049898 0.098326
v -0.118875 -0.047900 0.096999
v -0.119585 -0.045961 0.096421
v -0.120315 -0.043960 0.096678
v -0.122090 -0.042619 0.097731
v -0.120954 -0.042204 0.097728
v -0.121404 -0.040959 0.099415
v -0.121599 -0.040414 0.101481
v -0.121506 -0.040654 0.103609
v -0.122643 -0.041068 0.103612
v -0.122279 -0.042055 0.105480
v -0.121142 -0.041640 0.105478
v -0.120561 -0.043224 0.106802
v -0.121698 -0.043639 0.106805
v -0.117615 -0.044623 0.103993
v -0.117898 -0.044580 0.105771
v -0.117336 -0.045388 0.103895
v -0.117382 -0.045995 0.105590
v -0.117092 -0.046060 0.103493
v -0.116930 -0.047236 0.104846
v -0.116919 -0.046536 0.102847
v -0.116611 -0.048117 0.103653
v -0.116845 -0.046745 0.102057
v -0.116474 -0.048502 0.102193
v -0.116880 -0.046654 0.101242
v -0.116539 -0.048332 0.100688
v -0.117020 -0.046276 0.100526
v -0.116797 -0.047635 0.099366
v -0.117242 -0.045670 0.100020
v -0.117207 -0.046516 0.098430
v -0.117513 -0.044928 0.099799
v -0.117708 -0.045144 0.098022
v -0.117792 -0.044163 0.099897
v -0.118225 -0.043730 0.098203
v -0.118037 -0.043491 0.100300
v -0.118677 -0.042489 0.098946
v -0.118210 -0.043014 0.100945
v -0.118995 -0.041608 0.100139
v -0.118284 -0.042806 0.101735
v -0.119132 -0.041223 0.101599
v -0.118248 -0.042897 0.102549
v -0.119067 -0.041392 0.103104
v -0.118109 -0.043275 0.103265
v -0.118810 -0.042089 0.104426
v -0.117887 -0.043881 0.103772
v -0.118399 -0.043209 0.105362
v -0.118284 -0.044624 0.106959
v -0.117610 -0.046472 0.106723
v -0.117020 -0.048095 0.105751
v -0.116603 -0.049245 0.104194
v -0.116423 -0.049748 0.102286
v -0.116508 -0.049527 0.100319
v -0.116845 -0.048616 0.098592
v -0.117382 -0.047153 0.097369
v -0.118037 -0.045362 0.096835
v -0.118711 -0.043513 0.097071
v -0.119301 -0.041891 0.098043
v -0.119718 -0.040740 0.099601
v -0.119897 -0.040238 0.101509
v -0.119812 -0.040458 0.103475
v -0.119476 -0.041370 0.105202
v -0.118940 -0.042833 0.106425
v -0.117348 -0.048504 0.106070
v -0.116897 -0.049749 0.104383
v -0.117158 -0.049068 0.098321
v -0.117739 -0.047485 0.096996
v -0.120268 -0.040544 0.099412
v -0.120462 -0.040000 0.101478
v -0.117986 -0.046748 0.107121
v -0.118716 -0.044748 0.107378
v -0.116703 -0.050294 0.102318
v -0.116794 -0.050054 0.100189
v -0.118448 -0.045545 0.096418
v -0.119178 -0.043546 0.096675
v -0.119817 -0.041789 0.097726
v -0.120370 -0.040239 0.103606
v -0.120006 -0.041226 0.105476
v -0.119425 -0.042808 0.106799
v -0.121425 -0.047572 0.102566
v -0.121511 -0.047342 0.101559
v -0.121649 -0.046970 0.100602
v -0.121752 -0.046673 0.102963
v -0.121873 -0.046348 0.101905
v -0.121993 -0.046024 0.100847
v -0.122097 -0.045727 0.103208
v -0.122235 -0.045355 0.102251
v -0.122321 -0.045125 0.101245
v -0.117116 -0.045999 0.102557
v -0.117202 -0.045769 0.101550
v -0.117340 -0.045397 0.100593
v -0.117443 -0.045100 0.102953
v -0.117565 -0.044775 0.101896
v -0.117685 -0.044451 0.100838
v -0.117789 -0.044154 0.103198
v -0.117927 -0.043782 0.102242
v -0.118013 -0.043552 0.101236
v -0.121824 0.045960 0.104002
v -0.121628 0.045743 0.105779
v -0.121544 0.046725 0.103905
v -0.121113 0.047157 0.105599
v -0.121300 0.047397 0.103502
v -0.120661 0.048399 0.104855
v -0.121127 0.047873 0.102857
v -0.120342 0.049279 0.103662
v -0.121053 0.048082 0.102066
v -0.120205 0.049664 0.102202
v -0.121088 0.047990 0.101251
v -0.120270 0.049495 0.100696
v -0.121227 0.047613 0.100536
v -0.120527 0.048798 0.099375
v -0.121450 0.047007 0.100029
v -0.120937 0.047678 0.098438
v -0.121721 0.046265 0.099808
v -0.121439 0.046307 0.098030
v -0.122001 0.045499 0.099907
v -0.121955 0.044893 0.098211
v -0.122245 0.044828 0.100309
v -0.122406 0.043651 0.098954
v -0.122417 0.044351 0.100954
v -0.122725 0.042771 0.100147
v -0.122492 0.044143 0.101744
v -0.122863 0.042386 0.101607
v -0.122457 0.044234 0.102559
v -0.122798 0.042555 0.103113
v -0.122317 0.044612 0.103274
v -0.122540 0.043252 0.104434
v -0.122095 0.045217 0.103781
v -0.122130 0.044372 0.105371
v -0.121300 0.045526 0.106967
v -0.120626 0.047374 0.106730
v -0.120036 0.048997 0.105759
v -0.119619 0.050147 0.104200
v -0.119439 0.050650 0.102293
v -0.119524 0.050429 0.100326
v -0.119860 0.049518 0.098599
v -0.120397 0.048055 0.097375
v -0.121053 0.046263 0.096841
v -0.121727 0.044415 0.097078
v -0.122317 0.042792 0.098050
v -0.122733 0.041642 0.099608
v -0.122913 0.041140 0.101516
v -0.122828 0.041360 0.103483
v -0.122491 0.042272 0.105209
v -0.121955 0.043735 0.106433
v -0.119069 0.050344 0.104389
v -0.119331 0.049662 0.098326
v -0.119912 0.048079 0.097001
v -0.121350 0.044139 0.096679
v -0.121989 0.042383 0.097731
v -0.122635 0.040594 0.101482
v -0.122543 0.040833 0.103612
v -0.122179 0.041819 0.105480
v -0.119022 0.046928 0.107124
v -0.120158 0.047342 0.107126
v -0.119752 0.044927 0.107380
v -0.120888 0.045342 0.107383
v -0.119520 0.049099 0.106075
v -0.118383 0.048683 0.106073
v -0.117932 0.049929 0.104386
v -0.118875 0.050888 0.102323
v -0.117738 0.050473 0.102321
v -0.118967 0.050648 0.100195
v -0.117830 0.050233 0.100192
v -0.118194 0.049248 0.098323
v -0.118775 0.047664 0.096999
v -0.119484 0.045725 0.096421
v -0.120621 0.046140 0.096424
v -0.120214 0.043725 0.096678
v -0.120853 0.041968 0.097728
v -0.122440 0.041138 0.099418
v -0.121304 0.040723 0.099415
v -0.121498 0.040178 0.101481
v -0.121406 0.040418 0.103609
v -0.121042 0.041404 0.105478
v -0.120461 0.042987 0.106802
v -0.121598 0.043403 0.106805
v -0.117515 0.044387 0.103993
v -0.117236 0.045152 0.103895
v -0.117798 0.044344 0.105771
v -0.117282 0.045758 0.105590
v -0.116992 0.045824 0.103493
v -0.116830 0.047001 0.104846
v -0.116819 0.046300 0.102847
v -0.116511 0.047881 0.103653
v -0.116744 0.046509 0.102057
v -0.116374 0.048266 0.102193
v -0.116779 0.046418 0.101242
v -0.116439 0.048097 0.100688
v -0.116919 0.046040 0.100527
v -0.116696 0.047399 0.099367
v -0.117141 0.045434 0.100020
v -0.117106 0.046280 0.098430
v -0.117413 0.044692 0.099799
v -0.117608 0.044908 0.098022
v -0.117692 0.043926 0.099897
v -0.118124 0.043494 0.098203
v -0.117937 0.043255 0.100300
v -0.118576 0.042252 0.098946
v -0.118109 0.042778 0.100945
v -0.118894 0.041372 0.100139
v -0.118183 0.042570 0.101735
v -0.119032 0.040987 0.101599
v -0.118148 0.042661 0.102549
v -0.118967 0.041156 0.103105
v -0.118009 0.043039 0.103265
v -0.118709 0.041853 0.104426
v -0.117787 0.043644 0.103772
v -0.118299 0.042973 0.105363
v -0.118183 0.044389 0.106959
v -0.117509 0.046236 0.106723
v -0.116919 0.047859 0.105751
v -0.116503 0.049009 0.104194
v -0.116323 0.049512 0.102286
v -0.116408 0.049291 0.100319
v -0.116745 0.048380 0.098592
v -0.117282 0.046918 0.097369
v -0.117937 0.045125 0.096835
v -0.118611 0.043277 0.097071
v -0.119201 0.041655 0.098043
v -0.119617 0.040505 0.099601
v -0.119797 0.040001 0.101509
v -0.119712 0.040223 0.103475
v -0.119375 0.041134 0.105202
v -0.118838 0.042597 0.106425
v -0.118615 0.044512 0.107378
v -0.117247 0.048268 0.106070
v -0.116601 0.050058 0.102319
v -0.117639 0.047249 0.096996
v -0.118348 0.045309 0.096418
v -0.120270 0.040003 0.103606
v -0.119325 0.042573 0.106799
v -0.117886 0.046512 0.107122
v -0.116796 0.049513 0.104383
v -0.116694 0.049819 0.100189
v -0.117058 0.048832 0.098321
v -0.119078 0.043310 0.096675
v -0.119717 0.041554 0.097726
v -0.120167 0.040309 0.099412
v -0.120362 0.039764 0.101478
v -0.119905 0.040990 0.105476
v -0.121325 0.047336 0.102566
v -0.121411 0.047106 0.101559
v -0.121548 0.046733 0.100602
v -0.121652 0.046437 0.102963
v -0.121772 0.046113 0.101905
v -0.121893 0.045788 0.100847
v -0.121996 0.045491 0.103208
v -0.122134 0.045119 0.102251
v -0.122220 0.044889 0.101245
v -0.117016 0.045763 0.102557
v -0.117102 0.045533 0.101550
v -0.117240 0.045160 0.100593
v -0.117343 0.044864 0.102953
v -0.117464 0.044540 0.101896
v -0.117584 0.044215 0.100838
v -0.117688 0.043918 0.103199
v -0.117826 0.043546 0.102242
v -0.117911 0.043316 0.101236
v 0.128042 0.046324 0.105169
v 0.126881 0.049366 0.102029
v 0.129211 0.043170 0.101172
v 0.127738 0.045526 0.106967
v 0.127064 0.047374 0.106730
v 0.126371 0.049612 0.105010
v 0.125878 0.050650 0.102292
v 0.125962 0.050429 0.100325
v 0.126299 0.049518 0.098598
v 0.126835 0.048055 0.097375
v 0.127629 0.046216 0.096982
v 0.128431 0.044230 0.097442
v 0.128755 0.042792 0.098049
v 0.129172 0.041642 0.099608
v 0.129432 0.041297 0.102556
v 0.128930 0.042272 0.105209
v 0.128615 0.043604 0.106074
v 0.126597 0.047342 0.107126
v 0.125958 0.049098 0.106075
v 0.125313 0.050888 0.102323
v 0.125405 0.050648 0.100194
v 0.125769 0.049662 0.098326
v 0.126350 0.048079 0.097001
v 0.127059 0.046140 0.096424
v 0.127788 0.044139 0.096679
v 0.128427 0.042383 0.097731
v 0.129072 0.040593 0.101482
v 0.128617 0.041819 0.105480
v 0.127327 0.045342 0.107382
v 0.123234 0.049513 0.104383
v 0.125507 0.050344 0.104388
v 0.128878 0.041138 0.099418
v 0.126606 0.040309 0.099412
v 0.128981 0.040833 0.103612
v 0.125763 0.042573 0.106799
v 0.128036 0.043402 0.106805
v 0.124337 0.043531 0.104922
v 0.123314 0.047469 0.105778
v 0.123492 0.046026 0.098663
v 0.125443 0.041832 0.098032
v 0.125033 0.041692 0.100764
v 0.125891 0.040467 0.103731
v 0.124622 0.044389 0.106959
v 0.123948 0.046236 0.106723
v 0.122777 0.049334 0.103263
v 0.122846 0.049291 0.100319
v 0.123182 0.048380 0.098592
v 0.123719 0.046917 0.097369
v 0.124375 0.045125 0.096835
v 0.125049 0.043277 0.097071
v 0.126056 0.040505 0.099601
v 0.126235 0.040001 0.101509
v 0.125813 0.041134 0.105202
v 0.125277 0.042597 0.106425
v 0.125054 0.044512 0.107378
v 0.124324 0.046512 0.107121
v 0.123685 0.048268 0.106070
v 0.123040 0.050058 0.102318
v 0.123496 0.048832 0.098321
v 0.124077 0.047249 0.096996
v 0.126800 0.039764 0.101478
v 0.126344 0.040990 0.105476
v 0.123132 0.049819 0.100189
v 0.124786 0.045309 0.096418
v 0.125516 0.043310 0.096675
v 0.126155 0.041554 0.097726
v 0.126708 0.040003 0.103606
v 0.127509 0.047880 0.099401
v 0.122837 0.047653 0.102401
v 0.127797 -0.047026 0.105088
v 0.126852 -0.049428 0.102742
v 0.127747 -0.047072 0.098677
v 0.128722 -0.043264 0.098113
v 0.128531 -0.043830 0.106041
v 0.127636 -0.045762 0.106967
v 0.126962 -0.047610 0.106730
v 0.126372 -0.049232 0.105759
v 0.125855 -0.050748 0.103276
v 0.125860 -0.050664 0.100326
v 0.126299 -0.049862 0.098964
v 0.126734 -0.048291 0.097375
v 0.127389 -0.046499 0.096841
v 0.128063 -0.044651 0.097078
v 0.129278 -0.041666 0.100576
v 0.129164 -0.041596 0.103483
v 0.128828 -0.042508 0.105209
v 0.125856 -0.049334 0.106075
v 0.125405 -0.050579 0.104388
v 0.125211 -0.051123 0.102323
v 0.125303 -0.050885 0.100195
v 0.125667 -0.049898 0.098326
v 0.126248 -0.048314 0.097001
v 0.128777 -0.041374 0.099418
v 0.128971 -0.040830 0.101482
v 0.126495 -0.047578 0.107126
v 0.127225 -0.045578 0.107383
v 0.127686 -0.044375 0.096679
v 0.126957 -0.046375 0.096424
v 0.128326 -0.042619 0.097731
v 0.128879 -0.041068 0.103612
v 0.128515 -0.042055 0.105480
v 0.127934 -0.043639 0.106805
v 0.123763 -0.045224 0.105266
v 0.123048 -0.046755 0.101642
v 0.122788 -0.048935 0.104333
v 0.122928 -0.048630 0.098964
v 0.124366 -0.043529 0.098884
v 0.125770 -0.040842 0.099657
v 0.124895 -0.041952 0.102711
v 0.125411 -0.041730 0.105374
v 0.124132 -0.045543 0.106937
v 0.123256 -0.048095 0.105751
v 0.122611 -0.049575 0.102323
v 0.122744 -0.049527 0.100319
v 0.123618 -0.047153 0.097369
v 0.124034 -0.045514 0.097061
v 0.124947 -0.043513 0.097071
v 0.125537 -0.041891 0.098043
v 0.126133 -0.040238 0.101509
v 0.126048 -0.040458 0.103475
v 0.125176 -0.042833 0.106425
v 0.124951 -0.044748 0.107378
v 0.123584 -0.048504 0.106070
v 0.123133 -0.049749 0.104383
v 0.122938 -0.050294 0.102318
v 0.123030 -0.050054 0.100189
v 0.126053 -0.041789 0.097726
v 0.126698 -0.040000 0.101478
v 0.125661 -0.042808 0.106799
v 0.124222 -0.046748 0.107121
v 0.123394 -0.049068 0.098321
v 0.123975 -0.047485 0.096996
v 0.125414 -0.043546 0.096675
v 0.124684 -0.045545 0.096418
v 0.126504 -0.040544 0.099412
v 0.126606 -0.040239 0.103606
v 0.126242 -0.041226 0.105476
v 0.129143 -0.043314 0.102139
v 0.120840 0.048472 0.103824
v 0.121088 0.047818 0.099267
v 0.122753 0.043171 0.101010
v 0.122338 0.044299 0.104492
v 0.121300 0.045526 0.106967
v 0.120888 0.047090 0.106627
v 0.120035 0.048997 0.105759
v 0.119618 0.050147 0.104200
v 0.119439 0.050650 0.102292
v 0.119728 0.050369 0.100735
v 0.119860 0.049518 0.098598
v 0.120397 0.048055 0.097375
v 0.121347 0.045908 0.097032
v 0.122133 0.043613 0.097549
v 0.122733 0.041642 0.099608
v 0.122990 0.041300 0.102511
v 0.122491 0.042272 0.105209
v 0.121955 0.043735 0.106433
v 0.120158 0.047342 0.107126
v 0.119520 0.049099 0.106075
v 0.119911 0.048079 0.097001
v 0.122542 0.040833 0.103612
v 0.120888 0.045342 0.107382
v 0.119069 0.050344 0.104388
v 0.118875 0.050888 0.102323
v 0.116694 0.049819 0.100189
v 0.118966 0.050648 0.100195
v 0.119330 0.049662 0.098326
v 0.117639 0.047249 0.096996
v 0.120620 0.046140 0.096424
v 0.121350 0.044139 0.096679
v 0.121989 0.042383 0.097731
v 0.122440 0.041138 0.099418
v 0.122634 0.040593 0.101482
v 0.122178 0.041819 0.105480
v 0.121597 0.043403 0.106805
v 0.118439 0.042028 0.103766
v 0.116778 0.046315 0.102829
v 0.118390 0.043527 0.097109
v 0.116947 0.046176 0.099196
v 0.118634 0.041654 0.100653
v 0.119053 0.041723 0.098167
v 0.118183 0.044389 0.106959
v 0.117445 0.045806 0.106555
v 0.116919 0.047859 0.105751
v 0.116451 0.048768 0.104223
v 0.116323 0.049512 0.102286
v 0.116300 0.049157 0.100681
v 0.116744 0.048380 0.098592
v 0.117281 0.046917 0.097369
v 0.117936 0.045125 0.096835
v 0.119617 0.040505 0.099601
v 0.119796 0.040001 0.101509
v 0.119711 0.040223 0.103475
v 0.119375 0.041134 0.105202
v 0.118838 0.042597 0.106425
v 0.118615 0.044512 0.107378
v 0.117885 0.046512 0.107121
v 0.116796 0.049513 0.104383
v 0.117058 0.048832 0.098321
v 0.119077 0.043310 0.096675
v 0.120167 0.040309 0.099412
v 0.120361 0.039764 0.101478
v 0.120270 0.040003 0.103606
v 0.119905 0.040990 0.105476
v 0.119325 0.042573 0.106799
v 0.117246 0.048268 0.106070
v 0.116601 0.050058 0.102318
v 0.118348 0.045309 0.096418
v 0.119716 0.041554 0.097726
v 0.121498 -0.045890 0.106798
v 0.121164 -0.047918 0.104825
v 0.121008 -0.048689 0.100227
v 0.122624 -0.043913 0.099392
v 0.123024 -0.041736 0.103191
v 0.120726 -0.047610 0.106730
v 0.120136 -0.049232 0.105759
v 0.119719 -0.050382 0.104200
v 0.119777 -0.050700 0.102684
v 0.119624 -0.050664 0.100325
v 0.119961 -0.049754 0.098598
v 0.120498 -0.048291 0.097375
v 0.121216 -0.046742 0.097024
v 0.122188 -0.043808 0.097487
v 0.122834 -0.041878 0.099608
v 0.123013 -0.041376 0.101516
v 0.122592 -0.042508 0.105209
v 0.122056 -0.043970 0.106433
v 0.120260 -0.047578 0.107126
v 0.119620 -0.049334 0.106075
v 0.118975 -0.051123 0.102323
v 0.119067 -0.050885 0.100195
v 0.119431 -0.049898 0.098326
v 0.120012 -0.048314 0.097001
v 0.120721 -0.046375 0.096424
v 0.121451 -0.044375 0.096679
v 0.122541 -0.041374 0.099418
v 0.122735 -0.040830 0.101482
v 0.121698 -0.043639 0.106805
v 0.120989 -0.045578 0.107383
v 0.119169 -0.050579 0.104388
v 0.122090 -0.042619 0.097731
v 0.122643 -0.041068 0.103612
v 0.122279 -0.042055 0.105480
v 0.116553 -0.047828 0.102716
v 0.116713 -0.047465 0.099741
v 0.118563 -0.042107 0.100938
v 0.117659 -0.044765 0.105188
v 0.119279 -0.041377 0.104948
v 0.118285 -0.044624 0.106959
v 0.117187 -0.047239 0.106225
v 0.116603 -0.049245 0.104194
v 0.116423 -0.049748 0.102286
v 0.116509 -0.049527 0.100319
v 0.116845 -0.048616 0.098592
v 0.117382 -0.047153 0.097369
v 0.118037 -0.045361 0.096835
v 0.118455 -0.043660 0.097255
v 0.119301 -0.041891 0.098043
v 0.119718 -0.040740 0.099601
v 0.119897 -0.040238 0.101509
v 0.119812 -0.040458 0.103475
v 0.118766 -0.042910 0.106300
v 0.118716 -0.044748 0.107378
v 0.116897 -0.049749 0.104383
v 0.116703 -0.050294 0.102318
v 0.117159 -0.049068 0.098321
v 0.118449 -0.045545 0.096418
v 0.119178 -0.043546 0.096675
v 0.120268 -0.040544 0.099412
v 0.120462 -0.040000 0.101478
v 0.117986 -0.046748 0.107121
v 0.117348 -0.048504 0.106070
v 0.116795 -0.050054 0.100189
v 0.117740 -0.047485 0.096996
v 0.119817 -0.041789 0.097726
v 0.120371 -0.040239 0.103606
v 0.120006 -0.041226 0.105476
v 0.119426 -0.042808 0.106799
v 0.122559 -0.044263 0.104171
v -0.149044 -0.052524 0.129279
v -0.156962 -0.052361 0.130762
v -0.149068 -0.036872 0.125692
v -0.154055 -0.036824 0.128076
v -0.154233 -0.036736 0.125276
v -0.150678 -0.038386 0.116646
v -0.157719 -0.038938 0.117649
v -0.161981 -0.037669 0.118351
v -0.161907 -0.039042 0.118139
v -0.165564 -0.037812 0.118511
v -0.148235 -0.054525 0.119391
v -0.151487 -0.054623 0.118619
v -0.164104 -0.054762 0.121527
v -0.193342 -0.041157 0.136915
v -0.194476 -0.025779 0.137032
v -0.194591 -0.015124 0.137049
v -0.192588 -0.036580 0.136897
v -0.194170 -0.012416 0.137076
v -0.193117 -0.021538 0.136981
v -0.175542 -0.027067 0.132495
v -0.175754 -0.027108 0.130354
v -0.176046 -0.021905 0.132081
v -0.176581 -0.013374 0.130603
v -0.180042 -0.028922 0.117168
v -0.179953 -0.022328 0.117230
v -0.180209 -0.015469 0.117272
v -0.180219 -0.000001 0.117331
v -0.182470 -0.003130 0.117526
v -0.183240 -0.021428 0.117655
v -0.196846 -0.042286 0.124550
v -0.197376 -0.034069 0.124597
v -0.197654 -0.023881 0.124518
v -0.198094 -0.011702 0.121666
v -0.197697 -0.011944 0.124850
v -0.146324 -0.038137 0.117913
v -0.146087 -0.039625 0.118508
v -0.146054 -0.052579 0.118737
v -0.187684 -0.051253 0.136019
v -0.191168 -0.049753 0.136546
v -0.192471 -0.046185 0.136780
v -0.189686 -0.047769 0.136429
v -0.171666 -0.035840 0.129874
v -0.172520 -0.034985 0.131013
v -0.173782 -0.033425 0.130232
v -0.174652 -0.030968 0.132618
v -0.174876 -0.030883 0.130295
v -0.178918 -0.036093 0.116940
v -0.176372 -0.036131 0.116637
v -0.190297 -0.053711 0.120234
v -0.189961 -0.053857 0.123318
v -0.193022 -0.052828 0.120706
v -0.192661 -0.052973 0.123788
v -0.194627 -0.051146 0.124077
v -0.195954 -0.047798 0.124509
v -0.193048 -0.051154 0.133270
v -0.144821 -0.053134 0.126939
v -0.144958 -0.053870 0.127535
v -0.145487 -0.054111 0.127750
v -0.145289 -0.053559 0.128106
v -0.146672 -0.054360 0.127784
v -0.146549 -0.053989 0.128426
v -0.145478 -0.054193 0.126906
v -0.145651 -0.054052 0.128001
v -0.146305 -0.053049 0.128609
v -0.148190 -0.038439 0.129069
v -0.146385 -0.037683 0.128445
v -0.146804 -0.037116 0.127791
v -0.145327 -0.037603 0.127905
v -0.144830 -0.038373 0.127603
v -0.148531 -0.037413 0.116754
v -0.148424 -0.038427 0.116395
v -0.147407 -0.037539 0.116680
v -0.146812 -0.037650 0.116795
v -0.146515 -0.037566 0.117821
v -0.146698 -0.053063 0.116731
v -0.148610 -0.054131 0.116813
v -0.147229 -0.053899 0.116808
v -0.153965 -0.054540 0.129004
v -0.153535 -0.054262 0.129598
v -0.171342 -0.036964 0.132961
v -0.171548 -0.036242 0.132715
v -0.169998 -0.037223 0.132555
v -0.171385 -0.036030 0.132075
v -0.170638 -0.036545 0.131945
v -0.170778 -0.036772 0.132582
v -0.169784 -0.036850 0.131811
v -0.173245 -0.036327 0.118123
v -0.173541 -0.036413 0.117193
v -0.173538 -0.036772 0.116602
v -0.174308 -0.036242 0.116735
v -0.172527 -0.036820 0.117230
v -0.173532 -0.037650 0.116226
v -0.172923 -0.037281 0.116421
v -0.171920 -0.037235 0.116808
v -0.148366 -0.036965 0.118898
v -0.147039 -0.037253 0.117799
v -0.145528 -0.037264 0.126374
v -0.189416 -0.052545 0.118860
v -0.186334 -0.053015 0.118320
v -0.182352 -0.053330 0.117720
v -0.182678 -0.054062 0.118088
v -0.186699 -0.054236 0.119617
v -0.182809 -0.054481 0.118991
v -0.190126 -0.053279 0.119306
v -0.186610 -0.053805 0.118698
v -0.172665 -0.054642 0.119074
v -0.173322 -0.054526 0.118222
v -0.178877 -0.054572 0.118519
v -0.178758 -0.054144 0.117617
v -0.175281 -0.054136 0.117427
v -0.178500 -0.053412 0.117256
v -0.148374 -0.053369 0.116422
v -0.146890 -0.054464 0.125267
v -0.145270 -0.053919 0.124872
v -0.145716 -0.054240 0.125259
v -0.194676 -0.033671 0.136854
v -0.194153 -0.041793 0.136764
v -0.195146 -0.023650 0.136795
v -0.195452 -0.034298 0.135406
v -0.194925 -0.042363 0.135322
v -0.195804 -0.011775 0.135490
v -0.195579 0.011509 0.136222
v -0.195019 -0.000033 0.136911
v -0.195366 -0.012196 0.136583
v -0.193849 -0.047564 0.135926
v -0.192483 -0.051035 0.135605
v -0.193274 -0.047240 0.136610
v -0.191927 -0.050578 0.136377
v -0.186884 -0.052958 0.135696
v -0.189816 -0.052032 0.136203
v -0.187490 -0.053461 0.135469
v -0.187843 -0.053698 0.134886
v -0.190488 -0.052829 0.135383
v -0.190175 -0.052580 0.135933
v -0.176867 -0.027343 0.134117
v -0.174636 -0.033475 0.133598
v -0.174920 -0.031434 0.133440
v -0.173691 -0.033802 0.133086
v -0.173567 -0.033544 0.132455
v -0.175793 -0.027579 0.133591
v -0.172501 -0.037109 0.133308
v -0.172632 -0.035410 0.132833
v -0.177168 -0.031012 0.117975
v -0.178044 -0.027127 0.118154
v -0.178396 -0.027425 0.117442
v -0.176100 -0.033545 0.117790
v -0.176452 -0.033802 0.117106
v -0.179178 -0.027135 0.117176
v -0.178318 -0.031537 0.117013
v -0.175805 -0.035638 0.116675
v -0.177523 -0.031264 0.117291
v -0.174983 -0.035124 0.117564
v -0.175329 -0.035357 0.116911
v -0.196231 -0.041219 0.120030
v -0.195816 -0.047145 0.120096
v -0.196957 -0.041804 0.120486
v -0.194046 -0.049824 0.119671
v -0.194587 -0.050398 0.119915
v -0.194888 -0.050758 0.120289
v -0.197205 -0.042158 0.121609
v -0.196329 -0.047693 0.121342
v -0.194998 -0.051003 0.121099
v -0.196237 -0.047412 0.120523
v -0.192935 -0.052580 0.119952
v -0.192651 -0.052215 0.119580
v -0.192204 -0.051667 0.119353
v -0.172643 -0.038801 0.133453
v -0.191242 -0.049517 0.119047
v -0.174851 -0.052798 0.117009
v -0.146419 -0.052982 0.117388
v -0.178452 -0.034371 0.134481
v -0.175444 -0.035147 0.133904
v -0.193974 -0.040651 0.119512
v -0.194029 -0.047756 0.119578
v -0.144821 -0.053110 0.127576
v -0.145219 -0.052629 0.128154
v -0.145224 -0.038598 0.128153
v -0.147248 -0.038619 0.116433
v -0.147243 -0.052600 0.116420
v -0.184447 -0.051115 0.117870
v -0.180876 -0.052024 0.117358
v -0.177316 -0.050885 0.116939
v -0.174358 -0.048365 0.116815
v -0.174957 -0.043550 0.116547
v -0.146623 -0.038923 0.116776
v -0.172543 -0.036379 0.120198
v -0.171957 -0.036642 0.120053
v -0.173262 -0.035827 0.120604
v -0.171558 -0.036807 0.118379
v -0.171091 -0.036720 0.121587
v -0.179671 -0.054708 0.131302
v -0.188314 -0.053867 0.132631
v -0.184719 -0.054389 0.132114
v -0.145144 -0.038934 0.123957
v -0.144809 -0.038565 0.126658
v -0.145156 -0.037613 0.125341
v -0.175373 -0.033414 0.120975
v -0.177371 -0.027109 0.121046
v -0.176469 -0.030916 0.121016
v -0.174311 -0.034963 0.120514
v -0.194340 -0.047787 0.133802
v -0.191041 -0.052982 0.133097
v -0.146705 -0.037036 0.126439
v -0.146364 -0.053876 0.118358
v -0.146870 -0.054239 0.118578
v -0.145060 -0.053335 0.125068
v -0.144954 -0.051843 0.125068
v -0.173174 -0.053186 0.133479
v -0.178256 -0.052438 0.134419
v -0.182327 -0.052142 0.135115
v -0.170110 -0.036704 0.129617
v -0.170929 -0.036367 0.129546
v -0.172916 -0.038436 0.116300
v -0.174682 -0.038878 0.116233
v -0.173270 -0.042570 0.116652
v -0.182312 -0.054657 0.121872
v -0.186323 -0.054399 0.122822
v -0.178151 -0.054754 0.121581
v -0.176174 -0.054569 0.132887
v -0.180308 -0.054501 0.133499
v -0.175942 -0.054328 0.133483
v -0.184266 -0.054240 0.134191
v -0.183449 -0.053414 0.135127
v -0.179666 -0.053670 0.134473
v -0.183948 -0.053985 0.134856
v -0.179992 -0.054241 0.134173
v -0.175917 -0.053755 0.133827
v -0.172532 -0.053961 0.133170
v -0.164855 -0.037175 0.131563
v -0.150583 -0.037629 0.129389
v -0.153745 -0.037244 0.117560
v -0.150702 -0.037025 0.117577
v -0.157708 -0.037425 0.118010
v -0.161218 -0.036974 0.119043
v -0.166970 -0.036782 0.120436
v -0.161745 -0.037200 0.118648
v -0.165345 -0.037185 0.118861
v -0.164141 -0.054580 0.119565
v -0.161876 -0.054063 0.118509
v -0.157239 -0.053923 0.117845
v -0.153745 -0.054239 0.117560
v -0.157707 -0.054266 0.118160
v -0.165568 -0.054054 0.118728
v -0.165579 -0.052481 0.118371
v -0.157943 -0.053285 0.117752
v -0.161222 -0.052410 0.118086
v -0.150231 -0.053140 0.116592
v -0.165508 -0.039134 0.118348
v -0.154659 -0.036760 0.120107
v -0.149662 -0.054638 0.125980
v -0.168095 -0.038021 0.118230
v -0.169943 -0.038209 0.117681
v -0.171217 -0.038011 0.117110
v -0.171734 -0.040199 0.116979
v -0.168133 -0.039320 0.118120
v -0.167570 -0.054600 0.119671
v -0.153209 -0.053844 0.129872
v -0.150130 -0.054239 0.128997
v -0.167930 -0.037163 0.118615
v -0.165852 -0.036937 0.119360
v -0.170089 -0.036863 0.118757
v -0.169701 -0.037155 0.118117
v -0.170935 -0.037044 0.117679
v -0.169986 -0.054553 0.119037
v -0.168161 -0.053781 0.118360
v -0.168229 -0.054296 0.118679
v -0.172683 -0.054141 0.117658
v -0.154072 -0.039069 0.130250
v -0.168409 -0.052380 0.118136
v -0.172614 -0.053173 0.117314
v -0.172335 -0.050203 0.117209
v -0.170439 -0.044209 0.117624
v -0.172638 -0.044270 0.116927
v -0.157186 -0.054749 0.127020
v -0.176377 -0.008218 0.132853
v -0.176292 -0.015108 0.132920
v -0.176665 -0.007886 0.133742
v -0.176422 -0.015311 0.133557
v -0.177043 -0.012277 0.134033
v -0.176312 -0.022064 0.133683
v -0.177372 0.000015 0.134156
v -0.179890 -0.007588 0.117309
v -0.179389 -0.015399 0.117452
v -0.179127 -0.022098 0.117406
v -0.178524 -0.021838 0.118341
v -0.178801 -0.015455 0.118305
v -0.178897 -0.007922 0.118290
v -0.179269 -0.007847 0.117592
v -0.197988 -0.023767 0.121716
v -0.197729 -0.033942 0.121703
v -0.197481 -0.033689 0.120576
v -0.197742 -0.023570 0.120621
v -0.197488 -0.013043 0.120343
v -0.196396 0.004824 0.119994
v -0.197983 -0.012171 0.120824
v -0.197983 -0.000033 0.120824
v -0.178140 -0.000408 0.134375
v -0.177154 -0.022005 0.134143
v -0.177440 -0.014484 0.134198
v -0.197069 -0.023298 0.120194
v -0.195938 -0.009029 0.119877
v -0.196787 -0.033105 0.120139
v -0.178176 -0.013572 0.121325
v -0.177840 -0.021715 0.121411
v -0.196109 0.011692 0.134017
v -0.195738 -0.023717 0.135421
v -0.153522 0.052841 0.130075
v -0.153590 0.036772 0.128041
v -0.149031 0.036816 0.126722
v -0.157442 0.036656 0.126004
v -0.157838 0.038136 0.117737
v -0.161228 0.038989 0.118086
v -0.165506 0.039062 0.118349
v -0.162035 0.037588 0.118359
v -0.151325 0.054209 0.118363
v -0.150771 0.054265 0.119175
v -0.163632 0.054395 0.121665
v -0.193347 0.040781 0.136920
v -0.192689 0.032547 0.136920
v -0.192659 0.019903 0.136929
v -0.194159 0.009676 0.137060
v -0.176277 0.021701 0.130466
v -0.176325 0.014320 0.132820
v -0.176527 0.015262 0.130586
v -0.175734 0.027061 0.130527
v -0.176449 0.007859 0.131786
v -0.179954 0.022539 0.117228
v -0.179357 0.028284 0.117138
v -0.178456 0.032181 0.116983
v -0.180266 0.015447 0.117265
v -0.182126 0.020209 0.117473
v -0.197370 0.033857 0.124639
v -0.197939 0.023698 0.122556
v -0.197142 0.042059 0.122479
v -0.195244 0.041978 0.133827
v -0.198028 0.012166 0.122634
v -0.146106 0.039481 0.118429
v -0.146205 0.038095 0.118451
v -0.186628 0.052151 0.135755
v -0.189224 0.051262 0.136204
v -0.187695 0.050862 0.136022
v -0.183874 0.050391 0.135423
v -0.190214 0.048260 0.136485
v -0.192547 0.045996 0.136771
v -0.171380 0.035968 0.132072
v -0.172666 0.034898 0.130043
v -0.173809 0.033352 0.130026
v -0.171659 0.035787 0.129740
v -0.174867 0.030861 0.130280
v -0.179424 0.033143 0.117047
v -0.176368 0.036743 0.116561
v -0.193022 0.052456 0.120702
v -0.192642 0.052610 0.123833
v -0.194580 0.050790 0.124399
v -0.189961 0.053485 0.123199
v -0.188345 0.053494 0.132565
v -0.195991 0.047445 0.124249
v -0.196365 0.047249 0.121284
v -0.144958 0.053500 0.127534
v -0.145426 0.053472 0.128060
v -0.146279 0.053018 0.128567
v -0.149408 0.054093 0.128291
v -0.146395 0.053953 0.127714
v -0.145487 0.053738 0.127750
v -0.145478 0.053819 0.126906
v -0.146637 0.053645 0.128431
v -0.146550 0.037305 0.128236
v -0.146306 0.038369 0.128609
v -0.145247 0.038172 0.128136
v -0.145491 0.037472 0.128040
v -0.146650 0.036987 0.126619
v -0.149427 0.037204 0.128856
v -0.150745 0.036960 0.117580
v -0.148581 0.037455 0.116733
v -0.147005 0.037185 0.117902
v -0.147085 0.037571 0.116738
v -0.146593 0.038334 0.116980
v -0.146811 0.053463 0.116797
v -0.146542 0.053514 0.117609
v -0.148351 0.053955 0.117082
v -0.147326 0.053755 0.117006
v -0.148631 0.053519 0.116562
v -0.148411 0.052770 0.116407
v -0.147417 0.053538 0.116591
v -0.148638 0.053778 0.116754
v -0.153150 0.053530 0.129819
v -0.153519 0.054238 0.128296
v -0.171328 0.036904 0.132958
v -0.172472 0.037086 0.133307
v -0.169985 0.037141 0.132541
v -0.171548 0.036176 0.132715
v -0.169800 0.036780 0.131810
v -0.170639 0.036479 0.131939
v -0.170778 0.036706 0.132582
v -0.145219 0.038790 0.128154
v -0.148384 0.038827 0.129127
v -0.145225 0.052517 0.128153
v -0.144767 0.038863 0.127520
v -0.173544 0.036343 0.117197
v -0.173247 0.036260 0.118123
v -0.172449 0.036788 0.117220
v -0.173013 0.037209 0.116424
v -0.171625 0.036965 0.117210
v -0.172192 0.037307 0.116623
v -0.175611 0.035805 0.116645
v -0.173538 0.036706 0.116602
v -0.174308 0.036176 0.116735
v -0.148393 0.036895 0.118942
v -0.146354 0.037502 0.118616
v -0.190126 0.052907 0.119306
v -0.186403 0.053052 0.118432
v -0.182564 0.053313 0.117836
v -0.186707 0.053612 0.118876
v -0.178680 0.053398 0.117373
v -0.175097 0.053431 0.117213
v -0.178875 0.054199 0.118518
v -0.182839 0.054107 0.118998
v -0.175282 0.053940 0.117583
v -0.178788 0.053948 0.117781
v -0.182741 0.053869 0.118259
v -0.186698 0.053864 0.119619
v -0.190296 0.053339 0.120232
v -0.150467 0.052725 0.116615
v -0.147235 0.051426 0.116414
v -0.148665 0.038764 0.116383
v -0.147260 0.052822 0.116449
v -0.146682 0.052152 0.116724
v -0.146914 0.054095 0.125091
v -0.149712 0.054267 0.126032
v -0.145246 0.053546 0.125050
v -0.145723 0.053868 0.125215
v -0.194147 0.041501 0.136760
v -0.194236 0.033421 0.136991
v -0.194486 0.023176 0.137039
v -0.195136 0.023503 0.136789
v -0.195019 0.012032 0.136911
v -0.195500 0.023639 0.136129
v -0.195252 0.033711 0.136055
v -0.194727 0.041858 0.135966
v -0.194874 0.033581 0.136744
v -0.193843 0.047330 0.135832
v -0.192481 0.050669 0.135608
v -0.190486 0.052457 0.135385
v -0.187787 0.053336 0.134903
v -0.189982 0.052025 0.136041
v -0.187315 0.052907 0.135580
v -0.191553 0.050040 0.136502
v -0.192128 0.050392 0.136270
v -0.193274 0.046896 0.136609
v -0.176261 0.029193 0.133960
v -0.175247 0.032696 0.133752
v -0.173469 0.035298 0.133415
v -0.175637 0.027380 0.133421
v -0.172438 0.035059 0.132289
v -0.173566 0.033482 0.132455
v -0.172570 0.035291 0.132891
v -0.173691 0.033739 0.133086
v -0.174652 0.030911 0.132616
v -0.175510 0.027174 0.132656
v -0.174764 0.031207 0.133271
v -0.178044 0.027085 0.118153
v -0.177169 0.030955 0.117974
v -0.176101 0.033481 0.117789
v -0.176452 0.033739 0.117106
v -0.174982 0.035060 0.117564
v -0.175329 0.035291 0.116911
v -0.177938 0.031549 0.117040
v -0.177523 0.031207 0.117291
v -0.178604 0.027535 0.117316
v -0.196253 0.040854 0.120052
v -0.195381 0.046177 0.119901
v -0.195931 0.046724 0.120147
v -0.194046 0.049458 0.119671
v -0.194587 0.050033 0.119915
v -0.192651 0.051843 0.119580
v -0.194998 0.050637 0.121095
v -0.192935 0.052208 0.119952
v -0.194888 0.050392 0.120289
v -0.196237 0.047068 0.120523
v -0.196967 0.041476 0.120485
v -0.170942 0.038052 0.133081
v -0.185104 0.051339 0.117994
v -0.181375 0.051723 0.117437
v -0.177969 0.051950 0.117069
v -0.174853 0.051564 0.116929
v -0.189595 0.052175 0.118901
v -0.145925 0.052569 0.119507
v -0.146360 0.052311 0.117526
v -0.174521 0.038108 0.133797
v -0.178423 0.029655 0.134472
v -0.194868 0.043726 0.119705
v -0.192943 0.048900 0.119377
v -0.192211 0.051298 0.119355
v -0.144802 0.052264 0.126802
v -0.144822 0.052875 0.127573
v -0.147243 0.038783 0.116429
v -0.175888 0.040159 0.116400
v -0.175740 0.045804 0.116675
v -0.174084 0.046565 0.116767
v -0.144959 0.051497 0.125003
v -0.148245 0.052626 0.129084
v -0.173321 0.035746 0.120453
v -0.172541 0.036300 0.120308
v -0.171284 0.036676 0.119871
v -0.171877 0.036607 0.120102
v -0.184714 0.054017 0.132123
v -0.179733 0.054340 0.131101
v -0.176103 0.054200 0.132902
v -0.179991 0.054131 0.133530
v -0.184344 0.053858 0.134234
v -0.144945 0.039649 0.125122
v -0.145063 0.038186 0.124923
v -0.145004 0.037528 0.126541
v -0.177329 0.027065 0.121247
v -0.176481 0.030830 0.120997
v -0.175427 0.033362 0.120699
v -0.174285 0.034892 0.120642
v -0.191048 0.052600 0.133132
v -0.193002 0.050780 0.133491
v -0.194383 0.047452 0.133601
v -0.145155 0.037417 0.127526
v -0.147964 0.054088 0.118917
v -0.146876 0.053865 0.118555
v -0.145040 0.052959 0.125196
v -0.172876 0.052916 0.133405
v -0.178827 0.052007 0.134525
v -0.179451 0.052957 0.134515
v -0.153656 0.051202 0.130191
v -0.182631 0.051861 0.135155
v -0.183230 0.052686 0.135168
v -0.170133 0.036633 0.129486
v -0.170905 0.036313 0.129600
v -0.173879 0.040256 0.116330
v -0.173925 0.038072 0.116188
v -0.178204 0.054380 0.121568
v -0.182305 0.054285 0.121861
v -0.186323 0.054026 0.122838
v -0.175994 0.053771 0.133625
v -0.173501 0.053382 0.133420
v -0.179879 0.053690 0.134296
v -0.183800 0.053432 0.134973
v -0.154019 0.036935 0.129181
v -0.164225 0.037114 0.131453
v -0.149094 0.037565 0.129103
v -0.153636 0.038174 0.130091
v -0.165404 0.037668 0.118530
v -0.165345 0.037119 0.118861
v -0.157691 0.037152 0.118157
v -0.164972 0.036854 0.119566
v -0.161745 0.037134 0.118648
v -0.153745 0.037178 0.117560
v -0.157282 0.037492 0.117850
v -0.161828 0.053739 0.118533
v -0.164678 0.054179 0.119526
v -0.161819 0.052629 0.118161
v -0.165539 0.053696 0.118730
v -0.157360 0.053462 0.117813
v -0.157707 0.053893 0.118160
v -0.153745 0.053867 0.117560
v -0.153616 0.039683 0.130181
v -0.157758 0.052187 0.117655
v -0.165578 0.052100 0.118370
v -0.165283 0.036751 0.120131
v -0.158451 0.036657 0.121703
v -0.153842 0.036718 0.119776
v -0.158220 0.054382 0.127256
v -0.168139 0.037737 0.118262
v -0.168161 0.039106 0.118123
v -0.169946 0.037524 0.117767
v -0.170032 0.039822 0.117644
v -0.171076 0.038300 0.117164
v -0.169336 0.054245 0.119389
v -0.171611 0.054284 0.119278
v -0.165483 0.037102 0.131674
v -0.169698 0.037081 0.118113
v -0.171125 0.036773 0.118325
v -0.170884 0.037077 0.117505
v -0.168941 0.036825 0.119162
v -0.167925 0.037104 0.118626
v -0.174310 0.054127 0.118073
v -0.172681 0.053760 0.117661
v -0.168274 0.053693 0.118512
v -0.172644 0.052844 0.117321
v -0.172241 0.051248 0.117275
v -0.172429 0.046214 0.117082
v -0.168400 0.052027 0.118138
v -0.173016 0.041744 0.116645
v -0.176509 0.007868 0.133572
v -0.177031 0.007058 0.134024
v -0.176578 0.015401 0.133726
v -0.177286 0.015688 0.134145
v -0.176780 0.024782 0.134041
v -0.176316 0.022075 0.133681
v -0.176026 0.021923 0.132713
v -0.179476 0.007904 0.117465
v -0.179985 0.011438 0.117301
v -0.179182 0.015312 0.117577
v -0.178906 0.007289 0.118286
v -0.178806 0.015658 0.118285
v -0.178503 0.021918 0.118378
v -0.179127 0.022075 0.117406
v -0.198084 0.012129 0.121449
v -0.197830 0.012032 0.120636
v -0.197749 0.023417 0.120620
v -0.197306 0.007834 0.120298
v -0.197028 0.022927 0.120170
v -0.197161 0.033650 0.120284
v -0.197634 0.033581 0.120764
v -0.197763 0.033265 0.121602
v -0.179186 0.012427 0.134607
v -0.194817 0.015926 0.119656
v -0.195684 0.031280 0.119837
v -0.178173 0.013421 0.121369
v -0.177864 0.021695 0.121295
v -0.196041 0.023723 0.133902
v -0.195753 0.033878 0.133970
v 0.149180 -0.053380 0.129234
v 0.149171 -0.052469 0.129312
v 0.149629 -0.036906 0.127521
v 0.149651 -0.036843 0.126037
v 0.157129 -0.036734 0.126917
v 0.157621 -0.039064 0.117626
v 0.162033 -0.037652 0.118360
v 0.165522 -0.039100 0.118351
v 0.161843 -0.038990 0.118139
v 0.150472 -0.038876 0.116596
v 0.150906 -0.054615 0.118566
v 0.154007 -0.054726 0.126596
v 0.193846 -0.032939 0.137011
v 0.193254 -0.041479 0.136923
v 0.194088 -0.023183 0.137063
v 0.191366 -0.038834 0.136713
v 0.194335 -0.008479 0.137071
v 0.193625 0.006420 0.137034
v 0.193002 0.003837 0.136973
v 0.191805 -0.020494 0.136795
v 0.176047 -0.021870 0.132066
v 0.176295 -0.014854 0.132917
v 0.176588 -0.013483 0.130531
v 0.176562 0.013522 0.130706
v 0.177828 -0.021735 0.121466
v 0.175741 -0.027122 0.130447
v 0.179530 -0.027791 0.117146
v 0.178264 -0.032632 0.116960
v 0.181436 -0.013792 0.117377
v 0.180264 -0.015298 0.117273
v 0.179927 -0.012210 0.117302
v 0.180285 0.000014 0.117294
v 0.181056 -0.000441 0.117345
v 0.181793 -0.029719 0.117411
v 0.197242 -0.041944 0.121501
v 0.197676 -0.034092 0.122601
v 0.197940 -0.023800 0.122586
v 0.198027 -0.012211 0.122640
v 0.198097 0.011436 0.121679
v 0.195256 -0.042319 0.133751
v 0.196869 -0.042307 0.124371
v 0.146456 -0.038304 0.117325
v 0.186628 -0.052523 0.135755
v 0.189224 -0.051635 0.136204
v 0.187557 -0.051172 0.136015
v 0.190120 -0.048176 0.136488
v 0.191133 -0.049824 0.136533
v 0.192585 -0.046029 0.136785
v 0.171385 -0.036030 0.132075
v 0.173568 -0.033543 0.132457
v 0.173780 -0.033423 0.130250
v 0.174643 -0.030990 0.132622
v 0.174879 -0.030898 0.130221
v 0.172668 -0.034970 0.129960
v 0.171697 -0.035828 0.129666
v 0.176872 -0.036072 0.116675
v 0.193022 -0.052828 0.120703
v 0.194998 -0.051003 0.121096
v 0.194613 -0.051143 0.124213
v 0.196329 -0.047693 0.121342
v 0.195984 -0.047778 0.124327
v 0.192660 -0.052973 0.123797
v 0.188313 -0.053868 0.132635
v 0.189960 -0.053858 0.123319
v 0.145054 -0.053912 0.126329
v 0.145178 -0.054019 0.127518
v 0.146603 -0.054124 0.128209
v 0.145411 -0.053733 0.128070
v 0.145475 -0.037638 0.128050
v 0.145515 -0.037437 0.127888
v 0.146456 -0.037379 0.128200
v 0.145478 -0.037291 0.126906
v 0.144973 -0.037624 0.127571
v 0.150867 -0.037022 0.117602
v 0.148187 -0.037164 0.117124
v 0.148606 -0.037493 0.116638
v 0.147447 -0.037537 0.116670
v 0.146804 -0.037613 0.116834
v 0.146708 -0.038379 0.116729
v 0.146550 -0.053880 0.117564
v 0.147003 -0.054217 0.117806
v 0.147257 -0.053833 0.116679
v 0.148619 -0.054090 0.116771
v 0.171339 -0.036969 0.132962
v 0.170159 -0.037246 0.132619
v 0.170638 -0.036545 0.131945
v 0.169902 -0.036713 0.130519
v 0.170778 -0.036772 0.132582
v 0.171548 -0.036242 0.132715
v 0.145221 -0.038637 0.128154
v 0.146306 -0.038339 0.128596
v 0.144833 -0.038316 0.127589
v 0.146292 -0.053351 0.128585
v 0.148126 -0.038445 0.129051
v 0.173541 -0.036411 0.117195
v 0.173247 -0.036326 0.118123
v 0.172199 -0.036681 0.118737
v 0.172936 -0.037279 0.116421
v 0.175486 -0.035967 0.116622
v 0.173986 -0.038220 0.116184
v 0.174308 -0.036242 0.116735
v 0.173538 -0.036772 0.116602
v 0.172278 -0.037188 0.116795
v 0.146872 -0.037245 0.118567
v 0.146321 -0.037599 0.118601
v 0.146712 -0.037036 0.126443
v 0.148374 -0.036962 0.118941
v 0.145720 -0.037247 0.125237
v 0.190028 -0.052964 0.119079
v 0.186610 -0.053805 0.118698
v 0.190251 -0.053461 0.119489
v 0.182678 -0.054062 0.118088
v 0.182352 -0.053330 0.117720
v 0.190298 -0.053711 0.120234
v 0.186698 -0.054236 0.119619
v 0.182824 -0.054480 0.118994
v 0.178875 -0.054572 0.118518
v 0.175281 -0.054136 0.117427
v 0.175196 -0.053241 0.117065
v 0.178697 -0.053903 0.117503
v 0.148810 -0.052510 0.116384
v 0.146379 -0.052705 0.117475
v 0.146697 -0.053125 0.116743
v 0.148414 -0.038927 0.116378
v 0.149957 -0.054584 0.127619
v 0.145105 -0.053462 0.124988
v 0.147327 -0.054528 0.124951
v 0.194147 -0.041805 0.136760
v 0.194676 -0.033672 0.136854
v 0.194939 -0.023475 0.136900
v 0.194728 -0.041952 0.136062
v 0.195735 -0.023725 0.135436
v 0.195579 -0.011599 0.136222
v 0.195019 -0.012126 0.136911
v 0.195223 -0.000033 0.136804
v 0.193843 -0.047675 0.135833
v 0.192483 -0.051035 0.135605
v 0.193274 -0.047241 0.136610
v 0.191928 -0.050579 0.136377
v 0.190488 -0.052829 0.135383
v 0.187843 -0.053698 0.134887
v 0.189982 -0.052397 0.136041
v 0.187314 -0.053280 0.135580
v 0.176232 -0.029301 0.133952
v 0.175637 -0.027425 0.133422
v 0.175228 -0.032777 0.133749
v 0.175523 -0.027118 0.132739
v 0.174764 -0.031264 0.133271
v 0.173691 -0.033802 0.133086
v 0.172438 -0.035124 0.132289
v 0.172570 -0.035357 0.132891
v 0.173235 -0.035562 0.133346
v 0.178044 -0.027128 0.118154
v 0.177168 -0.031012 0.117975
v 0.177523 -0.031264 0.117291
v 0.176100 -0.033545 0.117790
v 0.176452 -0.033802 0.117106
v 0.179551 -0.025134 0.117210
v 0.177938 -0.031606 0.117040
v 0.178396 -0.027425 0.117442
v 0.174984 -0.035124 0.117563
v 0.175329 -0.035357 0.116912
v 0.196253 -0.041157 0.120052
v 0.195381 -0.046521 0.119901
v 0.195931 -0.047069 0.120147
v 0.194046 -0.049824 0.119671
v 0.194587 -0.050399 0.119915
v 0.194888 -0.050758 0.120289
v 0.196237 -0.047412 0.120523
v 0.196957 -0.041805 0.120486
v 0.192136 -0.051635 0.119341
v 0.192651 -0.052216 0.119580
v 0.192935 -0.052580 0.119952
v 0.171218 -0.038214 0.133155
v 0.184270 -0.050931 0.117836
v 0.186126 -0.053060 0.118295
v 0.180825 -0.052250 0.117365
v 0.174536 -0.050112 0.116872
v 0.177865 -0.052372 0.117055
v 0.146101 -0.038869 0.118542
v 0.145941 -0.052966 0.119438
v 0.175505 -0.040930 0.133985
v 0.174784 -0.036787 0.133803
v 0.195241 -0.039993 0.119756
v 0.190059 -0.051393 0.118879
v 0.194161 -0.047235 0.119596
v 0.144822 -0.053086 0.126874
v 0.144822 -0.053061 0.127594
v 0.145219 -0.052636 0.128154
v 0.147250 -0.038592 0.116436
v 0.156802 -0.052329 0.130734
v 0.176076 -0.040388 0.116431
v 0.173747 -0.044105 0.116654
v 0.173221 -0.042076 0.116614
v 0.174979 -0.043307 0.116525
v 0.173320 -0.035838 0.120311
v 0.172506 -0.036374 0.120383
v 0.171606 -0.036806 0.118387
v 0.184718 -0.054390 0.132115
v 0.180731 -0.054664 0.131239
v 0.179363 -0.054524 0.133479
v 0.176456 -0.054719 0.131681
v 0.144790 -0.039079 0.126702
v 0.145042 -0.038210 0.125114
v 0.177352 -0.027089 0.121152
v 0.176498 -0.030907 0.120892
v 0.175373 -0.033415 0.120970
v 0.174314 -0.034951 0.120551
v 0.194367 -0.047809 0.133657
v 0.193027 -0.051159 0.133345
v 0.191039 -0.052982 0.133105
v 0.145011 -0.037598 0.126452
v 0.148172 -0.054453 0.118115
v 0.144958 -0.052554 0.125172
v 0.145099 -0.039629 0.124131
v 0.179451 -0.053330 0.134516
v 0.175741 -0.053396 0.133889
v 0.183230 -0.053059 0.135168
v 0.182278 -0.052107 0.135119
v 0.176518 -0.051383 0.134151
v 0.170910 -0.036374 0.129689
v 0.173007 -0.038317 0.116262
v 0.171677 -0.054657 0.119283
v 0.181171 -0.054709 0.121515
v 0.163960 -0.054768 0.121634
v 0.186323 -0.054399 0.122818
v 0.179879 -0.054062 0.134296
v 0.184266 -0.054240 0.134191
v 0.183800 -0.053805 0.134974
v 0.175996 -0.054143 0.133626
v 0.164843 -0.037174 0.131561
v 0.149694 -0.037601 0.129198
v 0.165401 -0.037733 0.118532
v 0.161745 -0.037200 0.118648
v 0.153745 -0.037244 0.117560
v 0.157718 -0.037450 0.118003
v 0.164094 -0.036903 0.119545
v 0.165345 -0.037185 0.118861
v 0.164642 -0.054550 0.119521
v 0.157445 -0.053829 0.117822
v 0.157707 -0.054266 0.118160
v 0.161810 -0.053011 0.118160
v 0.165537 -0.054067 0.118730
v 0.161828 -0.054112 0.118533
v 0.153309 -0.038261 0.130032
v 0.153608 -0.039900 0.130183
v 0.157708 -0.052547 0.117649
v 0.165555 -0.052394 0.118365
v 0.166996 -0.036762 0.120960
v 0.154713 -0.036760 0.120124
v 0.167980 -0.037731 0.118304
v 0.168171 -0.039163 0.118122
v 0.169852 -0.037703 0.117789
v 0.170004 -0.039012 0.117653
v 0.171217 -0.038011 0.117110
v 0.171788 -0.040572 0.116989
v 0.170445 -0.044012 0.117620
v 0.150092 -0.054445 0.128504
v 0.169743 -0.037017 0.132160
v 0.171687 -0.037132 0.116963
v 0.170884 -0.037142 0.117505
v 0.169701 -0.037155 0.118117
v 0.167925 -0.037170 0.118627
v 0.167091 -0.036891 0.119581
v 0.169541 -0.036845 0.119137
v 0.170577 -0.036885 0.118364
v 0.174310 -0.054499 0.118073
v 0.172681 -0.054133 0.117661
v 0.169318 -0.054618 0.119388
v 0.168280 -0.054061 0.118510
v 0.172605 -0.053191 0.117317
v 0.168584 -0.052552 0.118127
v 0.172524 -0.048448 0.117115
v 0.172423 -0.043962 0.116980
v 0.171038 -0.036709 0.122279
v 0.176376 -0.008861 0.132836
v 0.176299 -0.026529 0.133894
v 0.176311 -0.022082 0.133683
v 0.177315 -0.015451 0.134159
v 0.176578 -0.015399 0.133726
v 0.177031 -0.007494 0.134019
v 0.176972 0.000317 0.133983
v 0.176507 -0.007861 0.133574
v 0.179182 -0.015311 0.117577
v 0.178519 -0.021858 0.118351
v 0.178444 -0.015295 0.119706
v 0.179127 -0.022098 0.117406
v 0.178466 -0.007771 0.120027
v 0.178937 -0.013615 0.118120
v 0.179476 -0.007882 0.117465
v 0.198084 -0.012223 0.121449
v 0.197830 -0.012127 0.120636
v 0.197028 -0.023075 0.120171
v 0.197488 -0.033671 0.120575
v 0.197749 -0.023573 0.120620
v 0.197593 -0.000727 0.120389
v 0.197983 -0.000033 0.120824
v 0.178184 -0.015952 0.134394
v 0.177627 -0.028871 0.134317
v 0.179708 -0.019182 0.134705
v 0.195891 -0.011619 0.119863
v 0.196688 0.003377 0.120081
v 0.195133 -0.030637 0.119722
v 0.196736 -0.033437 0.120111
v 0.195449 -0.034099 0.135442
v 0.196110 -0.011766 0.134011
v 0.153997 0.051411 0.130253
v 0.154198 0.036685 0.126547
v 0.150268 0.038301 0.116596
v 0.157617 0.039002 0.117625
v 0.161829 0.038940 0.118136
v 0.165404 0.037668 0.118531
v 0.162033 0.037589 0.118359
v 0.155299 0.054366 0.120318
v 0.176472 0.054378 0.130670
v 0.165667 0.054296 0.120212
v 0.193356 0.040520 0.136933
v 0.194476 0.025603 0.137032
v 0.191124 0.041740 0.136673
v 0.194652 0.013132 0.137056
v 0.194161 0.011602 0.137074
v 0.192726 0.028283 0.136914
v 0.175510 0.027174 0.132656
v 0.175741 0.027080 0.130442
v 0.176026 0.021923 0.132713
v 0.176251 0.021696 0.130669
v 0.178178 0.013575 0.121317
v 0.179517 0.027615 0.117148
v 0.179254 0.026198 0.117178
v 0.179660 0.019890 0.117293
v 0.180514 0.029325 0.117221
v 0.182448 0.016658 0.117523
v 0.181203 0.013752 0.117363
v 0.197242 0.041641 0.121502
v 0.196867 0.042003 0.124381
v 0.197676 0.033858 0.122602
v 0.197947 0.023242 0.122625
v 0.195722 0.023889 0.135447
v 0.195813 0.012087 0.135469
v 0.197709 0.011754 0.124762
v 0.145991 0.038130 0.119521
v 0.145106 0.037954 0.124977
v 0.146088 0.038976 0.118552
v 0.187127 0.051266 0.135921
v 0.181862 0.050437 0.135081
v 0.191133 0.049458 0.136533
v 0.190801 0.047948 0.136574
v 0.192469 0.046176 0.136764
v 0.171706 0.035749 0.129782
v 0.172439 0.035058 0.132289
v 0.173567 0.033480 0.132456
v 0.172686 0.034884 0.129969
v 0.173809 0.033352 0.130028
v 0.174867 0.030861 0.130280
v 0.175578 0.039048 0.116348
v 0.176793 0.035872 0.116683
v 0.178790 0.038201 0.116892
v 0.178540 0.032097 0.116993
v 0.190299 0.053338 0.120236
v 0.189916 0.053496 0.123357
v 0.194998 0.050637 0.121099
v 0.192634 0.052609 0.123935
v 0.194628 0.050780 0.124071
v 0.195957 0.047452 0.124490
v 0.144973 0.053487 0.127571
v 0.145011 0.053514 0.126449
v 0.146431 0.053580 0.128398
v 0.145504 0.053586 0.127958
v 0.146950 0.054088 0.126900
v 0.144821 0.038356 0.127594
v 0.144973 0.037558 0.127571
v 0.145379 0.037376 0.127775
v 0.145533 0.037433 0.128034
v 0.146642 0.037283 0.128214
v 0.147279 0.037370 0.116777
v 0.148639 0.037263 0.116752
v 0.146832 0.037558 0.116806
v 0.148629 0.037527 0.116561
v 0.148406 0.038274 0.116407
v 0.147265 0.038145 0.116457
v 0.147261 0.052846 0.116452
v 0.148164 0.053944 0.117118
v 0.147238 0.053603 0.116751
v 0.149890 0.054069 0.128456
v 0.153663 0.053886 0.129619
v 0.171323 0.036910 0.132959
v 0.171548 0.036176 0.132715
v 0.170778 0.036706 0.132582
v 0.169559 0.036966 0.132133
v 0.170069 0.036724 0.131822
v 0.170186 0.037207 0.132641
v 0.170639 0.036479 0.131939
v 0.171381 0.035967 0.132072
v 0.144813 0.038504 0.126545
v 0.173248 0.036259 0.118122
v 0.173540 0.036347 0.117192
v 0.172561 0.036739 0.117255
v 0.171752 0.036961 0.117156
v 0.173079 0.038134 0.116258
v 0.172136 0.037276 0.116659
v 0.173913 0.038114 0.116185
v 0.172923 0.037210 0.116425
v 0.174308 0.036176 0.116735
v 0.173538 0.036706 0.116602
v 0.150133 0.036808 0.119289
v 0.148143 0.036974 0.118079
v 0.146550 0.037528 0.117574
v 0.145716 0.037178 0.125255
v 0.146870 0.037182 0.118583
v 0.189378 0.052198 0.118861
v 0.182352 0.052957 0.117720
v 0.186610 0.053432 0.118698
v 0.190126 0.052907 0.119306
v 0.182678 0.053690 0.118088
v 0.178489 0.053038 0.117255
v 0.175382 0.053476 0.117203
v 0.175282 0.053939 0.117584
v 0.178758 0.053771 0.117617
v 0.177152 0.054170 0.118192
v 0.182806 0.054108 0.118991
v 0.186698 0.053864 0.119620
v 0.150570 0.052198 0.116605
v 0.146437 0.038914 0.117280
v 0.146590 0.052722 0.116996
v 0.147469 0.054164 0.124294
v 0.145524 0.053845 0.126457
v 0.195146 0.023493 0.136795
v 0.195366 0.012103 0.136583
v 0.195453 0.033854 0.135424
v 0.194869 0.041918 0.135477
v 0.194153 0.041490 0.136764
v 0.194676 0.033438 0.136854
v 0.193849 0.047218 0.135926
v 0.192481 0.050669 0.135608
v 0.193274 0.046896 0.136610
v 0.191928 0.050213 0.136377
v 0.187787 0.053336 0.134903
v 0.190486 0.052456 0.135385
v 0.186760 0.052565 0.135693
v 0.189816 0.051659 0.136203
v 0.187490 0.053088 0.135469
v 0.190175 0.052207 0.135933
v 0.176621 0.027862 0.134046
v 0.174643 0.033400 0.133599
v 0.173691 0.033739 0.133086
v 0.172720 0.035473 0.133060
v 0.172280 0.037433 0.133299
v 0.174652 0.030909 0.132618
v 0.175793 0.027535 0.133591
v 0.174920 0.031377 0.133440
v 0.177169 0.030955 0.117974
v 0.178044 0.027086 0.118154
v 0.176101 0.033481 0.117789
v 0.177523 0.031206 0.117291
v 0.176452 0.033739 0.117106
v 0.174983 0.035059 0.117563
v 0.175329 0.035291 0.116912
v 0.175583 0.035839 0.116646
v 0.177938 0.031549 0.117040
v 0.178396 0.027380 0.117442
v 0.196260 0.040861 0.120042
v 0.195826 0.046386 0.120083
v 0.196957 0.041501 0.120486
v 0.194450 0.050092 0.119864
v 0.196237 0.047067 0.120523
v 0.192198 0.051292 0.119352
v 0.192651 0.051843 0.119580
v 0.193022 0.052456 0.120706
v 0.192935 0.052207 0.119952
v 0.194888 0.050392 0.120289
v 0.196329 0.047348 0.121341
v 0.174694 0.039242 0.133837
v 0.181614 0.051949 0.117491
v 0.185518 0.050878 0.118050
v 0.174828 0.051487 0.116928
v 0.177278 0.050313 0.116931
v 0.185960 0.052706 0.118267
v 0.146079 0.051495 0.118533
v 0.146194 0.052918 0.118457
v 0.175366 0.035110 0.133886
v 0.194435 0.044628 0.119612
v 0.193028 0.048809 0.119395
v 0.144833 0.052795 0.127589
v 0.146359 0.038058 0.128610
v 0.146572 0.052249 0.128721
v 0.145221 0.052491 0.128155
v 0.144791 0.052136 0.126809
v 0.146708 0.038245 0.116741
v 0.148417 0.052191 0.116378
v 0.177770 0.045374 0.116795
v 0.174202 0.041305 0.116400
v 0.173979 0.045876 0.116744
v 0.175881 0.045436 0.116665
v 0.171996 0.036591 0.119807
v 0.170341 0.036571 0.129366
v 0.173259 0.035785 0.120493
v 0.172493 0.036301 0.120477
v 0.181129 0.054354 0.122246
v 0.180646 0.054289 0.131352
v 0.184743 0.054024 0.131978
v 0.188343 0.053485 0.132662
v 0.145015 0.038836 0.124781
v 0.174293 0.034905 0.120561
v 0.175427 0.033360 0.120703
v 0.176481 0.030830 0.120997
v 0.177353 0.027042 0.121149
v 0.191019 0.052601 0.133230
v 0.193046 0.050788 0.133281
v 0.195254 0.042013 0.133759
v 0.194341 0.047442 0.133800
v 0.147253 0.036900 0.125570
v 0.145045 0.037514 0.126379
v 0.146382 0.053543 0.118475
v 0.148490 0.054152 0.118923
v 0.146852 0.053864 0.118643
v 0.145231 0.052919 0.123938
v 0.144965 0.052068 0.125080
v 0.173602 0.052786 0.133546
v 0.175550 0.053047 0.133853
v 0.176442 0.053412 0.133914
v 0.183129 0.052668 0.135162
v 0.170907 0.036308 0.129735
v 0.172608 0.040374 0.116633
v 0.173351 0.042367 0.116607
v 0.178275 0.054310 0.119578
v 0.186354 0.054019 0.122647
v 0.180575 0.054120 0.133552
v 0.179879 0.053690 0.134296
v 0.172585 0.053763 0.133037
v 0.176074 0.053948 0.133497
v 0.183800 0.053432 0.134974
v 0.184180 0.053869 0.134248
v 0.153296 0.036885 0.128876
v 0.149378 0.037201 0.128849
v 0.152962 0.037594 0.129834
v 0.165345 0.037119 0.118861
v 0.166859 0.036816 0.119582
v 0.161745 0.037134 0.118648
v 0.150785 0.036957 0.117588
v 0.161066 0.036908 0.119025
v 0.157726 0.037380 0.118005
v 0.153745 0.037178 0.117560
v 0.161214 0.054132 0.119039
v 0.165642 0.053433 0.118568
v 0.161828 0.053739 0.118533
v 0.157400 0.053457 0.117817
v 0.165497 0.053916 0.118887
v 0.157707 0.053893 0.118160
v 0.148718 0.053472 0.116604
v 0.150894 0.054087 0.117598
v 0.153745 0.053867 0.117560
v 0.157148 0.039073 0.130795
v 0.149030 0.038833 0.129277
v 0.165554 0.052028 0.118365
v 0.157775 0.052198 0.117659
v 0.161807 0.052637 0.118161
v 0.165512 0.039047 0.118351
v 0.155073 0.036691 0.120200
v 0.154155 0.054357 0.126518
v 0.153394 0.052876 0.130046
v 0.169648 0.036697 0.130593
v 0.167993 0.037663 0.118303
v 0.170002 0.039629 0.117648
v 0.171138 0.037957 0.117145
v 0.165737 0.054155 0.119409
v 0.175464 0.054204 0.132754
v 0.149210 0.053481 0.129127
v 0.150119 0.053865 0.128996
v 0.154258 0.054249 0.128405
v 0.164867 0.037109 0.131566
v 0.170884 0.037076 0.117505
v 0.170042 0.037640 0.117729
v 0.170887 0.036773 0.118506
v 0.169697 0.037080 0.118113
v 0.168903 0.036799 0.119268
v 0.167925 0.037104 0.118627
v 0.172671 0.054223 0.118692
v 0.172682 0.053760 0.117661
v 0.172665 0.052939 0.117340
v 0.168172 0.053397 0.118355
v 0.169173 0.054217 0.119334
v 0.168229 0.053922 0.118679
v 0.172300 0.051829 0.117279
v 0.168307 0.051999 0.118150
v 0.172482 0.045839 0.117054
v 0.168156 0.039155 0.118122
v 0.171342 0.036668 0.120250
v 0.166142 0.036754 0.120079
v 0.176368 0.008832 0.132879
v 0.176290 0.015415 0.132788
v 0.176422 0.015312 0.133557
v 0.176835 0.019796 0.133982
v 0.176160 0.021949 0.133512
v 0.179476 0.007914 0.117467
v 0.180120 0.008380 0.117301
v 0.179182 0.015312 0.117577
v 0.178894 0.007803 0.118308
v 0.178802 0.015451 0.118305
v 0.178523 0.021815 0.118342
v 0.178920 0.021949 0.117532
v 0.197983 0.012078 0.120824
v 0.197126 0.011840 0.120203
v 0.197510 0.013919 0.120356
v 0.197751 0.023283 0.120620
v 0.197141 0.032792 0.120284
v 0.197648 0.033546 0.120762
v 0.176881 0.007870 0.133875
v 0.178292 -0.000071 0.134414
v 0.177022 0.022605 0.134098
v 0.177716 0.029043 0.134334
v 0.196121 0.009916 0.119915
v 0.195982 0.029171 0.119917
v 0.177843 0.021710 0.121394
v -0.122162 -0.052780 0.109073
v -0.121335 -0.054703 0.106736
v -0.121602 -0.054320 0.094855
v -0.124095 -0.048609 0.109300
v -0.123666 -0.049450 0.108376
v -0.123594 -0.049516 0.106386
v -0.124245 -0.047858 0.105404
v -0.125629 -0.044366 0.107402
v -0.125097 -0.046040 0.108928
v -0.124262 -0.047969 0.107765
v -0.127877 -0.048936 0.115730
v -0.129796 -0.048212 0.115859
v -0.128440 -0.047621 0.115262
v -0.130005 -0.047567 0.115661
v -0.130438 -0.048677 0.116266
v -0.132908 -0.047980 0.116514
v -0.132854 -0.047402 0.116280
v -0.128717 -0.046873 0.115129
v -0.130232 -0.046824 0.115508
v -0.128992 -0.046064 0.115071
v -0.130456 -0.046024 0.115444
v -0.132141 -0.046722 0.115931
v -0.132305 -0.045929 0.115863
v -0.135516 -0.045722 0.116523
v -0.134416 -0.046600 0.116394
v -0.137909 -0.047209 0.117245
v -0.137864 -0.047869 0.117497
v -0.137870 -0.048408 0.117790
v -0.134124 -0.048515 0.117059
v -0.120474 -0.050973 0.101500
v -0.121742 -0.047781 0.100750
v -0.123083 -0.044281 0.100185
v -0.120757 -0.050128 0.093544
v -0.119266 -0.053899 0.100086
v -0.123032 -0.048423 0.115938
v -0.123290 -0.047301 0.116451
v -0.123468 -0.045921 0.114958
v -0.122074 -0.048819 0.113235
v -0.123322 -0.045410 0.113221
v -0.123180 -0.045063 0.111460
v -0.123202 -0.044476 0.109701
v -0.122338 -0.046747 0.109886
v -0.122416 -0.047034 0.111642
v -0.121655 -0.049296 0.111848
v -0.121438 -0.048923 0.110203
v -0.122579 -0.051372 0.109347
v -0.121358 -0.052511 0.109450
v -0.121375 -0.051260 0.109546
v -0.121792 -0.053385 0.109032
v -0.120662 -0.052948 0.109355
v -0.120439 -0.053539 0.108962
v -0.121496 -0.054374 0.107767
v -0.122284 -0.050212 0.110477
v -0.123258 -0.049570 0.112245
v -0.122275 -0.049730 0.111442
v -0.123586 -0.049273 0.113261
v -0.123868 -0.048997 0.114539
v -0.122381 -0.048910 0.113895
v -0.120644 -0.052792 0.093262
v -0.120970 -0.050050 0.092989
v -0.120995 -0.051899 0.093078
v -0.122349 -0.052366 0.093279
v -0.119889 -0.054345 0.097485
v -0.121213 -0.054928 0.103398
v -0.121283 -0.054836 0.105203
v -0.120223 -0.054550 0.103456
v -0.126943 -0.049330 0.116959
v -0.127804 -0.049371 0.116812
v -0.130809 -0.049414 0.117724
v -0.128481 -0.049387 0.117934
v -0.130958 -0.049426 0.118519
v -0.133828 -0.049411 0.118530
v -0.136617 -0.049317 0.118758
v -0.133362 -0.049427 0.119032
v -0.136945 -0.049418 0.119731
v -0.137503 -0.049286 0.120819
v -0.130700 -0.049330 0.119364
v -0.128028 -0.049273 0.118791
v -0.126272 -0.049218 0.118070
v -0.122828 -0.050638 0.109842
v -0.121344 -0.049687 0.110708
v -0.120823 -0.050443 0.109705
v -0.120540 -0.050763 0.108502
v -0.123478 -0.049844 0.093702
v -0.124693 -0.046711 0.093659
v -0.124866 -0.046121 0.093262
v -0.123807 -0.048510 0.093122
v -0.122795 -0.051080 0.093159
v -0.123227 -0.049989 0.093140
v -0.124451 -0.046844 0.093115
v -0.125136 -0.045039 0.093120
v -0.124071 -0.047830 0.093121
v -0.121635 -0.054001 0.108582
v -0.124276 -0.049364 0.112705
v -0.124700 -0.049148 0.113601
v -0.123405 -0.050008 0.110899
v -0.121435 -0.054782 0.098007
v -0.121322 -0.054916 0.098581
v -0.121168 -0.054942 0.099508
v -0.121224 -0.054932 0.101429
v -0.121203 -0.054899 0.097573
v -0.121399 -0.054722 0.096020
v -0.121368 -0.054831 0.102761
v -0.121718 -0.053998 0.094030
v -0.121985 -0.053361 0.093624
v -0.136842 -0.048800 0.117863
v -0.132550 -0.048944 0.116985
v -0.133989 -0.049195 0.117683
v -0.131502 -0.049249 0.117080
v -0.129426 -0.049206 0.116408
v -0.119567 -0.053542 0.108094
v -0.119905 -0.052590 0.109354
v -0.120172 -0.051971 0.109503
v -0.119674 -0.052995 0.108880
v -0.122468 -0.048458 0.114774
v -0.119903 -0.052450 0.093470
v -0.120297 -0.051566 0.093122
v -0.119573 -0.053634 0.094627
v -0.119739 -0.053181 0.093854
v -0.119304 -0.053967 0.097554
v -0.119464 -0.053904 0.095891
v -0.119299 -0.054089 0.101498
v -0.119375 -0.054139 0.099469
v -0.119301 -0.054091 0.103555
v -0.119297 -0.053962 0.105384
v -0.119460 -0.053907 0.106948
v -0.126249 -0.048120 0.120460
v -0.128050 -0.048173 0.121150
v -0.127928 -0.048594 0.120636
v -0.126105 -0.048530 0.119996
v -0.127873 -0.048906 0.120045
v -0.126040 -0.048829 0.119456
v -0.130300 -0.048188 0.121766
v -0.130208 -0.048613 0.121226
v -0.130167 -0.048934 0.120610
v -0.126068 -0.049038 0.118872
v -0.127900 -0.049128 0.119416
v -0.130197 -0.049163 0.119963
v -0.132400 -0.049135 0.120540
v -0.133608 -0.048866 0.121443
v -0.132854 -0.048607 0.121786
v -0.135780 -0.048592 0.122336
v -0.132917 -0.048182 0.122333
v -0.135817 -0.048167 0.122883
v -0.123413 -0.048346 0.117171
v -0.123746 -0.047302 0.117799
v -0.124339 -0.047380 0.118957
v -0.124811 -0.046299 0.119193
v -0.124861 -0.048598 0.118779
v -0.125201 -0.047483 0.119961
v -0.126454 -0.047579 0.120820
v -0.125470 -0.046837 0.120172
v -0.126699 -0.046935 0.121075
v -0.127223 -0.045451 0.121278
v -0.126962 -0.046216 0.121227
v -0.125763 -0.046111 0.120298
v -0.124858 -0.049070 0.115180
v -0.124058 -0.048885 0.115762
v -0.125345 -0.049128 0.117177
v -0.126416 -0.049252 0.115518
v -0.125742 -0.049097 0.114894
v -0.125137 -0.049083 0.114300
v -0.123999 -0.048448 0.118051
v -0.143832 -0.048323 0.118835
v -0.137835 -0.046464 0.117040
v -0.143804 -0.046389 0.118094
v -0.149864 -0.045602 0.119054
v -0.141521 -0.045621 0.117626
v -0.149859 -0.046379 0.119126
v -0.143852 -0.047122 0.118285
v -0.149848 -0.047113 0.119305
v -0.143830 -0.047777 0.118537
v -0.149836 -0.047770 0.119559
v -0.139178 -0.049384 0.120527
v -0.144041 -0.049301 0.121873
v -0.140229 -0.049411 0.120373
v -0.142666 -0.049393 0.120480
v -0.139549 -0.049386 0.119708
v -0.145857 -0.049387 0.121247
v -0.149558 -0.049120 0.121211
v -0.139796 -0.049202 0.119038
v -0.137860 -0.049037 0.118345
v -0.143061 -0.049004 0.119311
v -0.143019 -0.049189 0.119629
v -0.141254 -0.048707 0.118666
v -0.146362 -0.049184 0.120212
v -0.146362 -0.049184 0.120212
v -0.138897 -0.048582 0.122898
v -0.138918 -0.048158 0.123445
v -0.140883 -0.048897 0.122627
v -0.142170 -0.048154 0.124015
v -0.142157 -0.048577 0.123468
v -0.148960 -0.049135 0.123388
v -0.148923 -0.048900 0.124003
v -0.145512 -0.048575 0.124043
v -0.148915 -0.048575 0.124623
v -0.145523 -0.048152 0.124591
v -0.148926 -0.048152 0.125169
v -0.124808 -0.046464 0.095264
v -0.122733 -0.051748 0.096818
v -0.126412 -0.045261 0.113352
v -0.125925 -0.046559 0.113393
v -0.125399 -0.046969 0.112557
v -0.125317 -0.046457 0.111495
v -0.125361 -0.047917 0.113464
v -0.124769 -0.048436 0.112585
v -0.123912 -0.049639 0.111749
v -0.124792 -0.047236 0.110371
v -0.121771 -0.047723 0.106052
v -0.121118 -0.049391 0.108535
v -0.122074 -0.047121 0.108243
v -0.128854 -0.045525 0.122051
v -0.128641 -0.046278 0.121996
v -0.128425 -0.046988 0.121829
v -0.130898 -0.045568 0.122705
v -0.130743 -0.046309 0.122648
v -0.130582 -0.047010 0.122474
v -0.128221 -0.047629 0.121547
v -0.130430 -0.047645 0.122180
v -0.133003 -0.047641 0.122754
v -0.135868 -0.047629 0.123304
v -0.133105 -0.047012 0.123051
v -0.135926 -0.047004 0.123599
v -0.133209 -0.046319 0.123226
v -0.135985 -0.046318 0.123773
v -0.133309 -0.045588 0.123284
v -0.137150 -0.045585 0.124046
v -0.122499 -0.047152 0.092958
v -0.121616 -0.050404 0.093020
v -0.123134 -0.044466 0.092955
v -0.121908 -0.047321 0.093117
v -0.122555 -0.045510 0.093603
v -0.127928 -0.046019 0.114749
v -0.127621 -0.046837 0.114795
v -0.127312 -0.047592 0.114901
v -0.127180 -0.045915 0.114407
v -0.126852 -0.046750 0.114439
v -0.126382 -0.047840 0.114550
v -0.126830 -0.048674 0.115153
v -0.125786 -0.047914 0.114099
v -0.126318 -0.046646 0.113995
v -0.126662 -0.045779 0.113975
v -0.143279 -0.045601 0.125142
v -0.141279 -0.046999 0.124569
v -0.139838 -0.047605 0.124024
v -0.148944 -0.047577 0.125603
v -0.148957 -0.046996 0.125883
v -0.140731 -0.046318 0.124645
v -0.148970 -0.046317 0.126056
v -0.148975 -0.045602 0.126113
v -0.128101 -0.037177 0.107562
v -0.127931 -0.037866 0.096416
v -0.127331 -0.039138 0.109444
v -0.126772 -0.041438 0.109426
v -0.127103 -0.040157 0.108137
v -0.126454 -0.042101 0.107792
v -0.126843 -0.040869 0.106018
v -0.126244 -0.042962 0.109127
v -0.125597 -0.044303 0.105150
v -0.129526 -0.044096 0.115327
v -0.132735 -0.043103 0.116549
v -0.130873 -0.044129 0.115726
v -0.132639 -0.044075 0.116175
v -0.134774 -0.043003 0.117059
v -0.135390 -0.043510 0.116958
v -0.137195 -0.042909 0.117589
v -0.134680 -0.044250 0.116565
v -0.137911 -0.044128 0.117217
v -0.137833 -0.044877 0.117030
v -0.132912 -0.044986 0.116057
v -0.130657 -0.045206 0.115508
v -0.129240 -0.045236 0.115129
v -0.124546 -0.040290 0.100619
v -0.125467 -0.037686 0.101265
v -0.125411 -0.037793 0.108019
v -0.126254 -0.035535 0.108845
v -0.126560 -0.034900 0.106999
v -0.124121 -0.044212 0.114935
v -0.124205 -0.043052 0.113311
v -0.124699 -0.040347 0.110327
v -0.124053 -0.042187 0.109897
v -0.124104 -0.042596 0.111624
v -0.124234 -0.045054 0.116590
v -0.127136 -0.037121 0.109449
v -0.127332 -0.036481 0.109307
v -0.127570 -0.035896 0.108915
v -0.126545 -0.040076 0.111297
v -0.126633 -0.040595 0.112245
v -0.126670 -0.041017 0.113241
v -0.126023 -0.039341 0.110526
v -0.125630 -0.041455 0.116000
v -0.126205 -0.040983 0.114146
v -0.126468 -0.035181 0.094688
v -0.126283 -0.035677 0.093832
v -0.126787 -0.036451 0.093262
v -0.126468 -0.037360 0.093078
v -0.127437 -0.034789 0.103477
v -0.126707 -0.034576 0.103606
v -0.130895 -0.042142 0.117265
v -0.129235 -0.042089 0.116894
v -0.131069 -0.041941 0.117938
v -0.128821 -0.041827 0.117685
v -0.129232 -0.041759 0.118602
v -0.131108 -0.041816 0.118568
v -0.131858 -0.041792 0.119439
v -0.134259 -0.041805 0.119166
v -0.135839 -0.041813 0.120414
v -0.133884 -0.041959 0.118330
v -0.136719 -0.041839 0.119101
v -0.127020 -0.039764 0.110213
v -0.125173 -0.039260 0.110716
v -0.125442 -0.038278 0.109688
v -0.125896 -0.036749 0.109501
v -0.125539 -0.037450 0.109099
v -0.127479 -0.039171 0.095058
v -0.126777 -0.040746 0.093209
v -0.126129 -0.042878 0.093705
v -0.125712 -0.043487 0.093120
v -0.126265 -0.041978 0.093120
v -0.127271 -0.039175 0.093159
v -0.128298 -0.036347 0.108630
v -0.128106 -0.036774 0.109113
v -0.128462 -0.035852 0.107824
v -0.127894 -0.037426 0.109253
v -0.127263 -0.041433 0.112722
v -0.127174 -0.040970 0.111768
v -0.127162 -0.040455 0.110849
v -0.128679 -0.035394 0.102785
v -0.128693 -0.035505 0.097822
v -0.128699 -0.035298 0.098581
v -0.128635 -0.035221 0.101429
v -0.128628 -0.035497 0.096004
v -0.128518 -0.035925 0.094823
v -0.128598 -0.035232 0.097571
v -0.128427 -0.035115 0.099572
v -0.128567 -0.035471 0.106733
v -0.128619 -0.035329 0.105165
v -0.128625 -0.035216 0.103381
v -0.128392 -0.036249 0.094030
v -0.127797 -0.037987 0.093435
v -0.128164 -0.036924 0.093620
v -0.134817 -0.042281 0.117681
v -0.132718 -0.042415 0.117061
v -0.131136 -0.042758 0.116336
v -0.129803 -0.042677 0.115863
v -0.137149 -0.042053 0.118435
v -0.126061 -0.036119 0.109214
v -0.126542 -0.035106 0.108146
v -0.125377 -0.040906 0.114722
v -0.125345 -0.040403 0.113178
v -0.125169 -0.039868 0.111803
v -0.125022 -0.038790 0.093620
v -0.125718 -0.037150 0.093122
v -0.126042 -0.036223 0.093307
v -0.126666 -0.034844 0.095896
v -0.126488 -0.034702 0.100083
v -0.126632 -0.034587 0.101498
v -0.126721 -0.034600 0.099430
v -0.126725 -0.034702 0.097578
v -0.126461 -0.034746 0.102492
v -0.126554 -0.034616 0.104547
v -0.126674 -0.034612 0.105432
v -0.128006 -0.042638 0.120460
v -0.128129 -0.042207 0.119996
v -0.129583 -0.042307 0.120636
v -0.129483 -0.042747 0.121150
v -0.131342 -0.042831 0.121766
v -0.128246 -0.041919 0.119456
v -0.130071 -0.042026 0.120200
v -0.133568 -0.042893 0.122333
v -0.131980 -0.042399 0.121379
v -0.136142 -0.042936 0.122883
v -0.134256 -0.041928 0.120654
v -0.129522 -0.041816 0.119332
v -0.126831 -0.038254 0.109487
v -0.126159 -0.038725 0.109811
v -0.126002 -0.042893 0.118957
v -0.125728 -0.043791 0.119162
v -0.124777 -0.044814 0.117995
v -0.126200 -0.044976 0.120359
v -0.127460 -0.044668 0.121227
v -0.126557 -0.043773 0.120172
v -0.127670 -0.043911 0.121075
v -0.127854 -0.043220 0.120820
v -0.126762 -0.043078 0.119961
v -0.127218 -0.041828 0.115066
v -0.126882 -0.041675 0.115557
v -0.127504 -0.041930 0.115940
v -0.127048 -0.041705 0.116706
v -0.127789 -0.041814 0.117081
v -0.128350 -0.042155 0.116129
v -0.128862 -0.042634 0.115380
v -0.128173 -0.042458 0.114873
v -0.127728 -0.042201 0.114308
v -0.127204 -0.041961 0.118779
v -0.126451 -0.041826 0.118051
v -0.125969 -0.041726 0.117089
v -0.142458 -0.043386 0.118298
v -0.149847 -0.044072 0.119310
v -0.141425 -0.042753 0.118453
v -0.149836 -0.043382 0.119559
v -0.149557 -0.041990 0.121216
v -0.149857 -0.044831 0.119131
v -0.142798 -0.041787 0.120336
v -0.139686 -0.041814 0.119746
v -0.139282 -0.042181 0.118588
v -0.140419 -0.042405 0.118548
v -0.139048 -0.042524 0.122898
v -0.139048 -0.042961 0.123445
v -0.142195 -0.042537 0.123468
v -0.142203 -0.042974 0.124015
v -0.134789 -0.042161 0.121447
v -0.145523 -0.042978 0.124591
v -0.148916 -0.042499 0.124548
v -0.148926 -0.042978 0.125169
v -0.148924 -0.042212 0.123994
v -0.148962 -0.041972 0.123368
v -0.126157 -0.042843 0.096240
v -0.126126 -0.045084 0.112529
v -0.126922 -0.043804 0.113415
v -0.126842 -0.043039 0.112597
v -0.126332 -0.043726 0.111541
v -0.125745 -0.044740 0.110290
v -0.126551 -0.042491 0.110435
v -0.127409 -0.042029 0.113571
v -0.123378 -0.043521 0.105684
v -0.124453 -0.040554 0.106314
v -0.123412 -0.043595 0.107873
v -0.124432 -0.040786 0.108465
v -0.129044 -0.044756 0.121996
v -0.131035 -0.044812 0.122648
v -0.129213 -0.044011 0.121829
v -0.131154 -0.044080 0.122474
v -0.133392 -0.044845 0.123226
v -0.137010 -0.044849 0.123955
v -0.133461 -0.044125 0.123051
v -0.137187 -0.044153 0.123810
v -0.134077 -0.043473 0.122886
v -0.131256 -0.043407 0.122180
v -0.129360 -0.043328 0.121547
v -0.124533 -0.041760 0.092961
v -0.125941 -0.038907 0.093020
v -0.123607 -0.042846 0.093108
v -0.123857 -0.042016 0.093596
v -0.125218 -0.038753 0.092989
v -0.128207 -0.045181 0.114795
v -0.127479 -0.045059 0.114439
v -0.127872 -0.043832 0.114572
v -0.127150 -0.044362 0.114006
v -0.127479 -0.043304 0.114099
v -0.128504 -0.044126 0.114936
v -0.143061 -0.044875 0.125047
v -0.143029 -0.044176 0.124870
v -0.148970 -0.044879 0.126056
v -0.148957 -0.044179 0.125883
v -0.148938 -0.043473 0.125562
v -0.142215 -0.043531 0.124434
v -0.139051 -0.043520 0.123865
v -0.121745 0.053623 0.096344
v -0.121281 0.054488 0.096032
v -0.122347 0.052173 0.096413
v -0.123745 0.048931 0.109467
v -0.123548 0.049213 0.108376
v -0.124145 0.047733 0.107765
v -0.123450 0.049344 0.106475
v -0.123796 0.048536 0.097559
v -0.124063 0.047795 0.103772
v -0.124793 0.045919 0.105682
v -0.124379 0.047373 0.109121
v -0.128342 0.048162 0.115576
v -0.129679 0.047976 0.115859
v -0.128322 0.047385 0.115262
v -0.129887 0.047330 0.115661
v -0.131855 0.047226 0.116095
v -0.128599 0.046637 0.115129
v -0.130114 0.046588 0.115508
v -0.128874 0.045828 0.115071
v -0.130338 0.045787 0.115444
v -0.132023 0.046486 0.115931
v -0.132187 0.045693 0.115863
v -0.137739 0.046226 0.117044
v -0.135473 0.045486 0.116537
v -0.134298 0.046364 0.116394
v -0.134190 0.047100 0.116565
v -0.137777 0.047637 0.117505
v -0.134089 0.047751 0.116799
v -0.135296 0.048228 0.117321
v -0.121874 0.046906 0.102878
v -0.121066 0.048960 0.100650
v -0.123276 0.043042 0.093603
v -0.119290 0.053297 0.102033
v -0.119446 0.053303 0.108097
v -0.120180 0.051163 0.101986
v -0.123172 0.047064 0.116451
v -0.124137 0.044782 0.116618
v -0.123603 0.045049 0.114947
v -0.123343 0.044810 0.113225
v -0.123318 0.043612 0.109664
v -0.122218 0.046506 0.109847
v -0.123052 0.044850 0.111461
v -0.121233 0.052278 0.109449
v -0.120532 0.052705 0.109356
v -0.119634 0.052623 0.109037
v -0.120273 0.053280 0.108969
v -0.122652 0.049602 0.111405
v -0.122321 0.050027 0.110448
v -0.124146 0.048870 0.114223
v -0.123464 0.049038 0.113256
v -0.123607 0.048697 0.114767
v -0.122311 0.048649 0.114009
v -0.122914 0.048187 0.115938
v -0.122739 0.048901 0.113371
v -0.120526 0.052556 0.093262
v -0.121498 0.050171 0.093020
v -0.120178 0.051330 0.093122
v -0.120877 0.051663 0.093078
v -0.122676 0.050844 0.093159
v -0.120562 0.054511 0.099420
v -0.119888 0.054217 0.103484
v -0.119181 0.053724 0.105356
v -0.119232 0.053912 0.103588
v -0.129234 0.049017 0.116592
v -0.131474 0.049171 0.117845
v -0.128376 0.049154 0.117958
v -0.126765 0.049090 0.117029
v -0.134158 0.049158 0.118505
v -0.139256 0.049161 0.119879
v -0.136361 0.049159 0.119098
v -0.138655 0.049165 0.120246
v -0.133156 0.049179 0.119112
v -0.134375 0.049091 0.120124
v -0.135952 0.049155 0.119941
v -0.131217 0.049191 0.118658
v -0.130194 0.049076 0.119333
v -0.127910 0.049037 0.118790
v -0.126138 0.048977 0.118083
v -0.122326 0.050566 0.109743
v -0.122512 0.051197 0.109292
v -0.123100 0.050264 0.109923
v -0.121227 0.049452 0.110706
v -0.120743 0.050251 0.109696
v -0.122993 0.050535 0.093734
v -0.122231 0.052130 0.093279
v -0.123108 0.049752 0.093140
v -0.123954 0.047592 0.093121
v -0.125018 0.044802 0.093120
v -0.124747 0.045885 0.093262
v -0.125674 0.043551 0.093659
v -0.125142 0.045026 0.095167
v -0.124230 0.047386 0.093747
v -0.121699 0.053087 0.109049
v -0.122002 0.052548 0.109253
v -0.121430 0.053720 0.108663
v -0.121401 0.054086 0.107842
v -0.124667 0.048771 0.113570
v -0.124165 0.049120 0.112715
v -0.123791 0.049412 0.111758
v -0.123456 0.049771 0.110844
v -0.121251 0.054614 0.098795
v -0.121048 0.054705 0.099703
v -0.121038 0.054700 0.101435
v -0.121153 0.054659 0.097575
v -0.121404 0.054215 0.094790
v -0.121219 0.054463 0.106733
v -0.121165 0.054603 0.105190
v -0.121146 0.054659 0.103420
v -0.121878 0.053095 0.093602
v -0.121596 0.053767 0.094016
v -0.136724 0.048563 0.117863
v -0.133900 0.048855 0.117556
v -0.137667 0.048801 0.118330
v -0.136636 0.048990 0.118435
v -0.131507 0.048605 0.116757
v -0.127681 0.048868 0.115805
v -0.120054 0.051737 0.109503
v -0.121561 0.048918 0.111826
v -0.121963 0.048572 0.113249
v -0.122350 0.048222 0.114776
v -0.120382 0.050532 0.093609
v -0.119784 0.052214 0.093470
v -0.120852 0.049811 0.092989
v -0.119628 0.052927 0.093839
v -0.119362 0.053217 0.094731
v -0.119369 0.053678 0.095896
v -0.119324 0.053822 0.097552
v -0.119231 0.053844 0.099436
v -0.119181 0.053853 0.101498
v -0.119343 0.053671 0.106948
v -0.126131 0.047884 0.120460
v -0.125988 0.048294 0.119996
v -0.127811 0.048357 0.120636
v -0.127932 0.047937 0.121150
v -0.125922 0.048594 0.119456
v -0.127755 0.048670 0.120045
v -0.130090 0.048378 0.121226
v -0.130183 0.047952 0.121765
v -0.130050 0.048697 0.120610
v -0.125951 0.048802 0.118872
v -0.127782 0.048892 0.119416
v -0.130079 0.048926 0.119963
v -0.132497 0.048889 0.120607
v -0.135654 0.048679 0.121715
v -0.132713 0.048695 0.121162
v -0.135662 0.048355 0.122336
v -0.135699 0.047930 0.122883
v -0.132799 0.047946 0.122333
v -0.132736 0.048371 0.121786
v -0.121289 0.051043 0.109542
v -0.123627 0.047065 0.117796
v -0.124221 0.047143 0.118957
v -0.125082 0.047247 0.119961
v -0.126336 0.047343 0.120820
v -0.125353 0.046601 0.120172
v -0.126580 0.046699 0.121075
v -0.127105 0.045214 0.121278
v -0.126844 0.045980 0.121227
v -0.125645 0.045875 0.120298
v -0.124594 0.046292 0.119165
v -0.124660 0.044578 0.117995
v -0.125238 0.048896 0.117087
v -0.123695 0.048580 0.115969
v -0.126571 0.048660 0.115268
v -0.125605 0.048864 0.114880
v -0.124867 0.048838 0.114649
v -0.124743 0.048362 0.118779
v -0.123294 0.048110 0.117171
v -0.123881 0.048212 0.118051
v -0.137809 0.046974 0.117248
v -0.143747 0.047542 0.118544
v -0.140705 0.048109 0.118312
v -0.143768 0.046884 0.118290
v -0.141477 0.045386 0.117640
v -0.143716 0.046152 0.118099
v -0.149746 0.045365 0.119054
v -0.149741 0.046142 0.119126
v -0.149730 0.046876 0.119305
v -0.149717 0.047534 0.119559
v -0.149706 0.048125 0.119883
v -0.138907 0.049060 0.121038
v -0.143561 0.049081 0.121742
v -0.139678 0.048965 0.119038
v -0.142636 0.049097 0.120329
v -0.139747 0.048513 0.118430
v -0.143799 0.048632 0.119319
v -0.149364 0.049054 0.121553
v -0.145987 0.049095 0.120918
v -0.138800 0.047921 0.123445
v -0.138650 0.048381 0.122810
v -0.142052 0.047917 0.124015
v -0.139022 0.048671 0.122302
v -0.148843 0.048896 0.123388
v -0.145402 0.048663 0.123425
v -0.148805 0.048663 0.124003
v -0.148797 0.048340 0.124623
v -0.148808 0.047916 0.125169
v -0.145405 0.047916 0.124591
v -0.145394 0.048340 0.124043
v -0.125604 0.046818 0.113403
v -0.126008 0.044849 0.112529
v -0.125101 0.047180 0.112570
v -0.124960 0.046830 0.111544
v -0.124675 0.046999 0.110371
v -0.125627 0.044503 0.110290
v -0.123250 0.043310 0.105698
v -0.121768 0.047190 0.106087
v -0.120608 0.050073 0.108256
v -0.121840 0.047201 0.108472
v -0.123260 0.043449 0.107872
v -0.128523 0.046042 0.121996
v -0.128735 0.045289 0.122051
v -0.128306 0.046752 0.121829
v -0.130625 0.046073 0.122648
v -0.130780 0.045331 0.122705
v -0.130464 0.046774 0.122474
v -0.128104 0.047393 0.121547
v -0.130312 0.047409 0.122180
v -0.135750 0.047393 0.123304
v -0.132886 0.047405 0.122754
v -0.132986 0.046775 0.123051
v -0.135808 0.046768 0.123599
v -0.135868 0.046081 0.123773
v -0.133191 0.045351 0.123284
v -0.133092 0.046082 0.123226
v -0.124333 0.046606 0.093115
v -0.123687 0.048276 0.093121
v -0.122382 0.046915 0.092958
v -0.123015 0.044231 0.092955
v -0.121793 0.047075 0.093117
v -0.121950 0.046538 0.093596
v -0.127810 0.045783 0.114749
v -0.127503 0.046600 0.114795
v -0.127195 0.047356 0.114901
v -0.127144 0.045436 0.114400
v -0.126734 0.046514 0.114439
v -0.126264 0.047603 0.114550
v -0.125668 0.047677 0.114099
v -0.126200 0.046409 0.113995
v -0.126615 0.045317 0.113960
v -0.140647 0.046082 0.124652
v -0.136919 0.045358 0.124025
v -0.138863 0.046763 0.124159
v -0.138829 0.047386 0.123865
v -0.142071 0.047382 0.124434
v -0.148825 0.047340 0.125603
v -0.142821 0.046762 0.124856
v -0.148839 0.046760 0.125883
v -0.148852 0.046080 0.126056
v -0.148858 0.045365 0.126113
v -0.143167 0.045363 0.125143
v -0.127433 0.038719 0.096747
v -0.128206 0.036247 0.107899
v -0.128358 0.035504 0.107894
v -0.128288 0.036246 0.094940
v -0.127194 0.039363 0.093736
v -0.126570 0.041454 0.109310
v -0.126547 0.041278 0.108033
v -0.126940 0.040010 0.107012
v -0.125534 0.044325 0.108912
v -0.125487 0.044194 0.107402
v -0.126315 0.041778 0.105510
v -0.130975 0.042520 0.116321
v -0.130848 0.043494 0.115859
v -0.129510 0.043510 0.115431
v -0.132548 0.043424 0.116315
v -0.132616 0.042312 0.117039
v -0.130710 0.044188 0.115661
v -0.129337 0.044209 0.115262
v -0.132452 0.044113 0.116095
v -0.134618 0.043327 0.116799
v -0.135120 0.043933 0.116702
v -0.135117 0.044728 0.116530
v -0.132330 0.044886 0.115931
v -0.129123 0.045000 0.115129
v -0.130539 0.044970 0.115508
v -0.125363 0.037409 0.101430
v -0.124799 0.038870 0.094471
v -0.124437 0.040028 0.100588
v -0.122965 0.044045 0.100185
v -0.126244 0.034811 0.100894
v -0.125061 0.038245 0.108651
v -0.126430 0.034448 0.105354
v -0.125262 0.040648 0.114704
v -0.125255 0.040193 0.113260
v -0.124243 0.043314 0.114966
v -0.125396 0.041240 0.116110
v -0.124075 0.042845 0.113300
v -0.125123 0.039484 0.111780
v -0.124719 0.039649 0.110256
v -0.124087 0.041496 0.109870
v -0.123983 0.042351 0.111578
v -0.127687 0.037260 0.109172
v -0.127877 0.036492 0.109157
v -0.127638 0.035187 0.108159
v -0.126966 0.035503 0.108967
v -0.126768 0.036101 0.109357
v -0.125775 0.036516 0.109500
v -0.126546 0.036737 0.109504
v -0.126361 0.039797 0.111294
v -0.126261 0.040309 0.112544
v -0.126477 0.041150 0.114702
v -0.126608 0.040852 0.113326
v -0.127321 0.041629 0.113601
v -0.125820 0.038672 0.093020
v -0.126349 0.037125 0.093078
v -0.125886 0.035997 0.093427
v -0.126669 0.036215 0.093262
v -0.126473 0.034679 0.095843
v -0.126590 0.034340 0.103603
v -0.128507 0.034981 0.103398
v -0.127467 0.034598 0.103475
v -0.128499 0.035097 0.105200
v -0.128451 0.035230 0.106736
v -0.129077 0.041799 0.117015
v -0.130604 0.041902 0.117228
v -0.130736 0.041717 0.117837
v -0.128703 0.041591 0.117685
v -0.128736 0.041513 0.118398
v -0.133170 0.041568 0.119786
v -0.130308 0.041589 0.118315
v -0.136746 0.041631 0.119143
v -0.134032 0.041572 0.119112
v -0.134617 0.042195 0.117597
v -0.126618 0.039381 0.110324
v -0.127099 0.039082 0.109659
v -0.127339 0.038626 0.109196
v -0.125342 0.037990 0.109641
v -0.125146 0.039010 0.110709
v -0.126148 0.041741 0.093120
v -0.125594 0.043251 0.093120
v -0.126659 0.040511 0.093208
v -0.127153 0.038938 0.093159
v -0.128118 0.035940 0.108702
v -0.126788 0.042600 0.112598
v -0.127058 0.040715 0.111754
v -0.127045 0.040215 0.110841
v -0.127143 0.041188 0.112705
v -0.128556 0.035155 0.103478
v -0.128543 0.035070 0.099068
v -0.128425 0.035544 0.094789
v -0.128500 0.035358 0.095940
v -0.128528 0.035044 0.097576
v -0.128470 0.034937 0.101435
v -0.128057 0.036662 0.093624
v -0.128274 0.036013 0.094030
v -0.127689 0.037607 0.093286
v -0.137082 0.042472 0.117725
v -0.137869 0.041955 0.118343
v -0.129693 0.042458 0.115861
v -0.125942 0.035882 0.109214
v -0.126232 0.034939 0.108062
v -0.126132 0.035303 0.108838
v -0.125599 0.036914 0.093122
v -0.126418 0.034879 0.094628
v -0.126243 0.035337 0.093831
v -0.126605 0.034470 0.097536
v -0.126549 0.034390 0.099437
v -0.126514 0.034351 0.101497
v -0.126510 0.034592 0.106949
v -0.127889 0.042401 0.120460
v -0.129365 0.042510 0.121150
v -0.129465 0.042071 0.120636
v -0.128011 0.041971 0.119996
v -0.131224 0.042595 0.121765
v -0.128508 0.041714 0.119649
v -0.133450 0.042658 0.122333
v -0.136025 0.042700 0.122883
v -0.132057 0.042181 0.121453
v -0.131880 0.041858 0.120769
v -0.133343 0.041653 0.120370
v -0.136998 0.041718 0.121264
v -0.129273 0.041570 0.119255
v -0.126588 0.038463 0.109595
v -0.125955 0.038675 0.109963
v -0.125360 0.042412 0.117746
v -0.125884 0.042657 0.118957
v -0.125607 0.043567 0.119166
v -0.127341 0.044432 0.121227
v -0.126099 0.044695 0.120359
v -0.126439 0.043536 0.120172
v -0.127552 0.043674 0.121075
v -0.127735 0.042983 0.120820
v -0.126644 0.042841 0.119961
v -0.127607 0.041966 0.114302
v -0.127100 0.041592 0.115066
v -0.127386 0.041694 0.115940
v -0.126515 0.041328 0.115861
v -0.125822 0.041387 0.117171
v -0.126931 0.041469 0.116706
v -0.126333 0.041590 0.118051
v -0.127086 0.041725 0.118779
v -0.127671 0.041558 0.117213
v -0.127984 0.041764 0.116492
v -0.128739 0.042388 0.115379
v -0.128060 0.042218 0.114878
v -0.138018 0.043163 0.117522
v -0.141558 0.042521 0.118497
v -0.149716 0.043140 0.119568
v -0.149730 0.043827 0.119305
v -0.141433 0.043844 0.117882
v -0.149741 0.044580 0.119126
v -0.141700 0.044597 0.117749
v -0.136794 0.041573 0.120603
v -0.142680 0.041550 0.120336
v -0.139567 0.041577 0.119746
v -0.149439 0.041755 0.121214
v -0.140167 0.042169 0.118523
v -0.138930 0.042725 0.123445
v -0.138929 0.042287 0.122898
v -0.142084 0.042738 0.124015
v -0.142076 0.042301 0.123468
v -0.135629 0.041934 0.121637
v -0.145405 0.042743 0.124591
v -0.148808 0.042743 0.125169
v -0.148797 0.042305 0.124623
v -0.145394 0.042305 0.124043
v -0.148806 0.041976 0.123994
v -0.148844 0.041737 0.123367
v -0.125482 0.044065 0.103800
v -0.126147 0.042312 0.095176
v -0.126294 0.045025 0.113352
v -0.125781 0.044689 0.111504
v -0.126432 0.042255 0.110436
v -0.126539 0.042543 0.111574
v -0.126950 0.043137 0.113441
v -0.124299 0.040593 0.108450
v -0.124539 0.039749 0.106859
v -0.128926 0.044520 0.121996
v -0.130917 0.044576 0.122648
v -0.129095 0.043774 0.121829
v -0.131036 0.043844 0.122474
v -0.133274 0.044608 0.123226
v -0.133344 0.043889 0.123051
v -0.133944 0.043233 0.122881
v -0.131138 0.043171 0.122180
v -0.129241 0.043091 0.121547
v -0.124413 0.041531 0.092961
v -0.125098 0.038520 0.092989
v -0.123488 0.042613 0.093108
v -0.128089 0.044944 0.114795
v -0.127135 0.043810 0.114040
v -0.127361 0.043067 0.114099
v -0.127738 0.043590 0.114552
v -0.128386 0.043876 0.114929
v -0.136871 0.044609 0.123950
v -0.137024 0.043917 0.123803
v -0.148852 0.044643 0.126056
v -0.142950 0.044640 0.125049
v -0.148839 0.043943 0.125883
v -0.142916 0.043940 0.124871
v -0.140409 0.043295 0.124141
v -0.148824 0.043299 0.125588
v 0.122264 0.052545 0.109073
v 0.121437 0.054467 0.106736
v 0.122606 0.052070 0.097043
v 0.121704 0.054084 0.094855
v 0.124197 0.048373 0.109300
v 0.123768 0.049214 0.108377
v 0.123696 0.049280 0.106386
v 0.124363 0.047580 0.105408
v 0.125731 0.044131 0.107402
v 0.125199 0.045804 0.108928
v 0.124365 0.047733 0.107765
v 0.127979 0.048700 0.115730
v 0.129899 0.047976 0.115859
v 0.128542 0.047385 0.115262
v 0.130107 0.047331 0.115661
v 0.130541 0.048441 0.116266
v 0.133010 0.047744 0.116514
v 0.132956 0.047165 0.116280
v 0.128819 0.046637 0.115129
v 0.130335 0.046588 0.115508
v 0.129094 0.045828 0.115072
v 0.130559 0.045787 0.115444
v 0.132243 0.046486 0.115931
v 0.132407 0.045693 0.115863
v 0.135618 0.045486 0.116523
v 0.134519 0.046364 0.116394
v 0.138011 0.046974 0.117245
v 0.137966 0.047632 0.117497
v 0.137974 0.048172 0.117791
v 0.134226 0.048279 0.117059
v 0.120576 0.050738 0.101499
v 0.121845 0.047544 0.100752
v 0.123185 0.044045 0.100185
v 0.120860 0.049891 0.093544
v 0.119368 0.053663 0.100086
v 0.123135 0.048187 0.115938
v 0.123392 0.047064 0.116451
v 0.123569 0.045686 0.114958
v 0.122176 0.048583 0.113235
v 0.123425 0.045174 0.113221
v 0.123282 0.044826 0.111460
v 0.123304 0.044241 0.109701
v 0.122440 0.046511 0.109886
v 0.122518 0.046798 0.111642
v 0.121758 0.049061 0.111848
v 0.121541 0.048687 0.110204
v 0.122681 0.051136 0.109347
v 0.121461 0.052275 0.109450
v 0.121478 0.051024 0.109546
v 0.121894 0.053149 0.109032
v 0.120764 0.052712 0.109355
v 0.120542 0.053303 0.108962
v 0.122386 0.049976 0.110477
v 0.123360 0.049334 0.112245
v 0.122377 0.049494 0.111442
v 0.123688 0.049037 0.113261
v 0.123970 0.048761 0.114539
v 0.122483 0.048673 0.113895
v 0.120746 0.052556 0.093262
v 0.121072 0.049814 0.092989
v 0.121097 0.051663 0.093078
v 0.119991 0.054109 0.097485
v 0.121316 0.054692 0.103398
v 0.121385 0.054599 0.105203
v 0.120326 0.054314 0.103456
v 0.127045 0.049094 0.116959
v 0.127907 0.049134 0.116813
v 0.130911 0.049178 0.117724
v 0.128584 0.049151 0.117934
v 0.131060 0.049190 0.118519
v 0.133931 0.049175 0.118530
v 0.136719 0.049081 0.118758
v 0.133465 0.049191 0.119032
v 0.137049 0.049182 0.119731
v 0.137605 0.049050 0.120819
v 0.130802 0.049094 0.119364
v 0.128130 0.049037 0.118791
v 0.126374 0.048982 0.118070
v 0.122930 0.050402 0.109842
v 0.121446 0.049451 0.110708
v 0.120925 0.050207 0.109705
v 0.120643 0.050526 0.108501
v 0.124795 0.046473 0.093659
v 0.124968 0.045884 0.093262
v 0.122897 0.050844 0.093159
v 0.123909 0.048274 0.093122
v 0.123329 0.049753 0.093140
v 0.124553 0.046609 0.093115
v 0.124174 0.047592 0.093121
v 0.121737 0.053765 0.108582
v 0.121598 0.054137 0.107767
v 0.124378 0.049128 0.112705
v 0.124802 0.048912 0.113601
v 0.123507 0.049772 0.110899
v 0.121537 0.054547 0.098006
v 0.121424 0.054680 0.098580
v 0.121270 0.054707 0.099507
v 0.121326 0.054695 0.101429
v 0.121305 0.054663 0.097573
v 0.121502 0.054486 0.096020
v 0.121471 0.054595 0.102761
v 0.121820 0.053762 0.094030
v 0.122093 0.053106 0.093620
v 0.122527 0.052044 0.093436
v 0.136944 0.048563 0.117863
v 0.132653 0.048708 0.116986
v 0.134092 0.048959 0.117683
v 0.131604 0.049013 0.117080
v 0.129529 0.048969 0.116408
v 0.119669 0.053306 0.108094
v 0.120008 0.052353 0.109354
v 0.120274 0.051735 0.109503
v 0.119776 0.052760 0.108880
v 0.122571 0.048222 0.114774
v 0.120005 0.052214 0.093470
v 0.120399 0.051330 0.093122
v 0.119675 0.053398 0.094627
v 0.119841 0.052945 0.093854
v 0.119407 0.053730 0.097554
v 0.119566 0.053668 0.095891
v 0.119401 0.053853 0.101498
v 0.119477 0.053903 0.099469
v 0.119404 0.053856 0.103555
v 0.119400 0.053726 0.105384
v 0.119562 0.053671 0.106948
v 0.126351 0.047884 0.120460
v 0.128153 0.047937 0.121150
v 0.128031 0.048357 0.120636
v 0.126207 0.048294 0.119996
v 0.127975 0.048670 0.120045
v 0.126142 0.048594 0.119456
v 0.130403 0.047952 0.121766
v 0.130310 0.048378 0.121226
v 0.130269 0.048697 0.120610
v 0.126170 0.048802 0.118872
v 0.128003 0.048892 0.119416
v 0.130299 0.048926 0.119963
v 0.132499 0.048898 0.120539
v 0.132934 0.048695 0.121163
v 0.135875 0.048679 0.121715
v 0.132956 0.048371 0.121786
v 0.135882 0.048356 0.122336
v 0.133019 0.047946 0.122333
v 0.135919 0.047930 0.122883
v 0.123515 0.048110 0.117171
v 0.123848 0.047066 0.117799
v 0.124441 0.047144 0.118957
v 0.124913 0.046063 0.119193
v 0.124963 0.048362 0.118779
v 0.125303 0.047247 0.119961
v 0.126556 0.047343 0.120820
v 0.125573 0.046601 0.120172
v 0.126801 0.046699 0.121075
v 0.127325 0.045214 0.121278
v 0.127064 0.045980 0.121227
v 0.125865 0.045875 0.120298
v 0.124961 0.048834 0.115180
v 0.124160 0.048650 0.115762
v 0.125447 0.048893 0.117177
v 0.126518 0.049015 0.115518
v 0.125844 0.048861 0.114894
v 0.125239 0.048847 0.114300
v 0.124101 0.048212 0.118052
v 0.143937 0.048087 0.118836
v 0.137937 0.046228 0.117040
v 0.143906 0.046152 0.118094
v 0.149966 0.045366 0.119054
v 0.141622 0.045384 0.117626
v 0.149961 0.046142 0.119126
v 0.143952 0.046885 0.118284
v 0.149950 0.046877 0.119305
v 0.143933 0.047541 0.118538
v 0.149938 0.047534 0.119559
v 0.139280 0.049148 0.120527
v 0.144142 0.049065 0.121873
v 0.140331 0.049174 0.120373
v 0.142768 0.049157 0.120480
v 0.139652 0.049150 0.119708
v 0.145959 0.049150 0.121247
v 0.149663 0.048874 0.121194
v 0.139899 0.048965 0.119038
v 0.137961 0.048801 0.118345
v 0.143121 0.048952 0.119629
v 0.143163 0.048768 0.119311
v 0.141357 0.048471 0.118666
v 0.146464 0.048949 0.120212
v 0.138999 0.048346 0.122898
v 0.139020 0.047921 0.123445
v 0.140980 0.048661 0.122627
v 0.142272 0.047917 0.124015
v 0.142259 0.048341 0.123468
v 0.149062 0.048899 0.123388
v 0.149025 0.048664 0.124003
v 0.145614 0.048340 0.124043
v 0.149018 0.048340 0.124623
v 0.145625 0.047916 0.124591
v 0.149028 0.047916 0.125170
v 0.124433 0.047455 0.098276
v 0.123479 0.049905 0.095208
v 0.125213 0.045420 0.094989
v 0.126515 0.045025 0.113352
v 0.126028 0.046322 0.113393
v 0.125502 0.046732 0.112557
v 0.125419 0.046221 0.111495
v 0.125463 0.047681 0.113464
v 0.124871 0.048201 0.112584
v 0.124014 0.049403 0.111749
v 0.124895 0.047001 0.110371
v 0.121873 0.047487 0.106052
v 0.121221 0.049155 0.108535
v 0.122177 0.046884 0.108243
v 0.128956 0.045289 0.122051
v 0.128743 0.046042 0.121996
v 0.128527 0.046752 0.121829
v 0.131000 0.045331 0.122705
v 0.130845 0.046073 0.122648
v 0.130684 0.046774 0.122474
v 0.128324 0.047393 0.121548
v 0.130532 0.047409 0.122180
v 0.133106 0.047405 0.122754
v 0.135970 0.047393 0.123304
v 0.133207 0.046775 0.123051
v 0.136028 0.046768 0.123599
v 0.133312 0.046082 0.123226
v 0.136087 0.046081 0.123773
v 0.133411 0.045351 0.123284
v 0.137252 0.045349 0.124046
v 0.122601 0.046917 0.092958
v 0.121719 0.050169 0.093020
v 0.123236 0.044231 0.092955
v 0.122531 0.045742 0.093108
v 0.122658 0.045273 0.093603
v 0.128031 0.045783 0.114749
v 0.127723 0.046600 0.114795
v 0.127414 0.047356 0.114901
v 0.127282 0.045679 0.114407
v 0.126955 0.046514 0.114439
v 0.126484 0.047603 0.114550
v 0.126932 0.048438 0.115153
v 0.125888 0.047677 0.114099
v 0.126421 0.046409 0.113995
v 0.126764 0.045542 0.113975
v 0.143382 0.045365 0.125142
v 0.141382 0.046763 0.124569
v 0.139940 0.047368 0.124024
v 0.149046 0.047341 0.125603
v 0.149059 0.046760 0.125883
v 0.140833 0.046081 0.124645
v 0.149072 0.046080 0.126057
v 0.149077 0.045366 0.126113
v 0.128204 0.036940 0.107559
v 0.128032 0.037631 0.096416
v 0.126874 0.041202 0.109427
v 0.127206 0.039920 0.108137
v 0.126556 0.041865 0.107792
v 0.126945 0.040633 0.106017
v 0.126346 0.042725 0.109127
v 0.125700 0.044066 0.105150
v 0.129628 0.043860 0.115327
v 0.132837 0.042867 0.116549
v 0.130975 0.043894 0.115726
v 0.132741 0.043839 0.116175
v 0.134876 0.042767 0.117059
v 0.135492 0.043275 0.116958
v 0.137297 0.042673 0.117589
v 0.134782 0.044013 0.116565
v 0.138013 0.043893 0.117217
v 0.137935 0.044641 0.117030
v 0.133015 0.044750 0.116057
v 0.130759 0.044971 0.115508
v 0.129342 0.045000 0.115129
v 0.124648 0.040054 0.100619
v 0.125570 0.037449 0.101262
v 0.125513 0.037557 0.108018
v 0.126356 0.035300 0.108845
v 0.126663 0.034664 0.106999
v 0.124223 0.043975 0.114935
v 0.124307 0.042818 0.113311
v 0.124801 0.040112 0.110327
v 0.124156 0.041950 0.109897
v 0.124206 0.042361 0.111624
v 0.124336 0.044818 0.116590
v 0.127238 0.036885 0.109449
v 0.127433 0.036245 0.109307
v 0.127671 0.035659 0.108915
v 0.126647 0.039840 0.111296
v 0.126735 0.040359 0.112245
v 0.126772 0.040780 0.113242
v 0.126125 0.039105 0.110526
v 0.125732 0.041219 0.116000
v 0.126307 0.040747 0.114146
v 0.126571 0.034944 0.094688
v 0.126385 0.035441 0.093832
v 0.126889 0.036215 0.093262
v 0.126570 0.037125 0.093078
v 0.127539 0.034553 0.103477
v 0.126809 0.034340 0.103607
v 0.130997 0.041906 0.117265
v 0.129337 0.041853 0.116894
v 0.131170 0.041705 0.117938
v 0.128923 0.041591 0.117685
v 0.129335 0.041523 0.118602
v 0.131209 0.041580 0.118568
v 0.131960 0.041555 0.119439
v 0.134361 0.041569 0.119166
v 0.135941 0.041577 0.120414
v 0.133987 0.041722 0.118331
v 0.136821 0.041603 0.119101
v 0.127122 0.039527 0.110213
v 0.127433 0.038903 0.109444
v 0.125276 0.039024 0.110716
v 0.125544 0.038042 0.109688
v 0.125998 0.036513 0.109501
v 0.125641 0.037213 0.109099
v 0.127581 0.038935 0.095058
v 0.126880 0.040509 0.093209
v 0.126232 0.042640 0.093705
v 0.125814 0.043251 0.093120
v 0.126367 0.041741 0.093120
v 0.125239 0.044802 0.093120
v 0.127374 0.038939 0.093159
v 0.128400 0.036110 0.108630
v 0.128209 0.036538 0.109113
v 0.128564 0.035616 0.107824
v 0.127997 0.037191 0.109253
v 0.127365 0.041198 0.112722
v 0.127277 0.040734 0.111768
v 0.127264 0.040219 0.110849
v 0.128781 0.035159 0.102785
v 0.128796 0.035268 0.097822
v 0.128801 0.035062 0.098581
v 0.128737 0.034985 0.101429
v 0.128730 0.035261 0.096004
v 0.128620 0.035689 0.094824
v 0.128700 0.034996 0.097572
v 0.128530 0.034879 0.099571
v 0.128669 0.035235 0.106733
v 0.128722 0.035094 0.105165
v 0.128727 0.034981 0.103381
v 0.128494 0.036013 0.094030
v 0.127900 0.037751 0.093435
v 0.128266 0.036688 0.093620
v 0.134919 0.042045 0.117681
v 0.132820 0.042179 0.117061
v 0.131239 0.042522 0.116336
v 0.129905 0.042442 0.115863
v 0.137251 0.041817 0.118435
v 0.126164 0.035883 0.109214
v 0.126644 0.034870 0.108146
v 0.125479 0.040670 0.114722
v 0.125447 0.040168 0.113178
v 0.125271 0.039632 0.111803
v 0.125122 0.038558 0.093620
v 0.125820 0.036914 0.093122
v 0.126144 0.035987 0.093307
v 0.126768 0.034608 0.095896
v 0.126590 0.034467 0.100083
v 0.126734 0.034351 0.101498
v 0.126824 0.034364 0.099430
v 0.126827 0.034467 0.097578
v 0.126563 0.034510 0.102487
v 0.126656 0.034381 0.104547
v 0.126776 0.034376 0.105432
v 0.128109 0.042402 0.120460
v 0.128231 0.041971 0.119996
v 0.129686 0.042071 0.120636
v 0.129585 0.042510 0.121150
v 0.131445 0.042595 0.121766
v 0.128348 0.041684 0.119456
v 0.130173 0.041789 0.120200
v 0.133670 0.042658 0.122333
v 0.132083 0.042163 0.121380
v 0.136244 0.042700 0.122883
v 0.134360 0.041691 0.120654
v 0.129625 0.041580 0.119333
v 0.126933 0.038017 0.109487
v 0.126262 0.038489 0.109811
v 0.126104 0.042657 0.118957
v 0.125831 0.043555 0.119162
v 0.124879 0.044578 0.117995
v 0.126302 0.044740 0.120359
v 0.127562 0.044432 0.121227
v 0.126659 0.043537 0.120172
v 0.127772 0.043674 0.121075
v 0.127956 0.042984 0.120820
v 0.126864 0.042841 0.119961
v 0.127320 0.041592 0.115066
v 0.126984 0.041439 0.115557
v 0.127607 0.041694 0.115939
v 0.127151 0.041469 0.116706
v 0.127891 0.041578 0.117082
v 0.128452 0.041919 0.116129
v 0.128964 0.042398 0.115380
v 0.128275 0.042222 0.114873
v 0.127830 0.041966 0.114308
v 0.127306 0.041725 0.118779
v 0.126553 0.041591 0.118052
v 0.126071 0.041489 0.117089
v 0.142562 0.043150 0.118298
v 0.149949 0.043837 0.119310
v 0.141528 0.042517 0.118453
v 0.149938 0.043146 0.119559
v 0.149661 0.041764 0.121198
v 0.149959 0.044596 0.119131
v 0.142900 0.041551 0.120336
v 0.146156 0.041544 0.121117
v 0.139788 0.041578 0.119746
v 0.139380 0.041946 0.118587
v 0.140521 0.042168 0.118548
v 0.139150 0.042287 0.122898
v 0.139151 0.042725 0.123445
v 0.142297 0.042301 0.123468
v 0.142305 0.042738 0.124015
v 0.134891 0.041925 0.121447
v 0.145625 0.042743 0.124591
v 0.149018 0.042263 0.124548
v 0.149028 0.042743 0.125170
v 0.149026 0.041976 0.123994
v 0.149065 0.041736 0.123368
v 0.126257 0.042611 0.096241
v 0.126228 0.044849 0.112529
v 0.127024 0.043568 0.113415
v 0.126944 0.042803 0.112597
v 0.126435 0.043491 0.111541
v 0.125847 0.044504 0.110290
v 0.126653 0.042254 0.110435
v 0.127511 0.041792 0.113571
v 0.123479 0.043286 0.105684
v 0.124555 0.040319 0.106313
v 0.123514 0.043360 0.107873
v 0.124534 0.040550 0.108465
v 0.129146 0.044521 0.121996
v 0.131138 0.044577 0.122648
v 0.129315 0.043774 0.121829
v 0.131256 0.043844 0.122474
v 0.133494 0.044608 0.123226
v 0.137113 0.044612 0.123955
v 0.133564 0.043889 0.123051
v 0.137286 0.043916 0.123810
v 0.134180 0.043237 0.122886
v 0.131358 0.043172 0.122180
v 0.129462 0.043092 0.121548
v 0.124636 0.041523 0.092961
v 0.126043 0.038670 0.093020
v 0.124212 0.041228 0.093117
v 0.123959 0.041780 0.093597
v 0.125320 0.038516 0.092989
v 0.128310 0.044944 0.114795
v 0.127581 0.044823 0.114439
v 0.127974 0.043596 0.114572
v 0.127252 0.044126 0.114006
v 0.127582 0.043067 0.114099
v 0.128606 0.043890 0.114936
v 0.143163 0.044638 0.125047
v 0.143130 0.043940 0.124870
v 0.149072 0.044643 0.126057
v 0.149059 0.043943 0.125883
v 0.149040 0.043238 0.125562
v 0.142317 0.043295 0.124435
v 0.139153 0.043285 0.123865
v 0.121863 -0.053858 0.096343
v 0.121398 -0.054725 0.096032
v 0.122465 -0.052409 0.096416
v 0.123864 -0.049167 0.109467
v 0.123666 -0.049450 0.108376
v 0.124263 -0.047968 0.107765
v 0.123568 -0.049581 0.106476
v 0.123913 -0.048773 0.097558
v 0.124181 -0.048031 0.103771
v 0.124928 -0.046086 0.105219
v 0.124496 -0.047610 0.109121
v 0.128460 -0.048397 0.115576
v 0.129796 -0.048212 0.115859
v 0.128440 -0.047621 0.115262
v 0.130005 -0.047567 0.115661
v 0.131973 -0.047461 0.116095
v 0.128716 -0.046873 0.115129
v 0.130232 -0.046824 0.115508
v 0.128992 -0.046064 0.115071
v 0.130456 -0.046023 0.115444
v 0.132141 -0.046722 0.115931
v 0.132305 -0.045929 0.115863
v 0.137855 -0.046463 0.117044
v 0.135590 -0.045722 0.116537
v 0.134416 -0.046600 0.116394
v 0.134307 -0.047337 0.116565
v 0.137894 -0.047873 0.117504
v 0.134206 -0.047987 0.116799
v 0.135416 -0.048463 0.117321
v 0.121993 -0.047141 0.102877
v 0.121185 -0.049196 0.100651
v 0.123394 -0.043278 0.093603
v 0.119409 -0.053533 0.102029
v 0.119564 -0.053538 0.108097
v 0.120298 -0.051401 0.101985
v 0.123290 -0.047300 0.116451
v 0.124256 -0.045018 0.116618
v 0.123720 -0.045285 0.114946
v 0.123461 -0.045047 0.113225
v 0.123435 -0.043848 0.109664
v 0.122336 -0.046742 0.109847
v 0.123171 -0.045086 0.111461
v 0.121351 -0.052515 0.109449
v 0.120651 -0.052942 0.109356
v 0.119751 -0.052859 0.109037
v 0.120392 -0.053516 0.108969
v 0.124282 -0.049356 0.112715
v 0.122770 -0.049839 0.111405
v 0.122439 -0.050263 0.110448
v 0.124264 -0.049107 0.114223
v 0.123583 -0.049275 0.113256
v 0.123725 -0.048933 0.114767
v 0.122428 -0.048884 0.114010
v 0.123032 -0.048423 0.115938
v 0.122857 -0.049137 0.113371
v 0.121714 -0.054003 0.094016
v 0.120644 -0.052792 0.093262
v 0.121617 -0.050407 0.093020
v 0.120297 -0.051566 0.093122
v 0.120994 -0.051899 0.093078
v 0.120680 -0.054746 0.099420
v 0.120008 -0.054454 0.103483
v 0.119299 -0.053960 0.105356
v 0.119350 -0.054148 0.103589
v 0.127799 -0.049104 0.115805
v 0.129352 -0.049253 0.116592
v 0.131592 -0.049407 0.117845
v 0.128493 -0.049390 0.117958
v 0.126883 -0.049325 0.117029
v 0.134275 -0.049395 0.118505
v 0.139373 -0.049398 0.119879
v 0.136479 -0.049395 0.119098
v 0.138773 -0.049401 0.120246
v 0.133274 -0.049416 0.119112
v 0.134492 -0.049327 0.120124
v 0.136069 -0.049390 0.119941
v 0.131336 -0.049427 0.118658
v 0.130312 -0.049313 0.119333
v 0.128028 -0.049273 0.118790
v 0.126255 -0.049212 0.118083
v 0.122501 -0.051103 0.109523
v 0.123218 -0.050500 0.109923
v 0.121345 -0.049688 0.110706
v 0.120861 -0.050487 0.109696
v 0.123112 -0.050769 0.093734
v 0.122349 -0.052366 0.093279
v 0.122795 -0.051080 0.093159
v 0.123227 -0.049989 0.093140
v 0.124072 -0.047827 0.093121
v 0.125137 -0.045037 0.093120
v 0.124866 -0.046120 0.093262
v 0.125793 -0.043786 0.093659
v 0.125260 -0.045262 0.095167
v 0.124349 -0.047622 0.093747
v 0.121816 -0.053323 0.109049
v 0.122120 -0.052784 0.109253
v 0.121547 -0.053957 0.108663
v 0.121518 -0.054322 0.107842
v 0.124785 -0.049006 0.113570
v 0.123909 -0.049648 0.111758
v 0.123575 -0.050007 0.110844
v 0.121369 -0.054850 0.098796
v 0.121167 -0.054942 0.099701
v 0.121157 -0.054936 0.101435
v 0.121271 -0.054895 0.097575
v 0.121523 -0.054451 0.094790
v 0.121337 -0.054698 0.106733
v 0.121283 -0.054839 0.105190
v 0.121264 -0.054895 0.103420
v 0.121996 -0.053331 0.093602
v 0.136842 -0.048799 0.117863
v 0.134017 -0.049090 0.117556
v 0.137786 -0.049037 0.118330
v 0.131626 -0.048841 0.116757
v 0.136755 -0.049226 0.118435
v 0.120171 -0.051974 0.109503
v 0.121679 -0.049154 0.111826
v 0.122081 -0.048809 0.113248
v 0.122468 -0.048458 0.114776
v 0.120498 -0.050772 0.093609
v 0.119903 -0.052450 0.093470
v 0.120971 -0.050046 0.092989
v 0.119746 -0.053163 0.093839
v 0.119480 -0.053453 0.094730
v 0.119487 -0.053914 0.095896
v 0.119441 -0.054058 0.097552
v 0.119349 -0.054080 0.099436
v 0.119299 -0.054089 0.101497
v 0.119460 -0.053907 0.106948
v 0.126249 -0.048120 0.120460
v 0.126105 -0.048530 0.119996
v 0.127928 -0.048593 0.120636
v 0.128050 -0.048173 0.121150
v 0.126040 -0.048829 0.119456
v 0.127872 -0.048906 0.120045
v 0.130208 -0.048613 0.121226
v 0.130300 -0.048188 0.121765
v 0.130167 -0.048933 0.120609
v 0.126068 -0.049038 0.118872
v 0.127900 -0.049128 0.119416
v 0.130197 -0.049162 0.119963
v 0.132615 -0.049125 0.120607
v 0.135773 -0.048915 0.121715
v 0.132832 -0.048931 0.121162
v 0.135780 -0.048592 0.122336
v 0.135817 -0.048166 0.122883
v 0.132917 -0.048182 0.122333
v 0.132854 -0.048607 0.121786
v 0.123744 -0.047301 0.117796
v 0.124339 -0.047380 0.118957
v 0.125201 -0.047483 0.119961
v 0.126454 -0.047579 0.120820
v 0.125470 -0.046837 0.120172
v 0.126699 -0.046935 0.121075
v 0.127223 -0.045450 0.121278
v 0.126962 -0.046216 0.121227
v 0.125763 -0.046111 0.120298
v 0.124712 -0.046529 0.119165
v 0.124777 -0.044813 0.117995
v 0.126689 -0.048895 0.115268
v 0.125355 -0.049133 0.117087
v 0.123813 -0.048816 0.115969
v 0.125723 -0.049100 0.114880
v 0.124985 -0.049074 0.114649
v 0.124861 -0.048598 0.118779
v 0.123413 -0.048346 0.117171
v 0.123999 -0.048448 0.118051
v 0.137926 -0.047210 0.117248
v 0.143863 -0.047778 0.118543
v 0.140823 -0.048346 0.118312
v 0.143885 -0.047120 0.118290
v 0.141595 -0.045622 0.117640
v 0.143834 -0.046388 0.118099
v 0.149864 -0.045602 0.119054
v 0.149859 -0.046378 0.119126
v 0.149848 -0.047113 0.119305
v 0.149836 -0.047770 0.119559
v 0.149824 -0.048360 0.119883
v 0.139025 -0.049296 0.121038
v 0.143678 -0.049318 0.121742
v 0.139796 -0.049202 0.119038
v 0.142754 -0.049333 0.120329
v 0.139865 -0.048749 0.118430
v 0.143918 -0.048868 0.119319
v 0.149481 -0.049290 0.121553
v 0.146104 -0.049331 0.120918
v 0.138918 -0.048157 0.123445
v 0.138789 -0.048617 0.122815
v 0.142170 -0.048154 0.124015
v 0.139125 -0.048908 0.122300
v 0.148960 -0.049133 0.123387
v 0.145520 -0.048900 0.123425
v 0.148923 -0.048900 0.124003
v 0.148915 -0.048575 0.124623
v 0.148926 -0.048152 0.125169
v 0.145523 -0.048152 0.124591
v 0.145512 -0.048575 0.124043
v 0.125721 -0.047054 0.113403
v 0.126126 -0.045083 0.112529
v 0.125219 -0.047416 0.112570
v 0.125077 -0.047067 0.111544
v 0.124792 -0.047236 0.110371
v 0.125745 -0.044740 0.110290
v 0.123368 -0.043548 0.105699
v 0.121885 -0.047428 0.106087
v 0.120727 -0.050309 0.108256
v 0.121957 -0.047437 0.108473
v 0.123378 -0.043686 0.107872
v 0.128641 -0.046278 0.121996
v 0.128854 -0.045525 0.122051
v 0.128425 -0.046988 0.121829
v 0.130743 -0.046309 0.122648
v 0.130898 -0.045568 0.122705
v 0.130582 -0.047010 0.122474
v 0.128221 -0.047629 0.121547
v 0.130430 -0.047645 0.122180
v 0.135868 -0.047629 0.123304
v 0.133003 -0.047640 0.122753
v 0.133105 -0.047012 0.123051
v 0.135926 -0.047003 0.123599
v 0.135985 -0.046317 0.123773
v 0.133309 -0.045588 0.123284
v 0.133209 -0.046318 0.123226
v 0.124451 -0.046844 0.093115
v 0.123807 -0.048510 0.093121
v 0.122500 -0.047151 0.092958
v 0.123134 -0.044466 0.092955
v 0.121913 -0.047306 0.093117
v 0.122068 -0.046774 0.093596
v 0.127928 -0.046019 0.114749
v 0.127621 -0.046836 0.114794
v 0.127312 -0.047592 0.114901
v 0.127262 -0.045673 0.114400
v 0.126852 -0.046750 0.114439
v 0.126382 -0.047839 0.114550
v 0.125786 -0.047913 0.114099
v 0.126318 -0.046646 0.113995
v 0.126732 -0.045553 0.113960
v 0.140764 -0.046318 0.124651
v 0.137038 -0.045594 0.124025
v 0.138980 -0.046999 0.124159
v 0.138948 -0.047621 0.123865
v 0.142189 -0.047618 0.124434
v 0.148944 -0.047577 0.125603
v 0.142942 -0.046998 0.124857
v 0.148957 -0.046996 0.125883
v 0.148970 -0.046316 0.126056
v 0.148975 -0.045602 0.126113
v 0.143286 -0.045598 0.125143
v 0.127552 -0.038955 0.096745
v 0.128323 -0.036484 0.107899
v 0.128476 -0.035740 0.107894
v 0.128406 -0.036482 0.094940
v 0.127311 -0.039600 0.093735
v 0.126687 -0.041690 0.109310
v 0.126665 -0.041515 0.108033
v 0.125652 -0.044561 0.108912
v 0.125605 -0.044430 0.107402
v 0.126128 -0.042856 0.105368
v 0.126848 -0.040853 0.106309
v 0.131093 -0.042756 0.116321
v 0.130966 -0.043730 0.115859
v 0.129628 -0.043745 0.115431
v 0.132666 -0.043660 0.116315
v 0.132734 -0.042548 0.117039
v 0.130829 -0.044424 0.115661
v 0.129455 -0.044445 0.115262
v 0.132570 -0.044349 0.116095
v 0.134735 -0.043564 0.116799
v 0.135239 -0.044169 0.116702
v 0.135235 -0.044964 0.116530
v 0.132449 -0.045121 0.115931
v 0.129240 -0.045236 0.115129
v 0.130657 -0.045206 0.115508
v 0.125481 -0.037647 0.101431
v 0.124916 -0.039106 0.094471
v 0.124555 -0.040266 0.100590
v 0.123083 -0.044281 0.100182
v 0.125178 -0.038483 0.108650
v 0.126548 -0.034683 0.105354
v 0.125381 -0.040884 0.114704
v 0.125373 -0.040429 0.113260
v 0.124362 -0.043549 0.114966
v 0.125513 -0.041476 0.116110
v 0.124193 -0.043080 0.113300
v 0.125242 -0.039720 0.111780
v 0.124838 -0.039885 0.110256
v 0.124205 -0.041732 0.109870
v 0.124101 -0.042587 0.111578
v 0.126361 -0.035050 0.100932
v 0.127805 -0.037497 0.109172
v 0.127995 -0.036728 0.109157
v 0.127756 -0.035422 0.108159
v 0.127084 -0.035740 0.108967
v 0.126886 -0.036337 0.109357
v 0.125892 -0.036752 0.109500
v 0.126664 -0.036973 0.109504
v 0.126479 -0.040033 0.111294
v 0.126379 -0.040544 0.112543
v 0.126595 -0.041385 0.114701
v 0.126727 -0.041089 0.113326
v 0.125938 -0.038908 0.093020
v 0.126468 -0.037360 0.093078
v 0.126004 -0.036233 0.093427
v 0.126787 -0.036451 0.093262
v 0.126562 -0.034906 0.095845
v 0.126707 -0.034576 0.103603
v 0.128625 -0.035216 0.103398
v 0.127585 -0.034834 0.103475
v 0.128617 -0.035333 0.105200
v 0.128568 -0.035467 0.106736
v 0.129194 -0.042035 0.117015
v 0.130721 -0.042139 0.117228
v 0.130854 -0.041954 0.117837
v 0.128821 -0.041827 0.117685
v 0.128855 -0.041749 0.118398
v 0.133289 -0.041804 0.119786
v 0.130426 -0.041825 0.118314
v 0.136863 -0.041867 0.119143
v 0.134150 -0.041808 0.119112
v 0.134735 -0.042431 0.117597
v 0.126736 -0.039617 0.110324
v 0.127217 -0.039318 0.109659
v 0.127457 -0.038863 0.109196
v 0.125459 -0.038227 0.109641
v 0.125264 -0.039246 0.110709
v 0.126265 -0.041978 0.093120
v 0.125712 -0.043487 0.093120
v 0.126777 -0.040746 0.093208
v 0.127271 -0.039175 0.093159
v 0.128236 -0.036176 0.108702
v 0.126907 -0.042835 0.112598
v 0.127176 -0.040951 0.111754
v 0.127162 -0.040450 0.110841
v 0.127261 -0.041423 0.112705
v 0.127439 -0.041865 0.113601
v 0.128673 -0.035391 0.103479
v 0.128661 -0.035306 0.099068
v 0.128543 -0.035780 0.094789
v 0.128619 -0.035593 0.095941
v 0.128647 -0.035280 0.097576
v 0.128587 -0.035173 0.101435
v 0.128174 -0.036899 0.093624
v 0.128392 -0.036249 0.094030
v 0.127807 -0.037843 0.093286
v 0.137199 -0.042708 0.117725
v 0.137989 -0.042191 0.118343
v 0.129811 -0.042694 0.115861
v 0.126060 -0.036118 0.109214
v 0.126350 -0.035175 0.108062
v 0.126251 -0.035540 0.108838
v 0.125718 -0.037150 0.093122
v 0.126535 -0.035114 0.094628
v 0.126360 -0.035573 0.093831
v 0.126723 -0.034706 0.097536
v 0.126666 -0.034626 0.099437
v 0.126632 -0.034587 0.101497
v 0.126628 -0.034828 0.106949
v 0.128006 -0.042638 0.120460
v 0.129483 -0.042747 0.121150
v 0.129583 -0.042307 0.120636
v 0.128129 -0.042207 0.119996
v 0.131342 -0.042831 0.121765
v 0.128625 -0.041951 0.119649
v 0.133568 -0.042893 0.122333
v 0.136142 -0.042936 0.122883
v 0.132175 -0.042417 0.121453
v 0.131998 -0.042094 0.120768
v 0.133461 -0.041890 0.120370
v 0.137127 -0.041954 0.121266
v 0.129390 -0.041806 0.119255
v 0.126705 -0.038698 0.109595
v 0.126073 -0.038911 0.109963
v 0.125477 -0.042648 0.117746
v 0.126002 -0.042893 0.118957
v 0.125725 -0.043804 0.119166
v 0.127460 -0.044668 0.121227
v 0.126217 -0.044931 0.120359
v 0.126557 -0.043773 0.120172
v 0.127670 -0.043910 0.121075
v 0.127854 -0.043220 0.120820
v 0.126762 -0.043077 0.119961
v 0.127218 -0.041828 0.115066
v 0.127504 -0.041930 0.115940
v 0.126634 -0.041563 0.115860
v 0.125940 -0.041623 0.117171
v 0.127048 -0.041705 0.116705
v 0.126451 -0.041826 0.118051
v 0.127204 -0.041961 0.118779
v 0.127788 -0.041795 0.117213
v 0.128101 -0.042001 0.116492
v 0.128856 -0.042625 0.115379
v 0.128179 -0.042454 0.114878
v 0.127724 -0.042201 0.114302
v 0.138135 -0.043398 0.117522
v 0.141673 -0.042757 0.118496
v 0.149834 -0.043377 0.119569
v 0.149848 -0.044063 0.119305
v 0.141553 -0.044080 0.117882
v 0.149859 -0.044817 0.119126
v 0.141818 -0.044834 0.117749
v 0.136908 -0.041809 0.120603
v 0.149559 -0.042002 0.121197
v 0.146027 -0.041784 0.121131
v 0.142798 -0.041787 0.120336
v 0.139686 -0.041814 0.119746
v 0.140286 -0.042405 0.118523
v 0.139048 -0.042961 0.123445
v 0.139048 -0.042523 0.122898
v 0.142203 -0.042974 0.124015
v 0.142195 -0.042537 0.123468
v 0.135746 -0.042170 0.121637
v 0.145523 -0.042978 0.124591
v 0.148926 -0.042978 0.125169
v 0.148915 -0.042541 0.124623
v 0.145512 -0.042541 0.124043
v 0.148924 -0.042212 0.123994
v 0.148963 -0.041974 0.123367
v 0.126196 -0.042740 0.095278
v 0.126412 -0.045261 0.113352
v 0.125899 -0.044925 0.111504
v 0.126551 -0.042491 0.110435
v 0.126656 -0.042780 0.111574
v 0.127067 -0.043373 0.113441
v 0.124418 -0.040829 0.108450
v 0.124656 -0.039985 0.106858
v 0.129044 -0.044756 0.121996
v 0.131035 -0.044812 0.122648
v 0.129213 -0.044011 0.121829
v 0.131154 -0.044080 0.122474
v 0.133392 -0.044845 0.123226
v 0.133461 -0.044125 0.123051
v 0.134062 -0.043470 0.122881
v 0.131256 -0.043407 0.122180
v 0.129360 -0.043328 0.121547
v 0.124531 -0.041765 0.092961
v 0.125216 -0.038756 0.092989
v 0.123607 -0.042847 0.093108
v 0.128207 -0.045180 0.114794
v 0.127254 -0.044046 0.114040
v 0.127479 -0.043304 0.114099
v 0.127856 -0.043827 0.114551
v 0.128504 -0.044113 0.114929
v 0.136990 -0.044846 0.123950
v 0.137141 -0.044154 0.123803
v 0.148970 -0.044878 0.126056
v 0.143067 -0.044877 0.125049
v 0.148957 -0.044179 0.125883
v 0.143037 -0.044175 0.124871
v 0.140528 -0.043531 0.124141
v 0.148941 -0.043535 0.125588
v -0.000023 0.137432 0.140875
v -0.012001 0.136908 0.140875
v -0.000023 0.136689 0.141618
v -0.023759 0.134612 0.141618
v -0.024030 0.133610 0.140558
v -0.011872 0.135427 0.140875
v -0.011936 0.136167 0.141618
v -0.000023 0.135945 0.140875
v -0.000023 0.135698 0.138645
v -0.011850 0.135180 0.138645
v -0.011872 0.135427 0.136415
v -0.023630 0.133880 0.136415
v -0.000023 0.135945 0.136415
v -0.000023 0.136689 0.135671
v -0.011936 0.136167 0.135671
v -0.023759 0.134612 0.135671
v -0.011577 0.137142 0.136732
v -0.023888 0.135344 0.136415
v 0.000417 0.137628 0.136732
v -0.024356 0.135461 0.140558
v -0.035593 0.132748 0.140875
v -0.035401 0.132030 0.141618
v -0.047028 0.129144 0.140875
v -0.035208 0.131312 0.140875
v -0.046519 0.127747 0.140875
v -0.046773 0.128445 0.141618
v -0.035144 0.131073 0.138645
v -0.046434 0.127514 0.138645
v -0.035208 0.131312 0.136415
v -0.046519 0.127747 0.136415
v -0.035401 0.132030 0.135671
v -0.046773 0.128445 0.135671
v -0.035593 0.132748 0.136415
v -0.046680 0.129479 0.136732
v -0.035657 0.132987 0.138645
v -0.058104 0.124555 0.140875
v -0.068739 0.119020 0.140875
v -0.068367 0.118376 0.141618
v -0.057476 0.123208 0.140875
v -0.067996 0.117732 0.140875
v -0.057789 0.123881 0.141618
v -0.056992 0.123217 0.136732
v -0.067515 0.117782 0.136732
v -0.057789 0.123881 0.135671
v -0.068367 0.118376 0.135671
v -0.057786 0.124920 0.136732
v -0.068455 0.119410 0.136732
v -0.078850 0.112577 0.140875
v -0.088363 0.105279 0.140875
v -0.087885 0.104710 0.141618
v -0.077998 0.111359 0.140875
v -0.087407 0.104140 0.140875
v -0.078424 0.111968 0.141618
v -0.077855 0.111156 0.138645
v -0.086943 0.104273 0.136732
v -0.077998 0.111359 0.136415
v -0.078424 0.111968 0.135671
v -0.087885 0.104710 0.135671
v -0.078850 0.112577 0.136415
v -0.088363 0.105279 0.136415
v -0.078993 0.112780 0.138645
v -0.088522 0.105469 0.138645
v -0.097202 0.097178 0.140875
v -0.105302 0.088339 0.140875
v -0.104163 0.087384 0.140875
v -0.104733 0.087862 0.141618
v -0.096676 0.096653 0.141618
v -0.096324 0.095676 0.140558
v -0.103973 0.087225 0.138645
v -0.096150 0.096127 0.136415
v -0.104163 0.087384 0.136415
v -0.096676 0.096653 0.135671
v -0.104733 0.087862 0.135671
v -0.097202 0.097178 0.136415
v -0.105302 0.088339 0.136415
v -0.097377 0.097353 0.138645
v -0.105492 0.088499 0.138645
v -0.112600 0.078827 0.140875
v -0.111991 0.078401 0.141618
v -0.119043 0.068716 0.140875
v -0.111382 0.077974 0.140875
v -0.117755 0.067973 0.140875
v -0.118399 0.068344 0.141618
v -0.110967 0.078225 0.136732
v -0.117541 0.067849 0.138645
v -0.117755 0.067973 0.136415
v -0.111991 0.078401 0.135671
v -0.118399 0.068344 0.135671
v -0.112600 0.078827 0.136415
v -0.119043 0.068716 0.136415
v -0.112803 0.078969 0.138645
v -0.119258 0.068840 0.138645
v -0.124578 0.058081 0.140875
v -0.129167 0.047004 0.140875
v -0.123230 0.057452 0.140875
v -0.127770 0.046497 0.140875
v -0.128469 0.046750 0.141618
v -0.123904 0.057767 0.141618
v -0.123006 0.057348 0.138645
v -0.127537 0.046412 0.138645
v -0.123230 0.057452 0.136415
v -0.127770 0.046497 0.136415
v -0.123904 0.057767 0.135671
v -0.128469 0.046750 0.135671
v -0.124578 0.058081 0.136415
v -0.129201 0.047486 0.136732
v -0.124802 0.058186 0.138645
v -0.132771 0.035570 0.140875
v -0.135367 0.023865 0.140875
v -0.134635 0.023736 0.141618
v -0.131336 0.035185 0.140875
v -0.133903 0.023607 0.140875
v -0.132053 0.035377 0.141618
v -0.131096 0.035121 0.138645
v -0.133659 0.023564 0.138645
v -0.131336 0.035185 0.136415
v -0.133903 0.023607 0.136415
v -0.132053 0.035377 0.135671
v -0.134635 0.023736 0.135671
v -0.135367 0.023865 0.136415
v -0.132846 0.036049 0.136732
v -0.135611 0.023908 0.138645
v -0.136931 0.011978 0.140875
v -0.136191 0.011913 0.141618
v -0.137455 0.000000 0.140875
v -0.135450 0.011848 0.140875
v -0.135969 0.000000 0.140875
v -0.136712 0.000000 0.141618
v -0.135203 0.011827 0.138645
v -0.135721 0.000000 0.138645
v -0.135450 0.011848 0.136415
v -0.135969 0.000000 0.136415
v -0.136191 0.011913 0.135671
v -0.136712 0.000000 0.135671
v -0.136931 0.011978 0.136415
v -0.137455 0.000000 0.136415
v -0.137178 0.011999 0.138645
v -0.137703 0.000000 0.138645
v -0.136931 -0.011978 0.140875
v -0.136191 -0.011913 0.141618
v -0.135367 -0.023865 0.140875
v -0.135450 -0.011848 0.140875
v -0.133903 -0.023607 0.140875
v -0.134635 -0.023736 0.141618
v -0.135203 -0.011827 0.138645
v -0.133787 -0.023138 0.136732
v -0.135450 -0.011848 0.136415
v -0.136191 -0.011913 0.135671
v -0.134635 -0.023736 0.135671
v -0.136931 -0.011978 0.136415
v -0.135637 -0.023465 0.136732
v -0.137178 -0.011999 0.138645
v -0.132771 -0.035570 0.140875
v -0.131336 -0.035185 0.140875
v -0.127770 -0.046496 0.140875
v -0.128469 -0.046750 0.141618
v -0.132053 -0.035377 0.141618
v -0.131261 -0.034707 0.136732
v -0.127736 -0.046014 0.136732
v -0.132053 -0.035377 0.135671
v -0.128469 -0.046750 0.135671
v -0.132771 -0.035570 0.136415
v -0.129167 -0.047004 0.136415
v -0.133011 -0.035634 0.138645
v -0.129201 -0.047486 0.140558
v -0.124578 -0.058080 0.140875
v -0.123230 -0.057452 0.140875
v -0.117365 -0.068256 0.140558
v -0.118399 -0.068344 0.141618
v -0.123904 -0.057767 0.141618
v -0.123006 -0.057348 0.138645
v -0.123230 -0.057452 0.136415
v -0.117755 -0.067973 0.136415
v -0.123904 -0.057767 0.135671
v -0.118399 -0.068344 0.135671
v -0.124578 -0.058080 0.136415
v -0.119043 -0.068716 0.136415
v -0.124802 -0.058185 0.138645
v -0.118992 -0.069196 0.140558
v -0.105302 -0.088339 0.140875
v -0.110968 -0.078225 0.140558
v -0.103730 -0.087596 0.140558
v -0.104733 -0.087861 0.141618
v -0.111992 -0.078401 0.141618
v -0.111383 -0.077974 0.136415
v -0.104164 -0.087383 0.136415
v -0.111992 -0.078401 0.135671
v -0.104733 -0.087861 0.135671
v -0.112601 -0.078827 0.136415
v -0.105302 -0.088339 0.136415
v -0.112507 -0.079302 0.140558
v -0.105492 -0.088498 0.138645
v -0.097202 -0.097178 0.140875
v -0.096677 -0.096652 0.141618
v -0.088363 -0.105279 0.140875
v -0.096151 -0.096127 0.140875
v -0.087408 -0.104140 0.140875
v -0.087885 -0.104710 0.141618
v -0.096325 -0.095676 0.136732
v -0.087248 -0.103950 0.138645
v -0.087408 -0.104140 0.136415
v -0.096677 -0.096652 0.135671
v -0.087885 -0.104710 0.135671
v -0.088363 -0.105279 0.136415
v -0.097653 -0.097004 0.136732
v -0.088523 -0.105469 0.138645
v -0.078851 -0.112576 0.140875
v -0.068740 -0.119019 0.140875
v -0.068367 -0.118376 0.141618
v -0.077998 -0.111359 0.140875
v -0.067516 -0.117782 0.140558
v -0.078424 -0.111968 0.141618
v -0.078248 -0.110945 0.136732
v -0.067996 -0.117732 0.136415
v -0.078424 -0.111968 0.135671
v -0.068367 -0.118376 0.135671
v -0.078851 -0.112576 0.136415
v -0.068740 -0.119019 0.136415
v -0.078993 -0.112780 0.138645
v -0.068863 -0.119234 0.138645
v -0.057790 -0.123881 0.141618
v -0.047028 -0.129144 0.140875
v -0.046774 -0.128445 0.141618
v -0.046519 -0.127747 0.140875
v -0.057441 -0.123135 0.140752
v -0.046435 -0.127514 0.138645
v -0.057442 -0.123135 0.136538
v -0.046519 -0.127747 0.136415
v -0.057790 -0.123881 0.135671
v -0.046774 -0.128445 0.135671
v -0.047028 -0.129144 0.136415
v -0.058138 -0.124626 0.136538
v -0.058137 -0.124627 0.140752
v -0.047113 -0.129377 0.138645
v -0.035593 -0.132748 0.140875
v -0.023888 -0.135344 0.140875
v -0.035208 -0.131312 0.140875
v -0.023630 -0.133880 0.140875
v -0.023759 -0.134612 0.141618
v -0.035401 -0.132030 0.141618
v -0.035144 -0.131073 0.138645
v -0.023587 -0.133636 0.138645
v -0.035208 -0.131312 0.136415
v -0.023630 -0.133880 0.136415
v -0.035401 -0.132030 0.135671
v -0.023759 -0.134612 0.135671
v -0.035593 -0.132748 0.136415
v -0.023888 -0.135344 0.136415
v -0.035657 -0.132987 0.138645
v -0.023931 -0.135588 0.138645
v -0.000023 -0.137431 0.140875
v -0.000023 -0.136689 0.141618
v -0.011872 -0.135427 0.140875
v -0.000023 -0.135945 0.140875
v -0.011936 -0.136167 0.141618
v -0.011850 -0.135180 0.138645
v -0.000464 -0.135749 0.136732
v -0.011872 -0.135427 0.136415
v -0.011936 -0.136167 0.135671
v -0.000023 -0.136689 0.135671
v -0.012001 -0.136908 0.136415
v -0.000464 -0.137628 0.136732
v -0.011577 -0.137142 0.140558
v 0.011954 -0.136908 0.140875
v 0.023841 -0.135344 0.140875
v 0.011825 -0.135427 0.140875
v 0.023983 -0.133610 0.140558
v 0.023712 -0.134612 0.141618
v 0.011890 -0.136167 0.141618
v 0.011367 -0.135270 0.136732
v 0.023583 -0.133880 0.136415
v 0.011890 -0.136167 0.135671
v 0.023712 -0.134612 0.135671
v 0.011530 -0.137142 0.136732
v 0.023441 -0.135614 0.136732
v 0.035546 -0.132748 0.140875
v 0.035538 -0.131008 0.140558
v 0.046472 -0.127747 0.140875
v 0.046727 -0.128445 0.141618
v 0.035354 -0.132030 0.141618
v 0.046388 -0.127514 0.138645
v 0.035161 -0.131312 0.136415
v 0.046472 -0.127747 0.136415
v 0.035354 -0.132030 0.135671
v 0.046727 -0.128445 0.135671
v 0.035169 -0.133052 0.136732
v 0.046981 -0.129144 0.136415
v 0.047462 -0.129177 0.140558
v 0.058058 -0.124555 0.140875
v 0.068693 -0.119020 0.140875
v 0.067949 -0.117732 0.140875
v 0.068320 -0.118376 0.141618
v 0.057743 -0.123881 0.141618
v 0.057747 -0.122843 0.140558
v 0.067469 -0.117782 0.136732
v 0.057429 -0.123208 0.136415
v 0.057743 -0.123881 0.135671
v 0.068320 -0.118376 0.135671
v 0.057739 -0.124920 0.136732
v 0.068409 -0.119410 0.136732
v 0.078804 -0.112577 0.140875
v 0.078377 -0.111968 0.141618
v 0.088316 -0.105279 0.140875
v 0.077951 -0.111359 0.140875
v 0.087361 -0.104140 0.140875
v 0.087839 -0.104710 0.141618
v 0.077809 -0.111156 0.138645
v 0.087201 -0.103951 0.138645
v 0.077951 -0.111359 0.136415
v 0.087361 -0.104140 0.136415
v 0.078377 -0.111968 0.135671
v 0.087839 -0.104710 0.135671
v 0.078804 -0.112577 0.136415
v 0.088316 -0.105279 0.136415
v 0.078946 -0.112780 0.138645
v 0.088476 -0.105469 0.138645
v 0.097155 -0.097178 0.140875
v 0.096630 -0.096653 0.141618
v 0.104686 -0.087861 0.141618
v 0.096104 -0.096127 0.140875
v 0.104117 -0.087384 0.140875
v 0.095929 -0.095952 0.138645
v 0.103927 -0.087224 0.138645
v 0.096104 -0.096127 0.136415
v 0.104117 -0.087384 0.136415
v 0.096630 -0.096653 0.135671
v 0.104686 -0.087861 0.135671
v 0.097155 -0.097178 0.136415
v 0.105256 -0.088339 0.136415
v 0.097330 -0.097353 0.138645
v 0.105690 -0.088128 0.140558
v 0.112554 -0.078827 0.140875
v 0.111945 -0.078401 0.141618
v 0.118997 -0.068716 0.140875
v 0.118352 -0.068344 0.141618
v 0.111336 -0.077974 0.140875
v 0.117760 -0.067493 0.140558
v 0.111133 -0.077832 0.138645
v 0.111336 -0.077974 0.136415
v 0.117709 -0.067973 0.136415
v 0.111945 -0.078401 0.135671
v 0.118352 -0.068344 0.135671
v 0.112554 -0.078827 0.136415
v 0.118997 -0.068716 0.136415
v 0.112757 -0.078969 0.138645
v 0.119211 -0.068840 0.138645
v 0.124531 -0.058081 0.140875
v 0.123857 -0.057767 0.141618
v 0.129120 -0.047004 0.140875
v 0.128422 -0.046750 0.141618
v 0.123193 -0.056969 0.140558
v 0.127723 -0.046497 0.140875
v 0.127490 -0.046412 0.138645
v 0.123184 -0.057452 0.136415
v 0.127723 -0.046497 0.136415
v 0.123857 -0.057767 0.135671
v 0.128422 -0.046750 0.135671
v 0.124531 -0.058081 0.136415
v 0.129120 -0.047004 0.136415
v 0.124756 -0.058186 0.138645
v 0.129353 -0.047089 0.138645
v 0.132725 -0.035570 0.140875
v 0.134589 -0.023736 0.141618
v 0.131289 -0.035185 0.140875
v 0.133856 -0.023607 0.140875
v 0.132007 -0.035377 0.141618
v 0.131049 -0.035121 0.138645
v 0.133612 -0.023564 0.138645
v 0.131289 -0.035185 0.136415
v 0.133856 -0.023607 0.136415
v 0.132007 -0.035377 0.135671
v 0.134589 -0.023736 0.135671
v 0.132725 -0.035570 0.136415
v 0.135321 -0.023865 0.136415
v 0.132964 -0.035634 0.138645
v 0.135591 -0.023465 0.140558
v 0.137409 -0.000000 0.140875
v 0.135404 -0.011848 0.140875
v 0.135922 -0.000000 0.140875
v 0.136665 -0.000000 0.141618
v 0.136144 -0.011913 0.141618
v 0.135156 -0.011827 0.138645
v 0.135726 -0.000441 0.136732
v 0.135404 -0.011848 0.136415
v 0.136144 -0.011913 0.135671
v 0.136665 -0.000000 0.135671
v 0.136885 -0.011978 0.136415
v 0.137605 -0.000441 0.136732
v 0.137119 -0.011554 0.140558
v 0.136885 0.011978 0.140875
v 0.135321 0.023865 0.140875
v 0.134589 0.023736 0.141618
v 0.135404 0.011848 0.140875
v 0.133587 0.024007 0.140558
v 0.136144 0.011913 0.141618
v 0.135247 0.011390 0.136732
v 0.133856 0.023607 0.136415
v 0.136144 0.011913 0.135671
v 0.134589 0.023736 0.135671
v 0.136885 0.011978 0.136415
v 0.135321 0.023865 0.136415
v 0.137131 0.011999 0.138645
v 0.135565 0.023907 0.138645
v 0.129120 0.047004 0.140875
v 0.131289 0.035185 0.140875
v 0.127388 0.046843 0.140558
v 0.128422 0.046750 0.141618
v 0.132007 0.035377 0.141618
v 0.131049 0.035121 0.138645
v 0.131289 0.035185 0.136415
v 0.127723 0.046496 0.136415
v 0.132007 0.035377 0.135671
v 0.128422 0.046750 0.135671
v 0.132725 0.035570 0.136415
v 0.129120 0.047004 0.136415
v 0.132800 0.036048 0.140558
v 0.129353 0.047089 0.138645
v 0.124531 0.058080 0.140875
v 0.118997 0.068715 0.140875
v 0.118352 0.068344 0.141618
v 0.123184 0.057452 0.140875
v 0.117709 0.067973 0.140875
v 0.123858 0.057767 0.141618
v 0.123193 0.056968 0.136732
v 0.117494 0.067849 0.138645
v 0.117709 0.067973 0.136415
v 0.123858 0.057767 0.135671
v 0.118352 0.068344 0.135671
v 0.124531 0.058080 0.136415
v 0.119387 0.068432 0.136732
v 0.124756 0.058185 0.138645
v 0.112554 0.078827 0.140875
v 0.111945 0.078401 0.141618
v 0.110921 0.078225 0.140558
v 0.104117 0.087383 0.140875
v 0.104686 0.087861 0.141618
v 0.103927 0.087224 0.138645
v 0.111336 0.077974 0.136415
v 0.104117 0.087383 0.136415
v 0.111945 0.078401 0.135671
v 0.104686 0.087861 0.135671
v 0.112554 0.078827 0.136415
v 0.105256 0.088339 0.136415
v 0.112757 0.078969 0.138645
v 0.105122 0.088804 0.140558
v 0.097155 0.097178 0.140875
v 0.096630 0.096652 0.141618
v 0.088317 0.105279 0.140875
v 0.087839 0.104710 0.141618
v 0.096104 0.096127 0.140875
v 0.087361 0.104140 0.140875
v 0.095929 0.095952 0.138645
v 0.087202 0.103951 0.138645
v 0.096104 0.096127 0.136415
v 0.087361 0.104140 0.136415
v 0.096630 0.096652 0.135671
v 0.087839 0.104710 0.135671
v 0.097155 0.097178 0.136415
v 0.088317 0.105279 0.136415
v 0.097331 0.097353 0.138645
v 0.088476 0.105469 0.138645
v 0.078804 0.112577 0.140875
v 0.078377 0.111968 0.141618
v 0.068693 0.119019 0.140875
v 0.068321 0.118376 0.141618
v 0.077951 0.111359 0.140875
v 0.067949 0.117732 0.140875
v 0.077809 0.111156 0.138645
v 0.067825 0.117518 0.138645
v 0.077951 0.111359 0.136415
v 0.067949 0.117732 0.136415
v 0.078377 0.111968 0.135671
v 0.068321 0.118376 0.135671
v 0.078804 0.112577 0.136415
v 0.068693 0.119019 0.136415
v 0.078946 0.112780 0.138645
v 0.068816 0.119234 0.138645
v 0.058058 0.124555 0.140875
v 0.046727 0.128445 0.141618
v 0.057430 0.123207 0.140875
v 0.046473 0.127747 0.140875
v 0.057743 0.123881 0.141618
v 0.057748 0.122843 0.136732
v 0.046820 0.127412 0.136732
v 0.057743 0.123881 0.135671
v 0.046727 0.128445 0.135671
v 0.058058 0.124555 0.136415
v 0.046982 0.129144 0.136415
v 0.058162 0.124779 0.138645
v 0.046634 0.129479 0.140558
v 0.035546 0.132748 0.140875
v 0.023841 0.135344 0.140875
v 0.035162 0.131312 0.140875
v 0.023583 0.133880 0.140875
v 0.023712 0.134612 0.141618
v 0.035355 0.132030 0.141618
v 0.035539 0.131008 0.136732
v 0.023541 0.133636 0.138645
v 0.023583 0.133880 0.136415
v 0.035355 0.132030 0.135671
v 0.023712 0.134612 0.135671
v 0.035546 0.132748 0.136415
v 0.023841 0.135344 0.136415
v 0.035610 0.132987 0.138645
v 0.023885 0.135588 0.138645
v 0.011530 0.137142 0.140558
v 0.011890 0.136167 0.141618
v 0.011825 0.135427 0.140875
v 0.011803 0.135180 0.138645
v 0.011825 0.135427 0.136415
v 0.011890 0.136167 0.135671
v 0.011955 0.136908 0.136415
v -0.114912 0.066250 0.128519
v -0.033703 0.127859 0.128328
v -0.000023 0.132614 0.128510
v -0.000023 0.131048 0.028550
v -0.050017 0.120550 0.028147
v -0.092495 0.092314 0.027744
v -0.103872 0.079685 0.027927
v -0.114870 -0.066307 0.128510
v -0.127726 0.034426 0.128430
v -0.126262 -0.033793 0.028014
v -0.120956 -0.050093 0.027927
v -0.000023 -0.132614 0.128510
v -0.093747 -0.093579 0.128795
v -0.033877 -0.126223 0.028013
v -0.017108 -0.129778 0.027927
v 0.114824 -0.066307 0.128510
v 0.080476 -0.104706 0.128420
v 0.033661 -0.127859 0.128331
v 0.092362 -0.092429 0.028013
v 0.103825 -0.079685 0.027927
v 0.114824 0.066307 0.128510
v 0.127548 -0.034757 0.128331
v 0.126215 0.033793 0.028013
v 0.093863 0.093101 0.128331
v 0.033830 0.126223 0.028013
v -0.101419 0.058541 0.004213
v -0.088654 0.068043 0.001627
v -0.082428 0.082372 0.004031
v -0.097053 0.056020 0.001699
v -0.072786 0.084789 0.001645
v -0.065770 0.085534 0.000761
v -0.076515 0.076298 0.000717
v -0.053935 0.093378 0.000761
v -0.093824 0.054156 0.000735
v -0.085931 0.065795 0.000761
v -0.058016 0.100446 0.003838
v -0.043988 0.106590 0.003433
v -0.030158 0.112550 0.004031
v -0.037091 0.105397 0.001643
v -0.055608 0.096275 0.001571
v -0.015265 0.115705 0.004031
v -0.014635 0.110777 0.001627
v -0.000023 0.117081 0.004213
v -0.000023 0.112041 0.001699
v -0.014049 0.107300 0.000734
v -0.000023 0.108311 0.000743
v -0.027856 0.104386 0.000761
v -0.041222 0.099712 0.000717
v 0.001283 0.103036 0.000036
v -0.094391 0.040604 0.000091
v -0.064463 0.081111 0.000129
v 0.015218 0.115705 0.004031
v 0.030111 0.112550 0.004031
v 0.022836 0.109458 0.001614
v 0.044528 0.107485 0.004031
v 0.058002 0.100502 0.003878
v 0.048836 0.100114 0.001596
v 0.053889 0.093378 0.000761
v 0.041170 0.099714 0.000720
v 0.027810 0.104386 0.000761
v 0.014002 0.107296 0.000761
v 0.082381 0.082372 0.004031
v 0.072761 0.084634 0.001611
v 0.092560 0.071052 0.004031
v 0.101372 0.058541 0.004213
v 0.097006 0.056020 0.001699
v 0.088608 0.068043 0.001627
v 0.093778 0.054164 0.000707
v 0.085885 0.065795 0.000761
v 0.076462 0.076296 0.000761
v 0.065729 0.085543 0.000688
v 0.081437 0.060938 0.000060
v 0.107801 0.044653 0.004031
v 0.106200 0.034933 0.001614
v 0.116027 -0.000000 0.003878
v 0.111107 0.007744 0.001596
v 0.107800 0.000000 0.000761
v 0.106924 0.014171 0.000761
v 0.104294 0.028090 0.000761
v 0.112515 -0.030179 0.004031
v 0.109663 -0.020716 0.001611
v 0.107801 -0.044653 0.004031
v 0.101372 -0.058541 0.004213
v 0.097006 -0.056020 0.001699
v 0.103219 -0.042734 0.001627
v 0.093777 -0.054157 0.000737
v 0.104304 -0.028086 0.000705
v 0.099911 -0.041501 0.000761
v 0.106924 -0.014171 0.000761
v 0.102983 0.007165 0.000163
v 0.099922 0.041495 0.000707
v 0.082381 -0.082372 0.004031
v 0.083341 -0.074526 0.001614
v 0.070786 -0.092324 0.004031
v 0.058002 -0.100502 0.003878
v 0.062248 -0.092370 0.001596
v 0.053889 -0.093378 0.000761
v 0.065723 -0.085534 0.000761
v 0.076462 -0.076296 0.000761
v 0.085888 -0.065804 0.000706
v 0.044528 -0.107485 0.004031
v 0.030111 -0.112550 0.004031
v 0.036879 -0.105350 0.001611
v 0.015218 -0.115705 0.004031
v -0.000023 -0.117081 0.004213
v -0.000023 -0.112041 0.001699
v 0.014589 -0.110777 0.001627
v 0.014003 -0.107300 0.000734
v -0.000023 -0.108311 0.000743
v 0.027820 -0.104392 0.000699
v 0.041178 -0.099705 0.000761
v -0.005878 -0.100956 0.000055
v 0.057314 -0.085789 0.000150
v 0.084925 -0.053879 0.000017
v -0.015265 -0.115705 0.004031
v -0.022883 -0.109458 0.001614
v -0.044574 -0.107485 0.004031
v -0.058048 -0.100502 0.003878
v -0.048882 -0.100114 0.001596
v -0.041225 -0.099705 0.000761
v -0.027853 -0.104393 0.000716
v -0.053935 -0.093378 0.000761
v -0.014049 -0.107296 0.000761
v -0.070832 -0.092324 0.004031
v -0.082428 -0.082372 0.004031
v -0.072808 -0.084634 0.001611
v -0.092606 -0.071052 0.004031
v -0.101419 -0.058541 0.004213
v -0.097053 -0.056020 0.001699
v -0.088654 -0.068043 0.001627
v -0.085934 -0.065803 0.000711
v -0.093831 -0.054153 0.000707
v -0.076508 -0.076296 0.000761
v -0.052939 -0.089239 0.000153
v -0.065770 -0.085534 0.000761
v -0.081426 -0.061000 0.000059
v -0.107847 -0.044653 0.004031
v -0.106246 -0.034933 0.001614
v -0.116073 0.000000 0.003878
v -0.111154 -0.007744 0.001596
v -0.107847 0.000000 0.000761
v -0.106970 -0.014171 0.000761
v -0.104341 -0.028090 0.000761
v -0.099957 -0.041501 0.000761
v -0.112562 0.030179 0.004031
v -0.109710 0.020716 0.001611
v -0.107847 0.044653 0.004031
v -0.103266 0.042734 0.001627
v -0.099957 0.041501 0.000761
v -0.104341 0.028090 0.000761
v -0.106975 0.014182 0.000721
v -0.102557 -0.018488 0.000188
v -0.092606 0.071052 0.004031
v -0.105706 0.061016 0.008385
v -0.096678 0.074045 0.008221
v -0.086071 0.085861 0.008221
v -0.072862 0.094615 0.006400
v -0.070398 0.091343 0.003440
v -0.110172 0.063582 0.014575
v -0.099408 0.076122 0.012070
v -0.088505 0.088271 0.012069
v -0.102106 0.078176 0.017213
v -0.076372 0.098824 0.012028
v -0.000034 0.127182 0.014575
v -0.016684 0.127494 0.017213
v -0.016254 0.124130 0.012070
v -0.033090 0.124036 0.017213
v -0.000023 0.122032 0.008385
v -0.015821 0.120728 0.008221
v -0.032228 0.120763 0.012070
v -0.047433 0.115533 0.012028
v -0.064038 0.110877 0.017043
v -0.049137 0.118800 0.018045
v -0.031357 0.117451 0.008221
v -0.061423 0.106349 0.009644
v -0.045542 0.110388 0.006400
v -0.112562 -0.030178 0.004031
v -0.105706 -0.061016 0.008385
v -0.112475 -0.046683 0.008221
v -0.117405 -0.031590 0.008221
v -0.121188 -0.000000 0.008068
v -0.120363 -0.015928 0.008221
v -0.115383 -0.015161 0.004031
v -0.110161 -0.063601 0.014575
v -0.115639 -0.048009 0.012070
v -0.120710 -0.032492 0.012070
v -0.118767 -0.049318 0.017213
v -0.128013 -0.000000 0.016968
v -0.125214 -0.016884 0.014016
v -0.124629 -0.000000 0.011899
v -0.118767 0.049318 0.017213
v -0.115639 0.048009 0.012070
v -0.123975 0.033381 0.017213
v -0.112475 0.046683 0.008221
v -0.120710 0.032492 0.012069
v -0.117405 0.031590 0.008221
v -0.120362 0.015928 0.008221
v -0.125218 0.016909 0.014029
v -0.115383 0.015161 0.004031
v -0.030158 -0.112550 0.004031
v -0.000023 -0.122032 0.008385
v -0.015821 -0.120728 0.008221
v -0.031357 -0.117451 0.008221
v -0.060606 -0.104932 0.008068
v -0.046399 -0.112181 0.008221
v -0.000012 -0.127182 0.014575
v -0.016254 -0.124130 0.012070
v -0.032228 -0.120763 0.012070
v -0.016685 -0.127494 0.017213
v -0.033090 -0.124036 0.017213
v -0.064018 -0.110843 0.016968
v -0.062327 -0.107912 0.011899
v -0.047997 -0.116861 0.014016
v -0.102106 -0.078176 0.017213
v -0.099408 -0.076122 0.012070
v -0.090909 -0.090655 0.017213
v -0.096678 -0.074045 0.008221
v -0.088505 -0.088271 0.012070
v -0.073987 -0.096253 0.008221
v -0.077264 -0.099967 0.014029
v -0.086071 -0.085861 0.008221
v 0.092560 -0.071052 0.004031
v 0.105659 -0.061016 0.008385
v 0.096631 -0.074045 0.008221
v 0.086025 -0.085861 0.008221
v 0.060559 -0.104932 0.008068
v 0.073940 -0.096253 0.008221
v 0.110126 -0.063582 0.014575
v 0.099362 -0.076122 0.012070
v 0.088458 -0.088271 0.012069
v 0.102059 -0.078176 0.017213
v 0.063972 -0.110843 0.016968
v 0.062280 -0.107912 0.011899
v 0.077194 -0.099977 0.014016
v 0.016638 -0.127494 0.017213
v 0.016208 -0.124130 0.012070
v 0.033044 -0.124036 0.017213
v 0.015775 -0.120728 0.008221
v 0.032181 -0.120763 0.012069
v 0.047930 -0.116876 0.014029
v 0.031311 -0.117451 0.008221
v 0.046352 -0.112181 0.008221
v 0.112515 0.030178 0.004031
v 0.105660 0.061016 0.008385
v 0.112429 0.046683 0.008221
v 0.117359 0.031590 0.008221
v 0.121141 0.000000 0.008068
v 0.120316 0.015928 0.008221
v 0.115336 0.015161 0.004031
v 0.110114 0.063601 0.014575
v 0.115592 0.048009 0.012070
v 0.120663 0.032492 0.012070
v 0.123929 0.033381 0.017213
v 0.127966 0.000000 0.016968
v 0.125168 0.016884 0.014016
v 0.124583 0.000000 0.011899
v 0.118720 -0.049318 0.017213
v 0.115592 -0.048009 0.012070
v 0.123929 -0.033381 0.017213
v 0.112429 -0.046683 0.008221
v 0.120663 -0.032492 0.012070
v 0.117359 -0.031590 0.008221
v 0.120316 -0.015928 0.008221
v 0.125171 -0.016910 0.014029
v 0.115336 -0.015161 0.004030
v 0.015775 0.120728 0.008221
v 0.031311 0.117451 0.008221
v 0.060559 0.104932 0.008068
v 0.046352 0.112181 0.008221
v 0.016208 0.124130 0.012070
v 0.032181 0.120763 0.012070
v 0.016638 0.127494 0.017213
v 0.033044 0.124036 0.017213
v 0.063972 0.110843 0.016968
v 0.062280 0.107912 0.011899
v 0.047951 0.116861 0.014016
v 0.102059 0.078176 0.017213
v 0.099362 0.076122 0.012070
v 0.090863 0.090655 0.017213
v 0.096631 0.074045 0.008221
v 0.088458 0.088271 0.012070
v 0.077218 0.099967 0.014029
v 0.086025 0.085861 0.008221
v 0.070786 0.092324 0.004031
v 0.073940 0.096253 0.008221
v -0.000023 0.126801 0.021751
v -0.016276 0.125446 0.021378
v -0.032411 0.121522 0.020502
v -0.000023 0.128049 0.026387
v -0.016928 0.127047 0.027560
v -0.033046 0.123021 0.024337
v -0.063525 0.109988 0.024000
v -0.048457 0.117416 0.023859
v -0.062745 0.108637 0.020374
v -0.047984 0.116065 0.020494
v -0.000023 0.128571 0.033412
v -0.063961 0.110743 0.030166
v -0.048926 0.118252 0.030173
v -0.111369 0.064285 0.033413
v -0.110917 0.064024 0.026387
v -0.101598 0.078161 0.027564
v -0.090824 0.090523 0.032727
v -0.078082 0.101379 0.030028
v -0.109836 0.063400 0.021751
v -0.090026 0.090124 0.024308
v -0.100535 0.076803 0.021380
v -0.089071 0.088810 0.020502
v -0.076559 0.099568 0.020494
v -0.077483 0.100668 0.023879
v -0.116789 0.048648 0.021378
v -0.121459 0.032713 0.020502
v -0.123079 0.032909 0.024354
v -0.127147 0.000180 0.024311
v -0.125977 0.016657 0.023966
v -0.125442 0.000000 0.020334
v -0.124518 0.016495 0.020492
v -0.127987 0.000000 0.032601
v -0.126874 0.016887 0.030353
v -0.111369 -0.064285 0.033412
v -0.110917 -0.064024 0.026387
v -0.118500 -0.048888 0.027562
v -0.123849 -0.033312 0.032974
v -0.126968 -0.016788 0.032986
v -0.109836 -0.063400 0.021751
v -0.123070 -0.033080 0.024512
v -0.116793 -0.048643 0.021380
v -0.121459 -0.032713 0.020502
v -0.124518 -0.016495 0.020492
v -0.126162 -0.016673 0.024505
v -0.100536 -0.076799 0.021378
v -0.089071 -0.088810 0.020502
v -0.101598 -0.078161 0.027558
v -0.090195 -0.090022 0.024512
v -0.063429 -0.110182 0.024311
v -0.077529 -0.100905 0.024503
v -0.062732 -0.108616 0.020334
v -0.076556 -0.099568 0.020492
v -0.064005 -0.110820 0.032601
v -0.078034 -0.101544 0.032986
v -0.000023 -0.128571 0.033412
v -0.000023 -0.128049 0.026387
v -0.016926 -0.127047 0.027564
v -0.033018 -0.123897 0.032727
v -0.048824 -0.118300 0.030353
v -0.000023 -0.126800 0.021751
v -0.033087 -0.123006 0.024319
v -0.016282 -0.125447 0.021380
v -0.032411 -0.121522 0.020502
v -0.047985 -0.116063 0.020492
v -0.048575 -0.117407 0.023966
v 0.016229 -0.125446 0.021378
v 0.032364 -0.121522 0.020502
v 0.016882 -0.127047 0.027560
v 0.033005 -0.123023 0.024354
v 0.063383 -0.110182 0.024311
v 0.048528 -0.117407 0.023966
v 0.062686 -0.108616 0.020334
v 0.047939 -0.116063 0.020492
v 0.063958 -0.110820 0.032601
v 0.048777 -0.118300 0.030353
v 0.111322 -0.064285 0.033412
v 0.110871 -0.064024 0.026387
v 0.101553 -0.078160 0.027562
v 0.090739 -0.090581 0.032974
v 0.077988 -0.101544 0.032986
v 0.109789 -0.063400 0.021751
v 0.090148 -0.090022 0.024512
v 0.100488 -0.076803 0.021380
v 0.089024 -0.088810 0.020502
v 0.076509 -0.099568 0.020492
v 0.077485 -0.100903 0.024505
v 0.116742 -0.048647 0.021378
v 0.121412 -0.032713 0.020502
v 0.118454 -0.048884 0.027560
v 0.123032 -0.032909 0.024354
v 0.127132 0.000000 0.024398
v 0.125931 -0.016657 0.023966
v 0.125396 0.000000 0.020334
v 0.124472 -0.016495 0.020492
v 0.127940 0.000000 0.032602
v 0.126828 -0.016887 0.030352
v 0.111322 0.064285 0.033412
v 0.110871 0.064024 0.026387
v 0.118454 0.048885 0.027564
v 0.123772 0.033374 0.032727
v 0.126828 0.016887 0.030353
v 0.109789 0.063400 0.021751
v 0.123035 0.032869 0.024319
v 0.116746 0.048643 0.021380
v 0.121412 0.032713 0.020502
v 0.124472 0.016495 0.020492
v 0.125931 0.016657 0.023966
v 0.100489 0.076799 0.021378
v 0.089024 0.088810 0.020502
v 0.101551 0.078161 0.027558
v 0.090148 0.090022 0.024512
v 0.063383 0.110182 0.024311
v 0.077483 0.100905 0.024503
v 0.062686 0.108616 0.020334
v 0.076509 0.099568 0.020492
v 0.090739 0.090581 0.032974
v 0.063958 0.110820 0.032601
v 0.077988 0.101544 0.032986
v 0.016879 0.127047 0.027564
v 0.032971 0.123897 0.032727
v 0.048777 0.118300 0.030353
v 0.016235 0.125447 0.021380
v 0.033041 0.123006 0.024319
v 0.032364 0.121522 0.020502
v 0.047939 0.116063 0.020492
v 0.048528 0.117407 0.023966
v -0.000023 0.114775 0.008536
v -0.014846 0.113271 0.008175
v -0.000023 0.122600 0.015889
v -0.029434 0.110115 0.008112
v -0.056698 0.098163 0.007785
v -0.046497 0.112515 0.015454
v -0.043529 0.105111 0.008065
v -0.015803 0.121127 0.015505
v -0.031391 0.117827 0.015483
v -0.106198 0.061300 0.015889
v -0.097032 0.074229 0.015505
v -0.086381 0.086080 0.015483
v -0.060703 0.105100 0.015124
v -0.074227 0.096506 0.015454
v -0.099421 0.057387 0.008536
v -0.090708 0.069472 0.008175
v -0.080680 0.080528 0.008112
v -0.069300 0.090232 0.008065
v 0.099374 0.057387 0.008536
v 0.090661 0.069472 0.008175
v 0.106152 0.061300 0.015889
v 0.080633 0.080528 0.008112
v 0.056621 0.098111 0.007738
v 0.069247 0.090227 0.008058
v 0.096986 0.074229 0.015505
v 0.086334 0.086080 0.015483
v 0.060617 0.105033 0.015043
v 0.074173 0.096504 0.015448
v 0.015757 0.121127 0.015505
v 0.031345 0.117827 0.015483
v 0.046454 0.112509 0.015448
v 0.014799 0.113271 0.008174
v 0.029388 0.110115 0.008112
v 0.043481 0.105104 0.008058
v 0.099374 -0.057387 0.008536
v 0.105484 -0.043799 0.008174
v 0.106152 -0.061300 0.015889
v 0.110045 -0.029587 0.008112
v 0.113266 -0.000000 0.007738
v 0.112751 -0.014876 0.008058
v 0.112766 -0.046898 0.015505
v 0.117703 -0.031748 0.015483
v 0.121258 0.000000 0.015043
v 0.120651 -0.016004 0.015448
v 0.112766 0.046898 0.015505
v 0.117703 0.031749 0.015483
v 0.120651 0.016004 0.015448
v 0.105484 0.043799 0.008175
v 0.110045 0.029587 0.008112
v 0.112751 0.014876 0.008058
v -0.000023 -0.114775 0.008536
v 0.014799 -0.113271 0.008175
v -0.000023 -0.122600 0.015889
v 0.029388 -0.110115 0.008112
v 0.056621 -0.098110 0.007738
v 0.043481 -0.105104 0.008059
v 0.015757 -0.121127 0.015505
v 0.031345 -0.117827 0.015483
v 0.060617 -0.105033 0.015043
v 0.046454 -0.112509 0.015448
v 0.096986 -0.074229 0.015505
v 0.086334 -0.086080 0.015483
v 0.074173 -0.096505 0.015448
v 0.090661 -0.069472 0.008174
v 0.080633 -0.080528 0.008112
v 0.069247 -0.090227 0.008058
v -0.099421 -0.057387 0.008536
v -0.090708 -0.069472 0.008175
v -0.106198 -0.061300 0.015889
v -0.080680 -0.080528 0.008112
v -0.056667 -0.098110 0.007738
v -0.069294 -0.090227 0.008058
v -0.097032 -0.074229 0.015505
v -0.086381 -0.086080 0.015483
v -0.060664 -0.105033 0.015043
v -0.074220 -0.096504 0.015448
v -0.015804 -0.121127 0.015505
v -0.031391 -0.117827 0.015483
v -0.046500 -0.112509 0.015448
v -0.014846 -0.113271 0.008175
v -0.029435 -0.110115 0.008112
v -0.043528 -0.105104 0.008058
v -0.105531 0.043799 0.008175
v -0.110091 0.029587 0.008112
v -0.113312 -0.000000 0.007738
v -0.120697 0.016005 0.015448
v -0.112798 0.014876 0.008058
v -0.112812 0.046898 0.015505
v -0.117750 0.031749 0.015483
v -0.121305 -0.000000 0.015043
v -0.112812 -0.046898 0.015505
v -0.117749 -0.031748 0.015483
v -0.120697 -0.016004 0.015448
v -0.105531 -0.043799 0.008175
v -0.110092 -0.029587 0.008112
v -0.112798 -0.014876 0.008058
v -0.035327 0.131977 0.136506
v -0.052129 0.126141 0.136499
v -0.068191 0.118070 0.136504
v -0.034133 0.129621 0.136473
v -0.016958 0.133223 0.136498
v -0.017680 0.135684 0.136497
v -0.000042 0.134315 0.136466
v -0.000061 0.137036 0.136466
v -0.096531 0.096650 0.136535
v -0.108581 0.083280 0.136527
v -0.118730 0.068490 0.136437
v -0.116404 0.067206 0.136522
v -0.082882 0.108324 0.136553
v -0.112269 0.064800 0.134249
v -0.065957 0.114200 0.134537
v -0.080531 0.104662 0.134646
v -0.105214 0.080202 0.134523
v -0.114628 0.066161 0.134512
v -0.126356 0.052505 0.136532
v -0.131985 0.035409 0.136481
v -0.136340 0.000171 0.136522
v -0.129350 0.035348 0.136495
v -0.135254 -0.017642 0.136556
v -0.131978 -0.035253 0.136535
v -0.126391 -0.052466 0.136534
v -0.118747 -0.068445 0.136463
v -0.116365 -0.067166 0.136481
v -0.112260 -0.064815 0.134249
v -0.129017 -0.000014 0.134251
v -0.131795 -0.000510 0.134519
v -0.130719 -0.017632 0.134529
v -0.122048 -0.051065 0.134526
v -0.114624 -0.066170 0.134512
v -0.096519 -0.096691 0.136506
v -0.108608 -0.083269 0.136517
v -0.068329 -0.117969 0.136522
v -0.095223 -0.094350 0.136473
v -0.106860 -0.081310 0.136477
v -0.052360 -0.125934 0.136556
v -0.035470 -0.131903 0.136535
v -0.017867 -0.135653 0.136527
v 0.000016 -0.137048 0.136437
v -0.000035 -0.134392 0.136522
v -0.000010 -0.129608 0.134249
v -0.064510 -0.111727 0.134247
v -0.066169 -0.113870 0.134494
v -0.050279 -0.122099 0.134646
v -0.016885 -0.131198 0.134523
v -0.000018 -0.132331 0.134511
v 0.017672 -0.135661 0.136532
v 0.035293 -0.131987 0.136481
v 0.052071 -0.126145 0.136499
v 0.067987 -0.118139 0.136522
v 0.034027 -0.129674 0.136495
v 0.017024 -0.133128 0.136452
v 0.082870 -0.108292 0.136556
v 0.096485 -0.096650 0.136534
v 0.108535 -0.083279 0.136527
v 0.118673 -0.068485 0.136466
v 0.116307 -0.067141 0.136465
v 0.064480 -0.111718 0.134246
v 0.066022 -0.113935 0.134500
v 0.093675 -0.093060 0.134525
v 0.114582 -0.066161 0.134511
v 0.126312 -0.052520 0.136518
v 0.131938 -0.035409 0.136481
v 0.135268 -0.017958 0.136499
v 0.136294 -0.000171 0.136522
v 0.129304 -0.035351 0.136495
v 0.123803 -0.051903 0.136480
v 0.135207 0.017642 0.136556
v 0.131932 0.035253 0.136535
v 0.126377 0.052375 0.136527
v 0.118634 0.068552 0.136466
v 0.116288 0.067174 0.136466
v 0.131745 -0.000612 0.134521
v 0.122002 0.051065 0.134526
v 0.114577 0.066170 0.134511
v 0.108628 0.083150 0.136518
v 0.096622 0.096578 0.136481
v 0.083175 0.108188 0.136499
v 0.068283 0.117969 0.136522
v 0.095255 0.094325 0.136495
v 0.035423 0.131903 0.136534
v 0.052313 0.125934 0.136556
v 0.017820 0.135653 0.136527
v 0.065897 0.114164 0.134533
v 0.000025 0.132362 0.134530
v -0.104982 0.080755 0.128351
v -0.093747 0.093579 0.128795
v -0.065967 0.114218 0.128110
v -0.080577 0.104662 0.128415
v -0.118624 0.068475 0.133254
v -0.108238 0.083017 0.132692
v -0.108998 0.083203 0.134285
v -0.096327 0.096262 0.132687
v -0.097146 0.096481 0.134321
v -0.068349 0.118344 0.134884
v -0.083422 0.108338 0.134881
v -0.068094 0.117902 0.132976
v -0.082846 0.108164 0.132971
v -0.000023 0.136952 0.133258
v -0.017590 0.135977 0.134289
v -0.035043 0.132345 0.134313
v -0.052311 0.126013 0.133304
v -0.017806 0.135222 0.132688
v -0.035222 0.131537 0.132687
v -0.017360 0.132619 0.130325
v -0.034425 0.129023 0.130325
v -0.000023 0.133870 0.130325
v -0.066656 0.115412 0.130330
v -0.050948 0.123236 0.130325
v -0.068296 0.118250 0.133676
v -0.122559 -0.050825 0.128795
v -0.127926 -0.034378 0.128795
v -0.132166 0.000000 0.128675
v -0.130951 -0.017362 0.128420
v -0.118623 -0.068481 0.133256
v -0.126025 -0.052208 0.132692
v -0.131541 -0.035271 0.132687
v -0.126566 -0.052773 0.134285
v -0.132139 -0.035871 0.134321
v -0.136679 -0.000076 0.134906
v -0.135546 -0.018056 0.134881
v -0.136131 0.000000 0.132918
v -0.135089 -0.017704 0.132961
v -0.126566 0.052775 0.134289
v -0.126021 0.052210 0.132687
v -0.132147 0.035844 0.134313
v -0.131537 0.035286 0.132687
v -0.135353 0.017474 0.133328
v -0.135315 0.017958 0.136499
v -0.115958 0.066935 0.130325
v -0.123543 0.051296 0.130325
v -0.128960 0.034719 0.130325
v -0.133290 -0.000000 0.130330
v -0.130949 0.017036 0.128341
v -0.132211 0.017516 0.130325
v -0.017276 -0.131532 0.128795
v -0.033706 -0.127859 0.128329
v -0.065971 -0.114224 0.128120
v -0.050451 -0.122068 0.128420
v -0.000024 -0.136949 0.133254
v -0.017810 -0.135225 0.132692
v -0.017592 -0.135976 0.134285
v -0.035237 -0.131533 0.132687
v -0.035016 -0.132351 0.134321
v -0.068285 -0.118385 0.134906
v -0.052147 -0.126394 0.134881
v -0.068077 -0.117874 0.132918
v -0.052224 -0.125822 0.132961
v -0.108998 -0.083202 0.134287
v -0.097126 -0.096500 0.134312
v -0.096339 -0.096251 0.132687
v -0.083222 -0.108187 0.136499
v -0.108238 -0.083012 0.132687
v -0.115958 -0.066935 0.130325
v -0.106207 -0.081323 0.130325
v -0.094559 -0.094303 0.130325
v -0.066656 -0.115412 0.130330
v -0.080532 -0.104701 0.128422
v -0.081286 -0.105720 0.130325
v -0.082821 -0.108462 0.133328
v 0.105261 -0.080706 0.128795
v 0.093865 -0.093100 0.128329
v 0.066048 -0.114438 0.128675
v 0.118580 -0.068477 0.133258
v 0.108192 -0.083017 0.132692
v 0.096281 -0.096262 0.132687
v 0.108951 -0.083203 0.134285
v 0.097099 -0.096481 0.134321
v 0.068370 -0.118309 0.134906
v 0.083375 -0.108338 0.134881
v 0.068031 -0.117874 0.132918
v 0.082842 -0.108118 0.132961
v 0.017544 -0.135977 0.134289
v 0.034996 -0.132345 0.134313
v 0.035175 -0.131537 0.132687
v 0.052508 -0.125935 0.133328
v 0.017760 -0.135222 0.132687
v 0.017313 -0.132619 0.130325
v 0.017229 -0.131532 0.128795
v -0.000023 -0.133871 0.130325
v 0.034378 -0.129023 0.130325
v 0.066610 -0.115412 0.130330
v 0.050901 -0.123236 0.130325
v 0.122513 0.050825 0.128795
v 0.127547 0.034759 0.128329
v 0.131872 -0.000000 0.128120
v 0.130905 0.017362 0.128420
v 0.118581 0.068476 0.133258
v 0.125979 0.052208 0.132692
v 0.131494 0.035271 0.132687
v 0.126519 0.052773 0.134285
v 0.132093 0.035871 0.134321
v 0.136632 0.000076 0.134906
v 0.135500 0.018056 0.134881
v 0.136085 -0.000000 0.132918
v 0.135043 0.017704 0.132961
v 0.126520 -0.052775 0.134289
v 0.132100 -0.035844 0.134313
v 0.135306 -0.017474 0.133328
v 0.125974 -0.052210 0.132687
v 0.131490 -0.035286 0.132687
v 0.123496 -0.051296 0.130325
v 0.122513 -0.050825 0.128795
v 0.115912 -0.066935 0.130325
v 0.128914 -0.034719 0.130325
v 0.133243 -0.000000 0.130330
v 0.132164 -0.017516 0.130325
v 0.017229 0.131532 0.128795
v 0.033659 0.127859 0.128329
v 0.066048 0.114438 0.128675
v 0.050405 0.122068 0.128420
v 0.017764 0.135225 0.132692
v 0.017545 0.135976 0.134285
v 0.035190 0.131533 0.132687
v 0.034970 0.132351 0.134321
v 0.068238 0.118385 0.134906
v 0.052101 0.126394 0.134882
v 0.068031 0.117874 0.132918
v 0.052177 0.125822 0.132961
v 0.108952 0.083202 0.134289
v 0.108192 0.083012 0.132687
v 0.097080 0.096500 0.134313
v 0.096292 0.096251 0.132687
v 0.082774 0.108462 0.133328
v 0.115912 0.066935 0.130325
v 0.106161 0.081323 0.130325
v 0.094513 0.094303 0.130325
v 0.080485 0.104701 0.128422
v 0.066610 0.115412 0.130330
v 0.081240 0.105720 0.130325
v -0.102688 0.078859 0.134256
v -0.091427 0.091400 0.134248
v -0.119652 -0.049474 0.134255
v -0.124864 -0.033480 0.134253
v -0.128009 -0.016785 0.134248
v -0.091436 -0.091394 0.134247
v -0.102682 -0.078871 0.134252
v -0.078556 -0.102438 0.134250
v 0.049417 -0.119237 0.134250
v 0.016952 -0.128350 0.134247
v 0.033435 -0.124854 0.134250
v 0.127964 -0.016801 0.134247
v 0.119612 -0.049466 0.134252
v 0.124830 -0.033455 0.134250
v 0.016940 0.128352 0.134247
v 0.033392 0.124855 0.134257
v 0.049420 0.119231 0.134252
v -0.095360 0.055043 0.005005
v -0.087218 0.066878 0.004948
v -0.077637 0.077539 0.004948
v -0.096718 0.048230 0.004092
v -0.082601 0.069638 0.004095
v -0.065018 0.086801 0.004312
v -0.091306 0.052703 0.003724
v -0.074457 0.074251 0.003724
v -0.083629 0.064032 0.003700
v -0.064009 0.083240 0.003709
v -0.052489 0.090874 0.003718
v -0.006602 0.107856 0.004092
v -0.000023 0.105404 0.003724
v -0.013673 0.104420 0.003724
v -0.027111 0.101589 0.003681
v -0.040120 0.097032 0.003724
v -0.000023 0.110085 0.005005
v -0.014344 0.108951 0.004948
v -0.028482 0.104893 0.004371
v -0.054203 0.093842 0.004349
v -0.042711 0.099699 0.004323
v 0.014636 0.107859 0.004366
v 0.028320 0.105985 0.004948
v 0.054122 0.093784 0.004298
v 0.032847 0.102687 0.004095
v 0.041895 0.101220 0.004948
v 0.027063 0.101587 0.003724
v 0.013627 0.104421 0.003685
v 0.052443 0.090874 0.003724
v 0.040073 0.097032 0.003724
v 0.091260 0.052703 0.003724
v 0.074411 0.074251 0.003724
v 0.083583 0.064032 0.003690
v 0.063959 0.083242 0.003709
v 0.090093 0.059625 0.004092
v 0.095314 0.055043 0.005005
v 0.087171 0.066878 0.004948
v 0.072467 0.079817 0.004093
v 0.077591 0.077539 0.004948
v 0.066677 0.086913 0.004948
v 0.105934 0.028447 0.004948
v 0.100714 0.041235 0.004366
v 0.108268 0.000001 0.004298
v 0.105340 0.022877 0.004095
v 0.108595 0.014308 0.004948
v 0.097231 0.040389 0.003724
v 0.101498 0.027337 0.003699
v 0.104909 0.000000 0.003724
v 0.104057 0.013791 0.003711
v 0.096671 -0.048230 0.004092
v 0.097231 -0.040389 0.003724
v 0.101498 -0.027336 0.003724
v 0.091261 -0.052705 0.003669
v 0.104056 -0.013795 0.003705
v 0.095314 -0.055043 0.005005
v 0.101491 -0.042074 0.004948
v 0.105347 -0.022870 0.004093
v 0.105934 -0.028447 0.004948
v 0.108595 -0.014308 0.004948
v 0.086056 -0.066624 0.004366
v 0.077591 -0.077539 0.004948
v 0.072470 -0.079809 0.004095
v 0.054123 -0.093783 0.004298
v 0.066677 -0.086913 0.004948
v 0.074411 -0.074252 0.003714
v 0.083583 -0.064032 0.003702
v 0.063960 -0.083240 0.003724
v -0.000023 -0.105404 0.003724
v 0.006556 -0.107856 0.004092
v 0.032856 -0.102688 0.004093
v 0.013627 -0.104420 0.003724
v 0.027064 -0.101588 0.003713
v 0.040073 -0.097032 0.003724
v 0.052443 -0.090875 0.003697
v -0.000023 -0.110085 0.005005
v 0.014297 -0.108951 0.004948
v 0.028320 -0.105985 0.004948
v 0.041895 -0.101220 0.004948
v -0.028366 -0.105985 0.004948
v -0.014682 -0.107859 0.004366
v -0.032894 -0.102686 0.004095
v -0.054168 -0.093784 0.004298
v -0.041941 -0.101220 0.004948
v -0.013673 -0.104421 0.003683
v -0.027109 -0.101587 0.003724
v -0.040120 -0.097032 0.003724
v -0.074457 -0.074251 0.003724
v -0.091306 -0.052703 0.003724
v -0.083627 -0.064033 0.003692
v -0.064007 -0.083240 0.003724
v -0.052491 -0.090874 0.003704
v -0.090139 -0.059625 0.004092
v -0.095360 -0.055043 0.005005
v -0.087218 -0.066878 0.004948
v -0.072514 -0.079817 0.004093
v -0.077637 -0.077539 0.004948
v -0.066723 -0.086913 0.004948
v -0.100761 -0.041235 0.004366
v -0.105981 -0.028447 0.004948
v -0.105387 -0.022877 0.004095
v -0.108315 -0.000001 0.004298
v -0.108642 -0.014308 0.004948
v -0.097278 -0.040389 0.003710
v -0.101544 -0.027336 0.003724
v -0.104103 -0.013791 0.003711
v -0.104956 0.000000 0.003724
v -0.101544 0.027336 0.003724
v -0.105393 0.022870 0.004093
v -0.097280 0.040389 0.003680
v -0.104103 0.013791 0.003724
v -0.101538 0.042074 0.004948
v -0.105981 0.028447 0.004948
v -0.108642 0.014308 0.004948
v -0.016993 0.128343 0.134251
v -0.033485 0.124861 0.134246
v -0.064527 0.111722 0.134255
v -0.119658 0.049467 0.134252
v -0.124885 0.033454 0.134247
v -0.016992 -0.128347 0.134249
v 0.112227 -0.064792 0.134249
v 0.102636 -0.078865 0.134254
v 0.078503 -0.102440 0.134252
v 0.128972 0.000010 0.134250
v 0.112214 0.064815 0.134249
v 0.127957 0.016794 0.134252
v 0.119606 0.049472 0.134255
v 0.102635 0.078871 0.134252
v 0.091387 0.091388 0.134250
v 0.064471 0.111723 0.134247
v -0.033836 0.127635 0.134498
v -0.050424 0.122046 0.134646
v -0.130877 0.017544 0.134636
v -0.093751 -0.093044 0.134532
v -0.080644 -0.104551 0.134636
v 0.016787 -0.131210 0.134529
v 0.127418 -0.034640 0.134529
v -0.017109 0.129777 0.027922
v -0.033873 0.126224 0.028011
v -0.000023 0.130115 0.020849
v -0.016812 0.129023 0.021536
v -0.033342 0.125583 0.021641
v -0.065029 0.112593 0.022926
v -0.049511 0.119961 0.021718
v -0.112706 0.065058 0.020849
v -0.103364 0.079054 0.021539
v -0.090909 0.090655 0.017213
v -0.113514 0.065524 0.028551
v -0.092125 0.091643 0.021640
v -0.079166 0.102838 0.021716
v -0.078350 0.101934 0.018045
v -0.079559 0.103493 0.028369
v -0.120892 0.050196 0.027694
v -0.126244 0.033934 0.028194
v -0.130422 -0.000000 0.027532
v -0.129419 0.016977 0.028147
v -0.120155 0.049971 0.021536
v -0.125440 0.033937 0.021641
v -0.128519 0.016975 0.020804
v -0.129649 0.000000 0.021435
v -0.112706 -0.065058 0.020849
v -0.123976 -0.033381 0.017213
v -0.113514 -0.065524 0.028551
v -0.120157 -0.049970 0.021539
v -0.125439 -0.033941 0.021640
v -0.128527 -0.017008 0.020838
v -0.129419 -0.016979 0.028135
v -0.103871 -0.079686 0.027922
v -0.092411 -0.092427 0.028011
v -0.065222 -0.112929 0.027532
v -0.079423 -0.103572 0.028146
v -0.103365 -0.079051 0.021536
v -0.092122 -0.091646 0.021641
v -0.064837 -0.112259 0.021435
v -0.078960 -0.102799 0.020797
v -0.000023 -0.130115 0.020849
v -0.016815 -0.129023 0.021539
v -0.000023 -0.131048 0.028550
v -0.033338 -0.125584 0.021640
v -0.049545 -0.119792 0.020838
v -0.050017 -0.120550 0.028135
v 0.017062 -0.129777 0.027922
v 0.033826 -0.126224 0.028011
v 0.065176 -0.112929 0.027532
v 0.049973 -0.120549 0.028146
v 0.016766 -0.129023 0.021536
v 0.033296 -0.125583 0.021641
v 0.064790 -0.112259 0.021435
v 0.049535 -0.119761 0.020797
v 0.112659 -0.065058 0.020849
v 0.103318 -0.079054 0.021539
v 0.090863 -0.090655 0.017213
v 0.113468 -0.065524 0.028551
v 0.092079 -0.091643 0.021640
v 0.079379 -0.103570 0.028135
v 0.078958 -0.102782 0.020838
v 0.120910 -0.050092 0.027922
v 0.126215 -0.033797 0.028011
v 0.130376 0.000000 0.027532
v 0.129373 -0.016977 0.028146
v 0.120108 -0.049971 0.021536
v 0.125394 -0.033937 0.021641
v 0.129603 0.000000 0.021435
v 0.128471 -0.016962 0.020797
v 0.112659 0.065058 0.020849
v 0.118720 0.049318 0.017213
v 0.113468 0.065524 0.028551
v 0.120110 0.049970 0.021539
v 0.125392 0.033941 0.021640
v 0.128480 0.017008 0.020838
v 0.120909 0.050093 0.027927
v 0.129372 0.016979 0.028135
v 0.103824 0.079686 0.027922
v 0.092364 0.092427 0.028011
v 0.065176 0.112929 0.027532
v 0.079377 0.103572 0.028146
v 0.103319 0.079051 0.021536
v 0.092075 0.091646 0.021641
v 0.078914 0.102799 0.020797
v 0.064790 0.112259 0.021435
v 0.016769 0.129023 0.021539
v 0.033291 0.125584 0.021640
v 0.049498 0.119792 0.020838
v 0.017061 0.129778 0.027927
v 0.049970 0.120550 0.028134
v -0.000030 0.129589 0.134260
v -0.033017 0.123897 0.032726
v -0.049455 0.119233 0.134253
v -0.078742 0.102274 0.134254
v -0.118501 0.048884 0.027560
v -0.123819 0.033375 0.032727
v -0.128005 0.016799 0.134250
v -0.090786 -0.090581 0.032974
v -0.049476 -0.119229 0.134253
v -0.033471 -0.124851 0.134253
v 0.032971 -0.123897 0.032727
v 0.091400 -0.091379 0.134248
v 0.123772 -0.033374 0.032726
v 0.124830 0.033471 0.134248
v 0.078513 0.102435 0.134251
v -0.106207 0.081324 0.130325
v -0.094559 0.094303 0.130325
v -0.081286 0.105720 0.130325
v -0.017276 0.131532 0.128795
v -0.050373 0.122096 0.128410
v -0.123543 -0.051296 0.130325
v -0.128960 -0.034719 0.130325
v -0.132211 -0.017516 0.130325
v -0.122559 0.050825 0.128795
v -0.017360 -0.132619 0.130325
v -0.034425 -0.129023 0.130325
v -0.050948 -0.123236 0.130325
v -0.105307 -0.080706 0.128795
v 0.106161 -0.081324 0.130325
v 0.094513 -0.094303 0.130325
v 0.081240 -0.105720 0.130325
v 0.050396 -0.122073 0.128422
v 0.123496 0.051296 0.130325
v 0.128914 0.034719 0.130325
v 0.132164 0.017516 0.130325
v 0.130905 -0.017372 0.128422
v 0.017313 0.132619 0.130325
v 0.034378 0.129023 0.130325
v 0.050901 0.123236 0.130325
v 0.105261 0.080706 0.128795
v -0.081829 0.105864 0.136442
v -0.095231 0.094332 0.136469
v -0.133832 0.000009 0.136480
v -0.132600 -0.017939 0.136440
v -0.129321 -0.035287 0.136469
v -0.123854 -0.051824 0.136467
v -0.066934 -0.115878 0.136480
v -0.050776 -0.123785 0.136440
v -0.034113 -0.129618 0.136469
v -0.017058 -0.133152 0.136467
v 0.066874 -0.115887 0.136480
v 0.081803 -0.105844 0.136440
v 0.095184 -0.094333 0.136469
v 0.133786 -0.000008 0.136480
v 0.132554 0.017939 0.136440
v 0.129275 0.035287 0.136469
v 0.123807 0.051824 0.136467
v 0.066889 0.115878 0.136480
v 0.050728 0.123786 0.136440
v 0.034068 0.129618 0.136469
v -0.050794 0.123783 0.136442
v -0.123839 0.051801 0.136452
v -0.132606 0.017929 0.136441
v -0.081840 -0.105855 0.136441
v 0.050741 -0.123784 0.136441
v 0.132559 -0.017929 0.136441
v 0.106839 0.081286 0.136480
v 0.081795 0.105855 0.136441
v -0.093648 0.093101 0.134498
v -0.066916 0.115862 0.136474
v -0.106819 0.081328 0.136467
v -0.127463 -0.034635 0.134528
v -0.034092 -0.127580 0.134515
v 0.080592 -0.104563 0.134641
v 0.106772 -0.081328 0.136467
v 0.105212 -0.080144 0.134526
v 0.130839 0.017533 0.134641
v 0.127418 0.034616 0.134525
v 0.049907 0.122030 0.134504
v 0.033808 0.127814 0.134637
v 0.017011 0.133152 0.136467
v 0.016855 0.131181 0.134511
v -0.016903 0.131200 0.134525
v -0.122059 0.051047 0.134529
v -0.127466 0.034649 0.134532
v -0.105250 -0.080163 0.134529
v 0.034205 -0.127507 0.134522
v 0.050210 -0.122095 0.134636
v 0.122013 -0.051047 0.134528
v 0.130670 -0.017642 0.134529
v 0.105203 0.080163 0.134529
v 0.093697 0.093047 0.134529
v 0.080602 0.104363 0.134529
vn -0.9207 0.3178 0.2264
vn -0.8908 0.3997 0.2159
vn -0.9372 0.3483 0.0198
vn -0.9397 0.3415 0.0207
vn -0.8647 0.4716 0.1728
vn -0.9350 0.3543 0.0162
vn -0.8462 0.5226 0.1038
vn -0.9287 0.3704 0.0170
vn -0.8383 0.5449 0.0192
vn -0.9328 0.3604 0.0035
vn -0.8420 0.5351 -0.0680
vn -0.9331 0.3596 -0.0038
vn -0.8569 0.4947 -0.1445
vn -0.9343 0.3562 -0.0101
vn -0.8807 0.4299 -0.1988
vn -0.9338 0.3568 -0.0274
vn -0.9098 0.3505 -0.2224
vn -0.9387 0.3442 -0.0166
vn -0.9397 0.2685 -0.2119
vn -0.9412 0.3374 -0.0157
vn -0.9658 0.1966 -0.1689
vn -0.9434 0.3315 -0.0121
vn -0.9843 0.1456 -0.0998
vn -0.9490 0.3151 -0.0129
vn -0.9922 0.1233 -0.0152
vn -0.9456 0.3254 0.0006
vn -0.9885 0.1331 0.0720
vn -0.9453 0.3262 0.0078
vn -0.9736 0.1735 0.1485
vn -0.9440 0.3295 0.0142
vn -0.9498 0.2384 0.2027
vn -0.9439 0.3287 0.0315
vn -0.8381 0.2673 0.4756
vn -0.7750 0.4402 0.4535
vn -0.7197 0.5921 0.3625
vn -0.6808 0.6997 0.2167
vn -0.6640 0.7468 0.0381
vn -0.6719 0.7261 -0.1459
vn -0.7034 0.6408 -0.3075
vn -0.7536 0.5039 -0.4220
vn -0.8150 0.3362 -0.4720
vn -0.8780 0.1633 -0.4499
vn -0.9333 0.0114 -0.3590
vn -0.9723 -0.0963 -0.2131
vn -0.9891 -0.1433 -0.0346
vn -0.9811 -0.1226 0.1495
vn -0.9496 -0.0373 0.3111
vn -0.8994 0.0995 0.4257
vn -0.2073 -0.0603 0.9764
vn -0.0417 0.3938 0.9182
vn 0.0912 0.6529 0.7519
vn 0.1725 0.8772 0.4481
vn 0.2074 0.9753 0.0760
vn 0.1909 0.9322 -0.3075
vn 0.1253 0.7545 -0.6443
vn 0.0206 0.4692 -0.8828
vn -0.1072 0.1197 -0.9870
vn -0.2387 -0.2406 -0.9408
vn -0.3538 -0.5570 -0.7514
vn -0.4350 -0.7814 -0.4475
vn -0.5004 -0.8564 -0.1274
vn -0.4795 -0.8021 0.3560
vn -0.3878 -0.6586 0.6449
vn -0.2831 -0.3733 0.8834
vn -0.0469 -0.1344 0.9898
vn 0.1297 0.3498 0.9278
vn 0.2247 0.6109 0.7591
vn 0.3067 0.8375 0.4522
vn 0.3421 0.9366 0.0765
vn 0.3253 0.8930 -0.3109
vn 0.2591 0.7136 -0.6509
vn 0.1534 0.4254 -0.8919
vn 0.0243 0.0726 -0.9971
vn -0.1084 -0.2914 -0.9504
vn -0.2247 -0.6109 -0.7591
vn -0.3067 -0.8375 -0.4522
vn -0.3397 -0.9297 -0.1423
vn -0.3175 -0.8718 0.3731
vn -0.2591 -0.7135 0.6509
vn -0.1534 -0.4254 0.8919
vn 0.9413 -0.3372 0.0164
vn 0.9397 -0.2686 0.2119
vn 0.9098 -0.3505 0.2224
vn 0.9380 -0.3451 0.0309
vn 0.9435 -0.3310 0.0126
vn 0.9658 -0.1966 0.1689
vn 0.9493 -0.3142 0.0134
vn 0.9843 -0.1456 0.0998
vn 0.9458 -0.3247 -0.0006
vn 0.9922 -0.1233 0.0152
vn 0.9455 -0.3256 -0.0080
vn 0.9885 -0.1331 -0.0720
vn 0.9442 -0.3290 -0.0146
vn 0.9736 -0.1735 -0.1485
vn 0.9440 -0.3282 -0.0324
vn 0.9498 -0.2384 -0.2027
vn 0.9397 -0.3414 -0.0213
vn 0.9207 -0.3178 -0.2264
vn 0.9371 -0.3485 -0.0204
vn 0.8908 -0.3997 -0.2159
vn 0.9348 -0.3547 -0.0167
vn 0.8647 -0.4716 -0.1728
vn 0.9284 -0.3712 -0.0174
vn 0.8462 -0.5226 -0.1038
vn 0.9326 -0.3610 -0.0035
vn 0.8383 -0.5449 -0.0192
vn 0.9329 -0.3601 0.0040
vn 0.8420 -0.5351 0.0680
vn 0.9303 -0.3663 0.0195
vn 0.8569 -0.4947 0.1445
vn 0.9127 -0.3937 0.1100
vn 0.8807 -0.4299 0.1988
vn 0.8780 -0.1633 0.4499
vn 0.8149 -0.3362 0.4720
vn 0.9333 -0.0114 0.3590
vn 0.9723 0.0963 0.2131
vn 0.9891 0.1433 0.0346
vn 0.9811 0.1226 -0.1495
vn 0.9496 0.0374 -0.3111
vn 0.8994 -0.0996 -0.4256
vn 0.8381 -0.2673 -0.4756
vn 0.7750 -0.4402 -0.4535
vn 0.7198 -0.5921 -0.3625
vn 0.6808 -0.6997 -0.2167
vn 0.6640 -0.7468 -0.0381
vn 0.6719 -0.7261 0.1459
vn 0.7034 -0.6408 0.3075
vn 0.7536 -0.5039 0.4221
vn 0.2891 0.2731 0.9175
vn 0.1235 -0.1810 0.9757
vn 0.3537 0.5570 0.7514
vn 0.4350 0.7814 0.4475
vn 0.4700 0.8794 0.0755
vn 0.4534 0.8363 -0.3081
vn 0.3878 0.6586 -0.6448
vn 0.2832 0.3733 -0.8834
vn 0.1554 0.0239 -0.9876
vn 0.0239 -0.3364 -0.9414
vn -0.0912 -0.6529 -0.7520
vn -0.1724 -0.8772 -0.4481
vn -0.1696 -0.9772 -0.1281
vn -0.1487 -0.9229 0.3553
vn -0.1253 -0.7545 0.6443
vn -0.0206 -0.4692 0.8829
vn -0.9394 0.3429 0.0020
vn -0.9394 0.3429 0.0021
vn 0.9394 -0.3429 -0.0020
vn -0.9369 -0.3490 0.0220
vn -0.8908 -0.3997 0.2159
vn -0.9207 -0.3178 0.2264
vn -0.9397 -0.3413 0.0230
vn -0.9344 -0.3557 0.0180
vn -0.8647 -0.4716 0.1728
vn -0.9275 -0.3734 0.0186
vn -0.8462 -0.5226 0.1038
vn -0.9320 -0.3625 0.0036
vn -0.8383 -0.5449 0.0192
vn -0.9323 -0.3616 -0.0045
vn -0.8420 -0.5351 -0.0680
vn -0.9337 -0.3579 -0.0116
vn -0.8569 -0.4947 -0.1445
vn -0.9331 -0.3583 -0.0306
vn -0.8807 -0.4299 -0.1988
vn -0.9386 -0.3444 -0.0189
vn -0.9098 -0.3505 -0.2224
vn -0.9414 -0.3367 -0.0179
vn -0.9397 -0.2685 -0.2119
vn -0.9439 -0.3300 -0.0139
vn -0.9658 -0.1966 -0.1689
vn -0.9500 -0.3120 -0.0145
vn -0.9843 -0.1456 -0.0998
vn -0.9507 -0.3102 -0.0006
vn -0.9922 -0.1233 -0.0152
vn -0.9672 -0.2520 0.0331
vn -0.9885 -0.1331 0.0720
vn -0.9478 -0.3179 0.0246
vn -0.9736 -0.1735 0.1485
vn -0.9443 -0.3271 0.0347
vn -0.9498 -0.2384 0.2027
vn -0.7750 -0.4402 0.4535
vn -0.8381 -0.2673 0.4756
vn -0.7197 -0.5921 0.3625
vn -0.6808 -0.6997 0.2167
vn -0.6640 -0.7468 0.0381
vn -0.6719 -0.7261 -0.1459
vn -0.7034 -0.6408 -0.3076
vn -0.7536 -0.5039 -0.4221
vn -0.8150 -0.3362 -0.4720
vn -0.8780 -0.1633 -0.4499
vn -0.9333 -0.0114 -0.3590
vn -0.9723 0.0963 -0.2131
vn -0.9891 0.1433 -0.0346
vn -0.9811 0.1226 0.1495
vn -0.9496 0.0373 0.3111
vn -0.8994 -0.0995 0.4257
vn -0.0417 -0.3938 0.9182
vn -0.2073 0.0603 0.9764
vn 0.0912 -0.6529 0.7520
vn 0.1280 -0.8612 0.4919
vn 0.1721 -0.9848 0.0231
vn 0.1909 -0.9322 -0.3075
vn 0.1253 -0.7545 -0.6443
vn 0.0206 -0.4692 -0.8829
vn -0.1072 -0.1198 -0.9870
vn -0.2386 0.2406 -0.9408
vn -0.3537 0.5570 -0.7514
vn -0.4588 0.7405 -0.4911
vn -0.5029 0.8640 -0.0223
vn -0.4534 0.8363 0.3081
vn -0.3878 0.6586 0.6448
vn -0.2832 0.3733 0.8834
vn -0.0469 0.1344 0.9898
vn 0.1297 -0.3498 0.9278
vn 0.2247 -0.6109 0.7591
vn 0.2959 -0.8075 0.5103
vn 0.3429 -0.9393 0.0104
vn 0.3253 -0.8930 -0.3109
vn 0.2591 -0.7135 -0.6509
vn 0.1534 -0.4254 -0.8919
vn 0.0243 -0.0726 -0.9971
vn -0.1084 0.2914 -0.9504
vn -0.2247 0.6109 -0.7591
vn -0.2959 0.8075 -0.5103
vn -0.3429 0.9393 -0.0104
vn -0.3253 0.8930 0.3109
vn -0.2591 0.7135 0.6509
vn -0.1534 0.4254 0.8919
vn 0.9098 0.3505 0.2224
vn 0.9397 0.2685 0.2119
vn 0.9412 0.3374 0.0158
vn 0.9387 0.3442 0.0166
vn 0.9658 0.1966 0.1689
vn 0.9434 0.3314 0.0122
vn 0.9843 0.1456 0.0998
vn 0.9490 0.3151 0.0129
vn 0.9922 0.1233 0.0152
vn 0.9456 0.3253 -0.0006
vn 0.9885 0.1331 -0.0720
vn 0.9453 0.3262 -0.0079
vn 0.9736 0.1735 -0.1485
vn 0.9440 0.3295 -0.0142
vn 0.9498 0.2384 -0.2027
vn 0.9439 0.3287 -0.0315
vn 0.9207 0.3178 -0.2264
vn 0.9397 0.3415 -0.0207
vn 0.8909 0.3997 -0.2159
vn 0.9372 0.3483 -0.0198
vn 0.8647 0.4716 -0.1728
vn 0.9350 0.3543 -0.0162
vn 0.8462 0.5226 -0.1038
vn 0.9287 0.3704 -0.0170
vn 0.8383 0.5449 -0.0192
vn 0.9328 0.3604 -0.0035
vn 0.8420 0.5351 0.0680
vn 0.9331 0.3596 0.0038
vn 0.8569 0.4947 0.1445
vn 0.9343 0.3562 0.0101
vn 0.8807 0.4299 0.1988
vn 0.9338 0.3568 0.0275
vn 0.8150 0.3362 0.4720
vn 0.8780 0.1633 0.4499
vn 0.9333 0.0114 0.3590
vn 0.9723 -0.0962 0.2131
vn 0.9891 -0.1434 0.0346
vn 0.9811 -0.1227 -0.1495
vn 0.9496 -0.0374 -0.3111
vn 0.8994 0.0996 -0.4256
vn 0.8381 0.2673 -0.4756
vn 0.7750 0.4402 -0.4534
vn 0.7197 0.5921 -0.3625
vn 0.6808 0.6997 -0.2167
vn 0.6639 0.7468 -0.0381
vn 0.6719 0.7261 0.1459
vn 0.7034 0.6408 0.3075
vn 0.7536 0.5039 0.4220
vn 0.1235 0.1810 0.9757
vn 0.2892 -0.2730 0.9175
vn 0.3538 -0.5570 0.7514
vn 0.4588 -0.7405 0.4911
vn 0.5029 -0.8640 0.0223
vn 0.4534 -0.8363 -0.3081
vn 0.3878 -0.6586 -0.6449
vn 0.2832 -0.3733 -0.8834
vn 0.1554 -0.0239 -0.9876
vn 0.0239 0.3364 -0.9414
vn -0.0912 0.6529 -0.7519
vn -0.1280 0.8612 -0.4918
vn -0.1721 0.9848 -0.0230
vn -0.1909 0.9322 0.3076
vn -0.1253 0.7545 0.6442
vn -0.0206 0.4692 0.8829
vn -0.9394 -0.3429 0.0020
vn 0.9394 0.3429 -0.0020
vn -0.9372 -0.3483 0.0198
vn -0.9396 -0.3415 0.0207
vn -0.9350 -0.3543 0.0162
vn -0.9287 -0.3704 0.0170
vn -0.9328 -0.3604 0.0035
vn -0.9331 -0.3596 -0.0038
vn -0.9344 -0.3562 -0.0101
vn -0.9338 -0.3568 -0.0274
vn -0.9387 -0.3442 -0.0166
vn -0.9412 -0.3374 -0.0157
vn -0.9397 -0.2685 -0.2120
vn -0.9434 -0.3315 -0.0121
vn -0.9490 -0.3151 -0.0129
vn -0.9456 -0.3254 0.0006
vn -0.9453 -0.3262 0.0078
vn -0.9440 -0.3295 0.0142
vn -0.9439 -0.3287 0.0315
vn -0.7750 -0.4402 0.4534
vn -0.7034 -0.6408 -0.3075
vn -0.9723 0.0962 -0.2131
vn -0.8994 -0.0996 0.4256
vn -0.0239 -0.3364 0.9414
vn -0.1554 0.0239 0.9876
vn 0.1724 -0.8772 0.4481
vn 0.2074 -0.9753 0.0760
vn 0.1909 -0.9322 -0.3076
vn -0.2387 0.2406 -0.9408
vn -0.3538 0.5570 -0.7514
vn -0.4350 0.7814 -0.4475
vn -0.4700 0.8794 -0.0755
vn -0.4909 0.8328 0.2559
vn -0.4753 0.6114 0.6327
vn -0.3000 0.3137 0.9009
vn -0.0243 0.0726 0.9971
vn 0.1084 -0.2914 0.9504
vn 0.3067 -0.8375 0.4522
vn 0.3421 -0.9366 0.0765
vn -0.3067 0.8375 -0.4522
vn -0.3421 0.9366 -0.0765
vn -0.3318 0.9104 0.2473
vn -0.1327 0.3691 0.9199
vn 0.9413 0.3372 0.0164
vn 0.9387 0.3443 0.0173
vn 0.9435 0.3311 0.0126
vn 0.9492 0.3143 0.0133
vn 0.9458 0.3248 -0.0006
vn 0.9455 0.3256 -0.0081
vn 0.9474 0.3191 -0.0235
vn 0.9512 0.2868 -0.1140
vn 0.9396 0.3404 -0.0350
vn 0.9371 0.3485 -0.0204
vn 0.9348 0.3547 -0.0167
vn 0.9284 0.3712 -0.0174
vn 0.9326 0.3610 -0.0035
vn 0.9329 0.3601 0.0040
vn 0.9342 0.3567 0.0106
vn 0.9336 0.3572 0.0283
vn 0.9891 -0.1433 0.0346
vn 0.8381 0.2672 -0.4756
vn 0.6640 0.7468 -0.0381
vn 0.7536 0.5039 0.4221
vn 0.1072 0.1198 0.9870
vn 0.2386 -0.2406 0.9408
vn 0.4350 -0.7813 0.4476
vn 0.4700 -0.8794 0.0754
vn 0.4534 -0.8364 -0.3080
vn 0.3878 -0.6587 -0.6448
vn 0.2832 -0.3734 -0.8834
vn -0.0912 0.6529 -0.7520
vn -0.1724 0.8772 -0.4481
vn -0.2074 0.9753 -0.0760
vn -0.1601 0.9535 0.2552
vn -0.0280 0.7747 0.6317
vn 0.0308 0.4345 0.9002
vn -0.8909 0.3997 0.2159
vn -0.9396 0.3415 0.0207
vn -0.9328 0.3603 0.0035
vn -0.9397 0.2686 -0.2119
vn -0.9434 0.3314 -0.0122
vn -0.7198 0.5921 0.3625
vn -0.9891 -0.1434 -0.0346
vn -0.9811 -0.1227 0.1495
vn -0.9496 -0.0374 0.3111
vn -0.8994 0.0996 0.4256
vn -0.1713 0.0384 0.9845
vn -0.0239 0.3364 0.9414
vn 0.0418 0.6234 0.7808
vn 0.1442 0.9060 0.3979
vn 0.1909 0.9322 -0.3076
vn 0.0206 0.4692 -0.8829
vn -0.2386 -0.2406 -0.9408
vn -0.3537 -0.5570 -0.7514
vn -0.4700 -0.8794 -0.0755
vn -0.4534 -0.8364 0.3080
vn -0.3878 -0.6586 0.6448
vn -0.3323 -0.4019 0.8533
vn -0.0016 -0.0104 0.9999
vn 0.1084 0.2914 0.9504
vn 0.2071 0.5624 0.8005
vn 0.3162 0.8638 0.3922
vn -0.3421 -0.9366 -0.0765
vn -0.3253 -0.8930 0.3109
vn -0.1733 -0.4799 0.8600
vn 0.9412 -0.3374 0.0158
vn 0.9397 -0.2685 0.2119
vn 0.9387 -0.3442 0.0166
vn 0.9434 -0.3314 0.0122
vn 0.9490 -0.3151 0.0129
vn 0.9456 -0.3254 -0.0006
vn 0.9453 -0.3262 -0.0079
vn 0.9440 -0.3295 -0.0142
vn 0.9439 -0.3287 -0.0315
vn 0.9396 -0.3415 -0.0207
vn 0.9372 -0.3483 -0.0198
vn 0.9350 -0.3543 -0.0162
vn 0.9287 -0.3704 -0.0170
vn 0.9328 -0.3604 -0.0035
vn 0.9331 -0.3596 0.0038
vn 0.9344 -0.3562 0.0101
vn 0.9338 -0.3568 0.0274
vn 0.8150 -0.3362 0.4720
vn 0.7750 -0.4402 -0.4534
vn 0.7197 -0.5921 -0.3625
vn 0.7034 -0.6408 0.3076
vn 0.7536 -0.5039 0.4220
vn 0.2386 0.2406 0.9408
vn 0.1595 -0.0824 0.9838
vn 0.3726 0.5026 0.7801
vn 0.4750 0.7853 0.3972
vn -0.2074 -0.9753 -0.0760
vn -0.1909 -0.9322 0.3075
vn -0.0015 -0.5227 0.8525
vn 0.9616 0.2743 -0.0110
vn 0.9437 0.2314 -0.2362
vn 0.9225 0.3790 -0.0733
vn 0.9320 0.3519 0.0866
vn 0.9597 0.1811 0.2150
vn 0.1818 -0.0205 0.9831
vn -0.0164 0.3286 0.9443
vn -0.0884 -0.0507 0.9948
vn -0.1659 0.9824 0.0854
vn -0.2371 0.9380 -0.2527
vn -0.4334 0.9011 0.0124
vn -0.1517 0.7066 -0.6911
vn 0.0146 0.5229 -0.8523
vn -0.2629 0.4382 -0.8596
vn 0.1549 0.1287 -0.9795
vn 0.3357 -0.6117 -0.7163
vn 0.4754 -0.7648 -0.4349
vn 0.2254 -0.8628 -0.4526
vn -0.9581 -0.1655 0.2339
vn -0.9648 -0.2631 0.0040
vn -0.9232 -0.3697 0.1054
vn -0.2445 0.2397 0.9396
vn -0.4863 0.8213 -0.2983
vn -0.1713 -0.0384 -0.9845
vn 0.1823 -0.9808 -0.0697
vn 0.4405 -0.8871 -0.1379
vn -0.9453 -0.3006 -0.1266
vn -0.9114 -0.4102 -0.0329
vn 0.9615 -0.1718 -0.2143
vn 0.9676 -0.2525 0.0068
vn 0.9314 -0.3546 -0.0817
vn -0.1223 -0.6930 0.7105
vn -0.4108 -0.7639 0.4978
vn -0.1738 -0.8740 0.4537
vn -0.0274 -0.4160 -0.9090
vn -0.1560 -0.0849 -0.9841
vn 0.0884 -0.0507 -0.9948
vn 0.2476 0.2391 -0.9389
vn -0.0199 0.2730 -0.9618
vn 0.4377 0.8255 0.3564
vn 0.1559 0.7839 0.6010
vn 0.3936 0.6546 0.6455
vn 0.0129 0.4120 0.9111
vn -0.1053 0.1256 0.9865
vn 0.1576 0.0897 0.9834
vn -0.3886 -0.5340 0.7509
vn -0.4598 -0.8878 0.0218
vn -0.4671 -0.8295 -0.3063
vn -0.2099 -0.9458 -0.2478
vn 0.1386 0.6859 -0.7144
vn 0.1503 0.8824 -0.4458
vn 0.4113 0.7590 -0.5047
vn 0.9256 -0.3678 0.0891
vn 0.7934 0.6058 -0.0594
vn 0.9112 0.4088 0.0505
vn 0.9258 0.3714 -0.0703
vn -0.2656 0.9611 0.0755
vn -0.1573 0.9390 -0.3058
vn -0.4401 0.8614 -0.2535
vn 0.0082 0.4713 -0.8819
vn 0.0995 0.1677 -0.9808
vn -0.2244 0.3981 -0.8895
vn 0.2995 -0.2606 -0.9178
vn 0.0131 -0.3834 -0.9235
vn -0.9956 -0.0619 -0.0698
vn -0.9607 -0.2741 0.0444
vn -0.9872 -0.0703 0.1432
vn -0.7258 -0.6876 -0.0178
vn -0.8913 -0.4478 -0.0704
vn -0.6659 -0.7125 -0.2212
vn -0.8155 -0.4676 0.3410
vn -0.9090 -0.4109 0.0696
vn -0.6918 -0.6487 0.3173
vn -0.2733 0.2259 0.9350
vn -0.0534 -0.0991 0.9936
vn 0.0238 0.2783 0.9602
vn -0.4875 0.8697 0.0778
vn -0.3901 0.8032 0.4502
vn -0.2076 0.0594 -0.9764
vn 0.3009 -0.5834 -0.7544
vn 0.0499 -0.6598 -0.7498
vn 0.1909 -0.9322 0.3075
vn 0.2488 -0.9684 -0.0175
vn 0.4305 -0.8653 0.2568
vn 0.7515 -0.5818 0.3111
vn 0.9037 -0.4147 0.1066
vn 0.7611 -0.4503 0.4669
vn -0.0267 -0.3762 0.9261
vn -0.3110 -0.5301 0.7888
vn -0.0912 -0.6529 0.7520
vn -0.2051 -0.9107 -0.3586
vn -0.3298 -0.6854 -0.6492
vn -0.1253 -0.7545 -0.6443
vn -0.0784 -0.4506 -0.8893
vn -0.1444 -0.0877 -0.9856
vn 0.1729 -0.1315 -0.9761
vn 0.4375 0.8991 -0.0164
vn 0.2290 0.9395 0.2548
vn 0.4759 0.8242 0.3070
vn -0.9299 0.3537 0.1012
vn -0.8269 0.5414 0.1522
vn -0.9119 0.4094 -0.0297
vn 0.0130 0.4209 0.9070
vn -0.1585 0.1298 0.9788
vn 0.1531 0.0863 0.9844
vn -0.4331 -0.8065 0.4025
vn -0.4700 -0.8794 0.0755
vn -0.2235 -0.9655 0.1336
vn -0.2831 -0.3733 -0.8834
vn 0.0104 0.3822 -0.9240
vn 0.0689 0.6545 -0.7529
vn 0.3014 0.5341 -0.7899
vn 0.2075 0.9753 -0.0760
vn 0.9570 -0.2836 0.0608
vn 0.9151 -0.4002 -0.0483
vn -0.9579 0.2674 -0.1046
vn -0.9675 0.2508 0.0315
vn 0.8423 0.3455 -0.4137
vn 0.8380 0.2636 0.4777
vn 0.7838 0.4550 0.4226
vn 0.9974 -0.0297 0.0660
vn 0.7831 0.5786 0.2279
vn 0.6571 0.7511 0.0636
vn 0.9024 0.4308 0.0092
vn 0.7312 0.6684 -0.1362
vn 0.7566 0.6090 -0.2381
vn 0.7546 0.5065 -0.4172
vn 0.9835 -0.0258 -0.1791
vn -0.0803 0.6511 0.7547
vn -0.3529 0.5160 0.7805
vn 0.3683 -0.6296 0.6840
vn 0.3120 -0.3604 0.8791
vn 0.0780 -0.5057 0.8592
vn -0.9843 0.1195 0.1302
vn -0.9932 0.0098 -0.1159
vn -0.9736 -0.0410 -0.2244
vn -0.8812 -0.0703 -0.4674
vn -0.7818 -0.5069 0.3632
vn -0.8563 -0.3263 0.4004
vn -0.3878 0.6586 -0.6448
vn 0.0723 -0.6577 -0.7498
vn 0.1200 -0.7559 0.6436
vn 0.8821 -0.4708 0.0168
vn 0.8069 -0.5679 -0.1621
vn 0.9891 0.0907 -0.1163
vn 0.7653 -0.4418 0.4681
vn 0.7743 -0.5689 0.2772
vn 0.9906 0.0493 0.1278
vn -0.2100 -0.9752 0.0699
vn 0.4203 0.5330 -0.7344
vn 0.3147 0.3592 0.8786
vn -0.9599 0.2794 -0.0245
vn -0.9763 0.1162 -0.1824
vn -1.0000 -0.0079 0.0036
vn -0.9805 0.1082 0.1639
vn -0.9268 0.2731 -0.2577
vn -0.7188 0.5873 -0.3720
vn -0.7679 0.4431 -0.4627
vn -0.9142 0.3904 -0.1091
vn -0.6795 0.7186 0.1477
vn -0.6763 0.7361 -0.0278
vn -0.9020 0.4313 0.0204
vn -0.3115 -0.3642 -0.8777
vn 0.1627 0.9359 0.3124
vn -0.9368 0.3240 0.1322
vn 0.7263 0.6656 0.1715
vn 0.7269 0.5869 0.3565
vn 0.7102 0.6371 -0.2996
vn 0.7574 0.4984 -0.4219
vn 0.9977 -0.0295 0.0618
vn 0.9789 -0.0583 -0.1960
vn 0.9594 0.2782 -0.0465
vn 0.9139 0.1564 0.3747
vn 0.9612 -0.0188 0.2751
vn 0.9524 0.2935 0.0819
vn 0.1601 -0.0207 0.9869
vn -0.1280 0.6842 0.7179
vn -0.1724 0.8772 0.4481
vn -0.1334 0.7156 -0.6856
vn 0.5048 -0.7423 -0.4406
vn 0.1943 -0.8422 -0.5030
vn 0.4828 -0.8720 -0.0807
vn 0.2268 -0.3396 0.9128
vn -0.9483 0.3120 0.0586
vn -0.9538 0.0225 -0.2995
vn -0.9110 -0.1544 -0.3824
vn -0.9434 -0.3165 -0.0996
vn -0.8392 -0.4877 -0.2406
vn 0.0206 -0.4692 0.8829
vn -0.3859 0.5396 0.7483
vn -0.4097 0.6516 -0.6384
vn 0.9631 -0.2585 -0.0746
vn 0.9976 -0.0449 0.0534
vn 0.8890 -0.3571 -0.2867
vn 0.8904 -0.2932 0.3483
vn 0.9506 0.0340 0.3084
vn 0.9057 -0.1017 0.4116
vn -0.1689 -0.8780 0.4480
vn 0.2611 0.2206 -0.9397
vn 0.2959 0.3664 0.8822
vn -0.7705 0.4908 0.4068
vn -0.9394 0.1415 0.3123
vn -0.8245 0.3090 0.4740
vn -0.9974 -0.0716 0.0091
vn -0.9733 -0.0651 0.2203
vn -0.9205 0.1672 -0.3533
vn -0.9382 -0.0750 -0.3380
vn -0.7307 0.6826 -0.0115
vn -0.7494 0.6303 -0.2026
vn -0.2507 -0.2299 0.9404
vn -0.4534 -0.8363 -0.3081
vn 0.9262 -0.1439 0.3485
vn -0.8423 -0.4751 -0.2548
vn -0.6739 -0.7057 -0.2187
vn -0.6730 -0.7388 -0.0354
vn -0.4638 0.7602 0.4550
vn 0.8426 -0.2666 0.4680
vn 0.7539 -0.5063 -0.4186
vn 0.8552 -0.3194 -0.4082
vn 0.4815 0.8737 -0.0697
vn -0.8218 0.5171 0.2395
vn -0.8472 0.0025 -0.5313
vn -0.9379 -0.2928 -0.1860
vn -0.7830 0.6035 -0.1506
vn 0.8730 0.3833 0.3016
vn 0.9092 0.3127 -0.2749
vn 0.9480 0.1878 -0.2568
vn -0.9307 -0.2810 0.2340
vn -0.8872 0.0743 0.4553
vn -0.7302 -0.6757 0.1013
vn 0.7951 -0.6036 0.0589
vn 0.6928 -0.7083 -0.1352
vn 0.7586 -0.5884 -0.2798
vn 0.9075 -0.0903 -0.4102
vn -0.8890 0.3923 -0.2360
vn 0.9483 0.0186 -0.3169
vn -0.1619 0.8821 0.4423
vn 0.2778 -0.2225 -0.9345
vn 0.4618 -0.8298 0.3133
vn -0.8835 -0.2034 0.4219
vn -0.7983 -0.5899 0.1212
vn -0.8626 -0.3066 -0.4024
vn -0.8099 -0.4185 -0.4109
vn -0.7193 -0.6194 0.3146
vn -0.0277 -0.3388 -0.9405
vn 0.1607 -0.9384 0.3060
vn 0.7532 -0.6480 0.1129
vn 0.9535 -0.1752 0.2454
vn 0.6894 -0.7177 -0.0979
vn 0.8839 -0.1903 -0.4272
vn 0.9624 0.0236 0.2708
vn 0.0239 -0.3365 0.9414
vn -0.1001 -0.7604 -0.6416
vn -0.8848 0.2701 0.3798
vn -0.9307 0.0660 0.3598
vn -0.7861 0.4591 0.4139
vn -0.2407 -0.2461 0.9389
vn -0.4116 -0.6466 -0.6422
vn 0.1953 0.9776 -0.0789
vn 0.6852 0.7259 0.0597
vn 0.8581 0.2550 0.4456
vn 0.4271 -0.6456 0.6331
vn -0.8779 -0.3902 -0.2776
vn -0.8522 -0.2525 -0.4582
vn -0.8383 -0.3713 0.3993
vn 0.1253 -0.7545 0.6442
vn 0.6962 -0.6795 0.2315
vn 0.7649 -0.5136 -0.3889
vn 0.9824 0.0310 -0.1843
vn 0.9938 0.0994 -0.0501
vn 0.4657 0.7606 -0.4524
vn 0.4070 0.6525 0.6392
vn 0.0821 0.7622 0.6421
vn -0.9910 -0.0646 -0.1173
vn -0.8747 0.2617 -0.4080
vn -0.7497 0.5792 -0.3201
vn -0.7078 0.6978 0.1103
vn 0.1724 0.8772 -0.4481
vn 0.0094 -0.9987 -0.0508
vn 0.0030 -1.0000 0.0089
vn 0.0010 -0.9999 -0.0144
vn 0.0875 -0.0010 0.9962
vn 0.1629 -0.0005 0.9866
vn 0.1680 0.0003 0.9858
vn 0.9873 0.0105 -0.1588
vn 0.9888 -0.0020 -0.1493
vn 1.0000 0.0012 0.0048
vn 0.9822 0.0131 -0.1876
vn 0.9835 -0.0090 -0.1807
vn 0.9752 0.1562 -0.1570
vn 0.9818 0.0625 -0.1794
vn 0.9900 0.0550 -0.1301
vn -0.1068 0.0005 -0.9943
vn 0.0280 0.0138 -0.9995
vn -0.1123 0.0063 -0.9937
vn -0.1588 0.0002 -0.9873
vn -0.1686 -0.0002 -0.9857
vn -0.9864 -0.0386 0.1601
vn -0.9819 -0.1013 0.1604
vn -0.9776 -0.0450 0.2057
vn 0.1609 -0.0583 0.9852
vn 0.1676 -0.0012 0.9858
vn 0.1445 -0.0675 0.9872
vn 0.0580 -0.0696 0.9959
vn -0.0963 0.0659 -0.9932
vn 0.0214 0.0708 -0.9973
vn 0.1584 0.2545 -0.9540
vn 0.2873 -0.0044 0.9578
vn 0.1975 -0.0165 0.9802
vn 0.1862 -0.5811 0.7923
vn 0.1423 0.9898 -0.0019
vn 0.0368 0.9993 0.0086
vn 0.0842 0.9491 0.3036
vn 0.1697 -0.3075 0.9363
vn 0.1393 -0.6138 0.7771
vn 0.5106 0.0114 0.8597
vn 0.2147 0.6028 0.7684
vn 0.0646 0.9974 -0.0315
vn 0.2313 0.9698 -0.0772
vn -0.0503 0.7378 -0.6731
vn 0.9522 -0.0255 -0.3045
vn 0.5475 -0.0240 -0.8364
vn 0.8854 0.0080 -0.4647
vn 0.1758 -0.0127 -0.9843
vn -0.0493 -0.0359 -0.9981
vn -0.0595 0.0142 -0.9981
vn -0.6272 -0.0744 0.7753
vn -0.9687 -0.1175 0.2186
vn -0.9785 -0.0031 0.2062
vn -0.9800 -0.0169 0.1982
vn -0.8363 -0.0155 0.5481
vn -0.7419 -0.0036 0.6705
vn -0.9387 0.0035 0.3447
vn -0.3054 -0.0017 0.9522
vn -0.2445 -0.0048 0.9696
vn -0.1975 -0.0056 0.9803
vn -0.8762 -0.2560 0.4083
vn -0.4093 -0.3460 0.8442
vn -0.4866 -0.1273 0.8643
vn 0.0481 -0.2116 0.9762
vn -0.2816 -0.6485 0.7072
vn -0.0567 -0.7494 0.6596
vn 0.7405 0.0998 0.6646
vn 0.7024 0.1937 0.6850
vn 0.9553 0.2912 0.0513
vn 0.6042 0.1238 -0.7871
vn 0.6129 0.2169 -0.7598
vn 0.1613 0.0490 -0.9857
vn 0.5797 0.3799 -0.7208
vn -0.0264 0.1434 -0.9893
vn -0.4162 -0.0608 -0.9072
vn -0.8658 -0.1945 -0.4610
vn -0.7473 -0.0591 -0.6618
vn -0.4644 -0.2078 -0.8609
vn -0.7701 -0.4565 -0.4456
vn -0.9934 -0.1044 0.0483
vn -0.2667 -0.6878 -0.6752
vn -0.4963 -0.6984 -0.5157
vn -0.3489 -0.2943 -0.8898
vn -0.1758 -0.1249 -0.9765
vn -0.1808 -0.0187 -0.9833
vn -0.1673 -0.0024 -0.9859
vn 0.9836 -0.0136 -0.1796
vn 0.9807 0.0035 -0.1952
vn 0.8522 -0.4901 -0.1835
vn 0.9750 -0.1591 -0.1551
vn 0.2295 0.0150 0.9732
vn 0.2824 0.0095 -0.9592
vn 0.7168 0.4136 -0.5613
vn -0.1347 0.0236 -0.9906
vn -0.1269 -0.0289 -0.9915
vn -0.1171 -0.0507 -0.9918
vn -0.1255 -0.0117 -0.9920
vn -0.1751 0.0005 -0.9846
vn -0.1682 0.0011 -0.9857
vn -0.0390 -0.0483 -0.9981
vn -0.0189 -0.0512 -0.9985
vn 0.4527 -0.5207 -0.7238
vn 0.4834 0.8729 -0.0660
vn 0.6040 0.7884 -0.1163
vn 0.6157 0.7830 -0.0887
vn 0.4887 0.8663 -0.1037
vn 0.3060 0.9496 -0.0683
vn 0.0524 0.9926 -0.1094
vn 0.3010 0.9204 -0.2495
vn -0.0884 -0.9961 0.0066
vn -0.2106 -0.9762 0.0519
vn -0.2346 -0.9719 0.0213
vn -0.0842 -0.9959 0.0320
vn -0.0182 -0.9996 0.0212
vn 0.0305 -0.9821 0.1858
vn 0.0308 -0.9889 0.1453
vn 0.9683 0.1673 -0.1856
vn 0.8623 0.4787 -0.1649
vn 0.9426 0.2801 -0.1815
vn 0.9432 0.2979 -0.1472
vn 0.3092 0.9506 -0.0286
vn 0.9125 0.3905 -0.1221
vn 0.6817 0.7178 -0.1415
vn 0.6152 0.7405 0.2705
vn 0.9885 -0.0037 -0.1512
vn 0.9989 -0.0220 -0.0406
vn 0.2223 -0.0636 -0.9729
vn -0.0032 -1.0000 -0.0026
vn 0.1039 -0.7868 0.6084
vn 0.0636 -0.8070 0.5871
vn -0.0201 -0.9829 0.1829
vn 0.0247 -0.8262 0.5629
vn -0.0734 -0.9842 0.1610
vn 0.1086 -0.2709 0.9565
vn 0.1386 -0.2385 0.9612
vn 0.1507 -0.2927 0.9443
vn 0.1662 0.3211 0.9323
vn 0.0841 0.9097 0.4065
vn 0.1778 0.2959 0.9385
vn -0.0061 0.6694 -0.7429
vn -0.0339 0.8666 -0.4978
vn -0.0804 0.2590 -0.9625
vn -0.0451 0.9111 -0.4098
vn 0.0016 0.9917 -0.1282
vn -0.0031 0.9829 -0.1839
vn 0.0237 0.9606 -0.2768
vn 0.0088 -0.9531 -0.3026
vn 0.0128 -0.4455 -0.8952
vn -0.0838 -0.4754 -0.8758
vn -0.1226 -0.3985 -0.9090
vn -0.1415 -0.2191 -0.9654
vn -0.0783 -0.8086 -0.5831
vn -0.0805 -0.7798 -0.6208
vn -0.1147 -0.0116 -0.9933
vn -0.0059 -0.0397 -0.9992
vn -0.0022 0.0093 -1.0000
vn -0.0883 0.0289 -0.9957
vn -0.1317 0.0304 -0.9908
vn 0.0105 0.9995 -0.0294
vn 0.0303 -0.9994 0.0169
vn 0.1727 -0.0111 0.9849
vn 0.1682 -0.1616 0.9724
vn 0.1746 0.0179 0.9845
vn -0.0215 -0.9714 -0.2363
vn 0.3212 0.0129 -0.9469
vn 0.3061 0.6568 -0.6892
vn 0.1741 0.2113 -0.9618
vn 0.4370 0.2274 -0.8702
vn 0.1078 0.8301 -0.5471
vn 0.0107 0.2217 -0.9751
vn 0.2353 0.7080 -0.6658
vn 0.0777 0.9648 -0.2513
vn 0.0149 -0.9388 -0.3440
vn 0.0087 -0.6319 -0.7750
vn 0.1087 -0.6653 -0.7386
vn 0.0531 -0.9621 -0.2674
vn 0.1022 -0.7811 -0.6160
vn 0.1506 -0.2662 -0.9521
vn 0.1666 -0.1474 -0.9750
vn 0.0455 -0.1192 -0.9918
vn 0.2115 -0.0244 -0.9771
vn 0.8010 0.0013 0.5987
vn 0.9988 -0.0152 0.0455
vn 0.9177 0.0178 0.3969
vn 0.9989 0.0248 0.0396
vn 0.8457 0.0423 0.5321
vn 0.9870 0.1563 0.0379
vn 0.4571 0.0045 0.8894
vn 0.0835 0.0031 -0.9965
vn 0.7618 0.0036 -0.6478
vn 0.7449 0.0105 -0.6671
vn 0.9439 0.1518 -0.2932
vn 0.5608 0.0531 -0.8262
vn 0.9538 0.0621 -0.2940
vn -0.9983 -0.0047 0.0583
vn -0.9160 -0.0030 -0.4012
vn -0.8452 -0.0137 -0.5342
vn -0.9981 -0.0445 0.0418
vn -0.7951 -0.0296 -0.6058
vn -0.9988 -0.0166 0.0457
vn -0.3613 -0.0013 -0.9324
vn -0.6390 0.0006 -0.7692
vn 0.1711 0.0001 0.9853
vn 0.3305 0.0107 0.9438
vn 0.3045 0.0025 0.9525
vn -0.1801 -0.0000 -0.9837
vn -0.1749 0.0001 -0.9846
vn -0.9839 0.0020 0.1788
vn -0.9865 -0.0028 0.1639
vn 0.0022 0.9999 -0.0126
vn -0.0040 0.9924 -0.1228
vn -0.0186 0.9688 -0.2472
vn -0.1536 -0.0064 -0.9881
vn -0.0183 -0.0531 -0.9984
vn -0.9943 0.0065 -0.1069
vn -0.9893 0.0045 0.1457
vn 0.9815 -0.0060 -0.1913
vn 0.9791 -0.1330 -0.1540
vn 0.9598 -0.2020 -0.1948
vn 0.0265 0.0132 0.9996
vn 0.1646 0.0010 0.9864
vn 0.1390 0.0124 0.9902
vn -0.1663 0.0023 -0.9861
vn -0.0824 -0.0825 -0.9932
vn -0.8274 0.5473 0.1260
vn -0.9621 0.2268 0.1517
vn -0.9538 0.2423 0.1779
vn 0.1360 0.6932 0.7078
vn 0.0752 0.9377 0.3391
vn 0.0377 0.9747 0.2204
vn 0.1226 0.6985 0.7050
vn 0.2922 -0.0214 0.9561
vn 0.2054 -0.0089 0.9786
vn 0.1684 -0.4253 0.8893
vn 0.2129 0.0188 0.9769
vn 0.9290 0.0358 0.3685
vn 0.7713 -0.0443 0.6350
vn 0.9993 -0.0145 0.0341
vn 0.3169 -0.9484 0.0119
vn 0.2718 -0.9592 -0.0775
vn 0.0941 -0.9948 -0.0399
vn -0.0555 -0.6307 -0.7741
vn 0.6064 -0.2302 -0.7611
vn 0.8419 -0.5089 -0.1795
vn -0.1831 0.2956 -0.9376
vn -0.1905 0.7846 -0.5900
vn -0.1149 0.8312 -0.5440
vn -0.1449 0.2692 -0.9521
vn -0.0619 0.8379 -0.5422
vn -0.0888 0.2956 -0.9512
vn -0.0064 0.8029 -0.5961
vn -0.0562 0.0160 -0.9983
vn 0.1449 0.0014 -0.9894
vn -0.1081 -0.0215 -0.9939
vn 0.8355 -0.0293 -0.5487
vn 0.5113 0.0151 -0.8593
vn 0.7788 0.0109 -0.6272
vn 0.7648 0.3183 -0.5602
vn 0.3187 0.9469 -0.0431
vn 0.8507 0.5096 -0.1291
vn 0.8400 0.5120 -0.1794
vn -0.0667 0.0094 0.9977
vn -0.7236 0.0328 0.6894
vn -0.6914 0.0129 0.7223
vn -0.0304 0.0031 0.9995
vn -0.3794 0.0017 0.9252
vn -0.9507 0.0176 0.3097
vn -0.9474 0.0441 0.3169
vn -0.5341 0.0674 0.8427
vn -0.9356 0.1066 0.3366
vn -0.4034 0.1327 0.9053
vn -0.9088 0.2495 0.3345
vn -0.5250 0.4089 0.7464
vn 0.0135 0.1044 0.9944
vn 0.4012 -0.0245 0.9157
vn 0.8478 -0.1313 0.5138
vn 0.7241 -0.1768 0.6666
vn 0.2904 -0.0206 0.9567
vn 0.6596 -0.2723 0.7006
vn 0.9554 -0.2953 0.0015
vn 0.5121 -0.3480 -0.7852
vn 0.6205 -0.2324 -0.7490
vn 0.2188 -0.1456 -0.9648
vn -0.8757 0.0813 -0.4760
vn -0.9062 0.1837 -0.3810
vn -0.4315 0.0731 -0.8992
vn -0.7656 0.4584 -0.4514
vn -0.4640 0.2094 -0.8607
vn -0.3489 0.2951 -0.8895
vn -0.4952 0.6985 -0.5167
vn -0.2703 0.6777 -0.6839
vn -0.9990 0.0435 0.0083
vn -0.9854 0.1037 0.1347
vn 0.9588 0.0114 -0.2838
vn 0.9839 0.0213 -0.1777
vn 0.2342 -0.1005 0.9670
vn 0.1701 -0.0001 0.9854
vn 0.2962 -0.0956 0.9503
vn -0.1783 0.0013 -0.9840
vn -0.1972 0.0258 -0.9800
vn -0.1694 0.0137 -0.9855
vn 0.9979 0.0058 -0.0651
vn 0.5022 0.0102 0.8647
vn 0.2966 0.0288 0.9546
vn -0.0388 0.0475 -0.9981
vn 0.1155 0.0504 -0.9920
vn 0.2521 0.0607 -0.9658
vn 0.1687 0.0034 0.9857
vn 0.0056 -0.9999 -0.0135
vn 0.0064 -1.0000 0.0038
vn 0.0397 -0.9992 0.0094
vn 0.3468 -0.6746 -0.6516
vn 0.2924 -0.9534 -0.0747
vn 0.3455 -0.9038 -0.2525
vn -0.0843 0.9959 0.0329
vn -0.0220 0.9996 0.0153
vn -0.0889 0.9960 0.0064
vn 0.9889 -0.0038 -0.1485
vn -0.2108 0.9762 0.0517
vn -0.4905 0.8688 0.0679
vn -0.5282 0.8415 0.1138
vn 0.0333 -0.9992 0.0241
vn 0.1642 -0.9864 0.0053
vn 0.0207 0.9997 -0.0129
vn 0.0962 0.9954 -0.0007
vn 0.1124 0.9928 -0.0422
vn 0.9889 0.0036 -0.1485
vn 0.9711 0.1882 -0.1468
vn 0.1817 -0.1606 -0.9702
vn -0.0325 -0.0527 -0.9981
vn 0.0983 0.0671 -0.9929
vn -0.0035 1.0000 -0.0030
vn 0.0028 0.9999 0.0106
vn -0.0501 0.9987 -0.0083
vn 0.0064 0.5812 0.8138
vn 0.0815 0.5797 0.8107
vn -0.0689 0.9801 0.1861
vn 0.1131 0.5900 0.7994
vn -0.0095 0.9756 0.2193
vn 0.1755 -0.1222 0.9769
vn 0.1751 -0.2200 0.9596
vn -0.0852 -0.2859 -0.9545
vn -0.0615 -0.7589 -0.6483
vn 0.0059 -0.7929 -0.6093
vn -0.0295 -0.9235 -0.3825
vn -0.0014 -0.9940 -0.1094
vn -0.0018 -0.9776 -0.2103
vn -0.0897 -0.7029 -0.7056
vn -0.1136 -0.4155 -0.9025
vn -0.0791 -0.7675 -0.6362
vn -0.0870 0.5731 -0.8148
vn 0.0019 0.4947 -0.8690
vn -0.0885 0.7636 -0.6396
vn -0.0959 0.7036 -0.7041
vn 0.0046 0.0347 -0.9994
vn -0.0829 0.0298 -0.9961
vn -0.0018 -0.0103 -0.9999
vn -0.1224 -0.0076 -0.9925
vn -0.1341 0.0129 -0.9909
vn 0.0149 -0.9995 -0.0280
vn 0.3257 -0.1278 -0.9368
vn 0.3048 0.0178 -0.9523
vn 0.1803 -0.0045 -0.9836
vn 0.3961 0.0020 -0.9182
vn 0.3349 -0.0334 -0.9417
vn 0.0127 0.9933 -0.1151
vn 0.0457 0.9509 -0.3062
vn 0.0217 0.9954 0.0931
vn 0.0584 -0.9850 0.1623
vn 0.0824 -0.8921 0.4442
vn 0.1765 -0.5012 0.8471
vn 0.2507 -0.7374 -0.6272
vn 0.2839 -0.8177 -0.5007
vn 0.0443 -0.9769 -0.2092
vn 0.1187 -0.7546 -0.6454
vn 0.0784 -0.9793 -0.1867
vn 0.0076 -0.2240 -0.9746
vn 0.1519 -0.2163 -0.9644
vn 0.0408 0.9473 -0.3177
vn 0.1126 0.7689 -0.6294
vn 0.1309 0.5768 -0.8063
vn 0.1759 -0.0054 0.9844
vn 0.2461 0.0440 -0.9682
vn 0.0611 0.0642 -0.9961
vn 0.1433 0.0306 -0.9892
vn 0.0081 -0.9999 -0.0123
vn 0.8211 -0.0155 0.5706
vn 0.8050 -0.0036 0.5932
vn 0.4832 -0.0016 0.8755
vn 0.7897 -0.0495 0.6115
vn 0.9887 -0.1490 -0.0149
vn 0.9981 -0.0623 0.0014
vn 0.9373 -0.1523 -0.3134
vn 0.5441 -0.0414 -0.8380
vn 0.5131 -0.1148 -0.8506
vn 0.9569 -0.0621 -0.2836
vn 0.7489 -0.0202 -0.6624
vn 0.0674 -0.0060 -0.9977
vn -0.9911 0.0179 0.1318
vn -0.8783 0.0112 -0.4780
vn -0.7374 0.0026 -0.6755
vn -0.4061 0.0117 -0.9138
vn -0.9292 0.0271 -0.3685
vn 0.1720 0.0001 0.9851
vn 0.2736 0.0011 0.9618
vn 0.3239 -0.0030 0.9461
vn 0.1712 -0.0000 0.9852
vn -0.1792 0.0015 -0.9838
vn -0.0112 -0.9982 -0.0584
vn -0.0005 -0.9999 -0.0114
vn -0.0100 -0.9999 0.0091
vn -0.9998 -0.0003 0.0223
vn -0.9874 0.0124 -0.1576
vn -0.9976 0.0049 0.0689
vn -0.9829 0.0008 -0.1842
vn -0.9868 -0.0106 -0.1619
vn -0.9754 0.1562 -0.1559
vn -0.9923 0.0617 -0.1073
vn -0.9819 0.0657 -0.1774
vn 0.1669 0.0006 -0.9860
vn 0.0592 0.0150 -0.9981
vn 0.1616 0.0005 -0.9869
vn 0.1646 -0.0000 -0.9864
vn 0.0389 0.0031 -0.9992
vn 0.9925 -0.0167 0.1210
vn 0.9893 -0.0049 0.1461
vn 0.9793 -0.0162 0.2017
vn -0.8416 0.5150 -0.1630
vn -0.9802 0.0168 -0.1973
vn -0.9763 0.1492 -0.1570
vn -0.1680 -0.0019 0.9858
vn -0.1647 -0.0535 0.9849
vn -0.1409 -0.0854 0.9863
vn 0.1586 -0.0040 -0.9873
vn 0.0886 0.0630 -0.9941
vn 0.1775 -0.0017 -0.9841
vn -0.9608 0.0251 0.2761
vn -0.9976 0.0068 -0.0691
vn -0.9348 -0.0219 0.3544
vn -0.5276 0.0062 0.8495
vn -0.4074 0.5842 -0.7020
vn -0.1038 0.2937 -0.9502
vn -0.2560 -0.0529 -0.9652
vn 0.2189 -0.2703 -0.9376
vn 0.2717 -0.7586 -0.5921
vn 0.1906 -0.6487 -0.7368
vn -0.7009 0.0060 -0.7132
vn -0.1917 -0.0877 -0.9775
vn -0.7819 -0.0214 -0.6230
vn -0.7375 -0.6688 -0.0935
vn -0.9580 -0.2413 -0.1550
vn -0.8081 -0.5606 -0.1808
vn 0.7040 -0.0305 0.7095
vn 0.9746 -0.0425 0.2199
vn 0.9456 -0.0035 0.3253
vn 0.6652 -0.0157 0.7465
vn 0.5303 -0.0025 0.8478
vn 0.9164 -0.1065 0.3857
vn 0.5290 -0.0593 0.8466
vn 0.3809 -0.1393 0.9140
vn 0.8837 -0.2601 0.3890
vn 0.4557 -0.3349 0.8248
vn -0.4568 0.0308 0.8891
vn -0.8730 0.1369 0.4682
vn -0.7501 0.1908 0.6332
vn -0.3139 0.0581 0.9477
vn -0.3224 0.1476 0.9350
vn -0.2185 0.0290 0.9754
vn -0.2826 0.0209 0.9590
vn -0.6624 0.2746 0.6970
vn -0.9564 0.2919 0.0008
vn -0.6783 0.1387 -0.7216
vn -0.1379 0.0376 -0.9897
vn -0.5702 0.2008 -0.7966
vn -0.1790 0.0831 -0.9803
vn -0.5115 0.3492 -0.7852
vn 0.8319 -0.0561 -0.5521
vn 0.8681 -0.1985 -0.4549
vn 0.4496 -0.0772 -0.8899
vn 0.7699 -0.4561 -0.4464
vn 0.4601 -0.2065 -0.8635
vn 0.9944 -0.1056 -0.0015
vn 0.3453 -0.3177 -0.8831
vn 0.5125 -0.6988 -0.4990
vn -0.1771 0.1105 0.9780
vn 0.1741 -0.1522 -0.9729
vn 0.1686 -0.0080 -0.9856
vn 0.1800 -0.0201 -0.9835
vn -0.0744 -0.0541 -0.9958
vn 0.0514 -0.0723 -0.9961
vn -0.0200 -0.1822 -0.9831
vn -0.9572 -0.0079 -0.2892
vn -0.9836 -0.0160 -0.1798
vn -0.1703 -0.0000 0.9854
vn -0.1862 0.0040 0.9825
vn -0.9979 -0.0313 -0.0567
vn -0.2858 -0.0198 0.9581
vn -0.3781 -0.0099 0.9257
vn -0.0042 -0.0561 -0.9984
vn -0.1660 -0.0009 0.9861
vn -0.3168 0.9443 -0.0889
vn -0.0443 0.9953 -0.0865
vn -0.0047 1.0000 -0.0060
vn -0.0066 1.0000 0.0074
vn -0.0514 0.9980 0.0355
vn 0.0952 -0.9945 0.0434
vn 0.0450 -0.9987 0.0220
vn 0.0994 -0.9950 0.0029
vn -0.9867 0.0032 -0.1628
vn -0.9683 0.1674 -0.1854
vn -0.8619 0.4792 -0.1657
vn -0.9433 0.2979 -0.1467
vn -0.9426 0.2802 -0.1815
vn -0.7396 0.6643 -0.1085
vn -0.7132 0.6856 -0.1459
vn -0.1482 -0.9868 -0.0646
vn -0.0924 -0.9956 0.0141
vn -0.1702 -0.0271 0.9850
vn 0.0182 -0.9998 -0.0106
vn -0.0238 -0.9730 0.2294
vn -0.0798 -0.5848 0.8073
vn -0.1234 -0.5045 0.8545
vn 0.0675 -0.9787 0.1938
vn -0.0059 -0.5859 0.8104
vn -0.1749 0.1205 0.9772
vn -0.1658 0.4407 0.8822
vn -0.2201 0.0203 0.9753
vn 0.0809 0.2585 -0.9626
vn 0.0298 0.8403 -0.5413
vn -0.0095 0.7899 -0.6132
vn -0.0160 0.9768 -0.2135
vn 0.0227 -0.9581 -0.2856
vn 0.0868 -0.5752 -0.8134
vn -0.0030 -0.4905 -0.8715
vn -0.2059 -0.0037 0.9786
vn -0.1738 0.0028 0.9848
vn -0.0263 -0.0260 -0.9993
vn 0.0919 -0.0232 -0.9955
vn -0.0031 0.0103 -0.9999
vn 0.0902 0.0272 -0.9956
vn 0.1342 -0.0312 -0.9905
vn 0.1035 -0.0212 -0.9944
vn 0.1347 0.0202 -0.9907
vn 0.0171 0.9762 -0.2163
vn -0.0059 0.9992 -0.0387
vn 0.0158 0.9838 -0.1783
vn -0.3411 0.1601 -0.9263
vn -0.3236 -0.0158 -0.9461
vn -0.1364 0.0061 -0.9906
vn -0.4107 0.0067 -0.9117
vn -0.3667 -0.0405 -0.9294
vn -0.0455 -0.9511 -0.3055
vn -0.0102 -0.9945 -0.1042
vn -0.0013 -0.9997 0.0231
vn -0.1749 0.4571 0.8721
vn -0.0714 0.9630 0.2597
vn -0.0863 0.9180 0.3870
vn -0.2569 0.6446 -0.7201
vn -0.2121 0.8740 -0.4371
vn -0.1491 0.2164 -0.9649
vn -0.1167 0.7594 -0.6401
vn -0.0096 0.2286 -0.9735
vn -0.0658 0.9781 -0.1976
vn -0.1089 0.9600 -0.2579
vn -0.0258 -0.9259 -0.3769
vn -0.1087 -0.7401 -0.6637
vn 0.0173 -0.5807 -0.8139
vn -0.1298 -0.5870 -0.7991
vn -0.1705 -0.1271 -0.9771
vn -0.1712 -0.0141 0.9851
vn -0.2215 -0.0316 -0.9746
vn -0.2659 -0.0175 -0.9638
vn -0.2437 -0.0490 -0.9686
vn -0.0003 0.9963 -0.0862
vn -0.9981 0.0242 0.0566
vn -0.8438 0.0124 0.5365
vn -0.8893 0.0056 0.4574
vn -0.9871 0.1602 0.0046
vn -0.8153 0.0462 0.5772
vn -0.4408 0.0026 0.8976
vn -0.1586 0.0052 -0.9873
vn -0.4347 0.0359 -0.8998
vn -0.7225 0.0221 -0.6910
vn -0.9526 0.0632 -0.2976
vn -0.9813 0.0280 -0.1903
vn -0.9223 0.0101 -0.3864
vn -0.9443 0.1513 -0.2921
vn -0.9519 -0.0025 -0.3066
vn -0.6161 -0.0022 -0.7877
vn -0.4137 0.0033 -0.9104
vn 0.9943 -0.0065 -0.1066
vn 0.9987 0.0034 0.0515
vn 0.8918 -0.0155 -0.4521
vn 0.8807 -0.0030 -0.4737
vn 0.9891 -0.0409 0.1418
vn 0.8871 -0.0298 -0.4606
vn -0.2591 0.0036 0.9658
vn -0.2865 -0.0013 0.9581
vn -0.3710 0.0066 0.9286
vn -0.1665 0.0002 0.9860
vn 0.1847 -0.0007 -0.9828
vn 0.1779 0.0002 -0.9840
vn -0.1764 0.0002 0.9843
vn -0.1735 -0.0011 0.9848
vn -0.9827 -0.0177 -0.1842
vn 0.9833 -0.0024 0.1821
vn 0.9870 0.0031 0.1610
vn -0.1994 -0.0107 0.9799
vn -0.1746 0.0044 0.9846
vn -0.2760 0.0123 0.9611
vn -0.0324 -0.9994 -0.0151
vn -0.0120 -0.9998 0.0162
vn -0.0737 -0.9969 0.0260
vn -0.0470 -0.9808 0.1891
vn -0.0161 -0.9994 0.0320
vn -0.0044 0.9999 -0.0129
vn 0.0123 0.9785 -0.2059
vn -0.0614 0.9978 -0.0260
vn 0.0034 0.9955 -0.0946
vn -0.0006 0.9999 0.0149
vn -0.0138 0.9998 0.0111
vn 0.0199 0.9998 -0.0078
vn -0.1639 -0.0000 0.9865
vn -0.0942 0.0024 0.9955
vn -0.1676 -0.0009 0.9858
vn 0.0570 -0.0160 -0.9982
vn 0.1665 -0.0012 -0.9860
vn 0.1786 0.0005 -0.9839
vn 0.1659 -0.0043 -0.9861
vn 0.9881 0.0417 0.1482
vn 0.9825 0.1083 0.1518
vn 0.9793 0.0996 0.1760
vn -0.7397 -0.6641 -0.1087
vn -0.6039 -0.7931 -0.0788
vn -0.6081 -0.7850 -0.1182
vn 0.1611 0.0026 -0.9869
vn 0.0977 -0.0571 -0.9936
vn 0.9569 0.2487 0.1501
vn -0.5224 -0.2427 0.8174
vn -0.3600 -0.0570 0.9312
vn -0.5699 0.0033 0.8217
vn 0.1042 -0.3671 -0.9243
vn 0.1347 -0.0190 -0.9907
vn 0.1266 -0.3530 -0.9270
vn 0.1111 0.3457 -0.9317
vn -0.2171 0.0184 -0.9760
vn -0.4411 0.8022 -0.4023
vn -0.9289 -0.0159 0.3700
vn -0.9992 0.0094 -0.0377
vn -0.9966 -0.0148 -0.0809
vn -0.4160 -0.1373 -0.8989
vn -0.2374 0.0571 -0.9697
vn -0.1208 -0.3754 -0.9190
vn -0.1165 -0.9915 -0.0577
vn 0.0053 -0.9833 -0.1818
vn -0.9695 -0.1713 -0.1754
vn -0.8186 -0.5477 -0.1731
vn -0.9542 -0.2562 -0.1543
vn -0.8286 0.0312 -0.5589
vn -0.2580 -0.0140 -0.9661
vn 0.1053 0.0051 0.9944
vn 0.7531 0.0043 0.6579
vn 0.8346 0.0156 0.5506
vn 0.2911 0.0045 0.9567
vn 0.3552 0.0027 0.9348
vn 0.9800 0.0049 0.1988
vn 0.9811 0.0183 0.1925
vn 0.8937 0.2422 0.3776
vn 0.4079 0.3468 0.8446
vn 0.4806 0.1339 0.8667
vn -0.0681 0.1734 0.9825
vn 0.2802 0.6468 0.7094
vn 0.0413 0.7259 0.6865
vn -0.9545 -0.2940 0.0503
vn -0.7236 -0.0871 0.6847
vn -0.5738 -0.1389 0.8072
vn -0.1131 -0.0961 -0.9889
vn -0.5966 -0.2097 -0.7746
vn -0.5064 -0.3451 -0.7902
vn -0.0366 -0.0264 -0.9990
vn -0.6568 -0.1208 -0.7443
vn 0.3773 0.0565 -0.9243
vn 0.8738 0.1997 -0.4434
vn 0.8174 0.0630 -0.5725
vn 0.3898 0.1437 -0.9096
vn 0.7625 0.4505 -0.4643
vn 0.3609 0.3370 -0.8696
vn 0.2666 0.6889 -0.6741
vn 0.4955 0.6972 -0.5180
vn 0.9937 0.1114 0.0146
vn 0.0600 0.0549 -0.9967
vn 0.1367 0.0483 -0.9894
vn 0.1108 0.0306 -0.9934
vn 0.0765 0.1839 -0.9800
vn -0.9814 0.0053 -0.1917
vn -0.9822 -0.0108 -0.1878
vn -0.9867 -0.0070 -0.1621
vn 0.2075 0.0334 -0.9777
vn 0.1674 0.0119 -0.9858
vn 0.1970 0.1186 -0.9732
vn -0.9545 0.0282 0.2970
vn -0.7165 -0.0189 -0.6974
vn -0.9479 -0.0062 -0.3185
vn -0.0610 0.0690 -0.9958
vn -0.0682 0.0510 -0.9964
vn 0.0237 0.0478 -0.9986
vn -0.1705 -0.0019 0.9854
vn -0.0085 -0.9999 -0.0079
vn -0.2366 -0.8930 -0.3828
vn -0.3527 -0.9004 -0.2548
vn -0.2656 -0.9612 -0.0740
vn -0.0286 0.9821 0.1862
vn -0.0204 0.9959 0.0881
vn -0.9682 -0.1682 -0.1853
vn -0.9813 -0.0629 -0.1818
vn -0.9760 -0.1537 -0.1542
vn -0.7443 -0.6509 -0.1495
vn 0.9492 0.2524 0.1881
vn -0.2801 -0.9597 -0.0230
vn -0.7969 -0.5958 -0.0994
vn -0.5225 -0.2427 0.8174
vn -0.9889 0.0113 -0.1479
vn -0.1702 0.0020 0.9854
vn -0.1680 0.1342 0.9766
vn -0.5153 -0.8544 -0.0670
vn -0.3091 -0.9502 -0.0402
vn -0.4916 -0.8656 -0.0957
vn -0.2304 0.0677 -0.9707
vn -0.0126 0.0634 -0.9979
vn -0.3418 0.0769 -0.9366
vn -0.0895 0.8313 0.5486
vn -0.0939 0.6860 0.7216
vn -0.1578 0.3920 0.9064
vn -0.1585 0.2548 0.9539
vn -0.1075 0.2716 0.9564
vn -0.0839 0.5860 0.8060
vn 0.0111 0.9839 0.1786
vn 0.0738 0.9819 0.1744
vn -0.0569 -0.9575 0.2827
vn -0.0926 -0.8673 0.4892
vn -0.0771 -0.9205 0.3832
vn -0.0046 -0.7802 -0.6255
vn 0.0343 -0.8578 -0.5128
vn 0.0810 -0.2572 -0.9630
vn -0.0001 -0.9492 -0.3147
vn 0.0513 -0.8925 -0.4481
vn 0.0061 -0.9849 -0.1731
vn 0.0036 0.9399 -0.3414
vn -0.0118 0.8102 -0.5860
vn 0.0654 0.6706 -0.7390
vn 0.0830 0.7852 -0.6137
vn 0.1297 0.2787 -0.9516
vn 0.0846 0.7481 -0.6581
vn -0.1806 -0.3725 0.9103
vn -0.1716 -0.0070 0.9851
vn -0.1687 -0.3433 0.9240
vn 0.0911 0.0214 -0.9956
vn 0.1333 -0.0152 -0.9910
vn 0.1375 0.0162 -0.9904
vn 0.0902 -0.0276 -0.9955
vn -0.0046 -0.9995 -0.0316
vn -0.4159 -0.0311 -0.9089
vn -0.3036 0.0235 -0.9525
vn -0.0225 0.9787 -0.2040
vn -0.0461 0.9371 -0.3461
vn -0.0669 0.9611 0.2681
vn -0.0744 0.9177 0.3903
vn -0.3001 -0.7815 -0.5470
vn -0.3425 -0.1547 -0.9267
vn -0.2426 -0.7450 -0.6213
vn -0.1121 -0.7861 -0.6079
vn -0.0424 -0.9830 -0.1787
vn -0.0845 -0.9813 -0.1727
vn -0.1713 -0.1782 -0.9690
vn -0.0096 -0.2261 -0.9741
vn 0.0202 0.9595 -0.2809
vn 0.0159 0.7375 -0.6751
vn -0.0983 0.7768 -0.6220
vn -0.1588 0.1881 -0.9692
vn -0.1447 0.2570 -0.9555
vn -0.0805 0.8152 -0.5736
vn -0.0050 0.2757 -0.9612
vn -0.2423 0.0411 -0.9693
vn -0.0247 0.0154 -0.9996
vn -0.1582 0.0261 -0.9871
vn -0.1570 -0.0033 -0.9876
vn -0.7300 -0.0048 0.6834
vn -0.9774 -0.0424 0.2070
vn -0.9995 -0.0315 0.0063
vn -0.8523 -0.0460 0.5210
vn -0.4765 -0.0141 0.8791
vn -0.9892 -0.1464 -0.0003
vn -0.9971 -0.0629 -0.0421
vn -0.9629 -0.0628 -0.2623
vn -0.6720 -0.0515 -0.7387
vn -0.7595 -0.0230 -0.6501
vn -0.9481 -0.1513 -0.2797
vn -0.0957 -0.0032 -0.9954
vn -0.1459 -0.0169 -0.9892
vn 0.8522 0.0130 -0.5231
vn 0.9906 0.0131 0.1365
vn 0.9460 0.0020 -0.3241
vn 0.6656 0.0010 -0.7463
vn 0.4927 0.0033 -0.8702
vn 0.3892 0.0091 -0.9211
vn 0.9624 0.0339 -0.2695
vn -0.3568 -0.0087 0.9341
vn 0.1753 0.0001 -0.9845
vn 0.9745 0.0437 0.2203
vn 0.9247 0.1143 0.3630
vn 0.0092 1.0000 0.0015
vn 0.0393 0.9861 0.1615
vn -0.1224 0.3637 -0.9235
vn 0.0257 0.0002 0.9997
vn 0.0103 0.0006 0.9999
vn -0.0071 0.0045 -1.0000
vn -0.9870 -0.0186 0.1595
vn 0.0233 -0.0301 0.9993
vn 0.0036 -0.0167 0.9999
vn 0.7423 0.6637 -0.0918
vn 0.6050 0.7883 0.1118
vn 0.8917 0.4473 0.0696
vn 0.8574 0.4984 -0.1279
vn -0.9581 -0.2426 0.1525
vn -0.7995 -0.5893 0.1163
vn -0.8228 -0.5454 0.1598
vn 0.8153 -0.5779 0.0366
vn 0.9488 -0.0057 0.3160
vn 0.1617 0.6557 -0.7375
vn -0.0161 -0.8869 -0.4616
vn 0.0898 -0.9948 -0.0472
vn 0.5340 0.6267 0.5675
vn 0.3098 0.3136 0.8976
vn 0.4686 0.6974 0.5423
vn 0.6537 0.4847 0.5811
vn 0.2311 0.3671 -0.9010
vn -0.1875 -0.7283 -0.6591
vn -0.2021 -0.1578 -0.9666
vn -0.1268 -0.7421 -0.6582
vn -0.1455 -0.1981 -0.9693
vn -0.0733 -0.1910 -0.9789
vn 0.0852 -0.9823 0.1670
vn 0.1216 -0.9926 -0.0061
vn -0.5862 -0.0309 0.8095
vn -0.7715 -0.5424 0.3325
vn 0.2847 0.0254 0.9583
vn 0.2956 0.0617 0.9533
vn 0.7449 0.3132 0.5890
vn 0.4539 0.5391 -0.7095
vn -0.2485 -0.0221 -0.9684
vn -0.3313 -0.0925 -0.9390
vn -0.9662 -0.2512 0.0580
vn -0.2245 -0.1011 -0.9692
vn 0.3081 0.1161 0.9442
vn 0.1758 0.0276 0.9840
vn 0.2215 0.0277 0.9748
vn 0.7436 -0.0579 0.6661
vn 0.3875 -0.0046 0.9218
vn 0.1682 -0.0329 0.9852
vn 0.5495 0.8178 -0.1714
vn 0.0057 0.9999 -0.0085
vn 0.0282 0.9995 0.0123
vn 0.9683 0.1573 -0.1941
vn 0.9865 0.0142 -0.1629
vn -0.9581 -0.2222 0.1809
vn 0.1505 -0.4685 0.8706
vn 0.1529 -0.3256 0.9331
vn -0.0499 -0.9987 -0.0076
vn -0.1919 -0.9653 0.1771
vn -0.0825 0.7891 -0.6087
vn 0.4228 -0.0258 -0.9059
vn 0.3678 -0.0497 -0.9286
vn 0.0063 -0.9962 -0.0870
vn 0.0744 0.9612 0.2656
vn 0.1517 -0.0217 -0.9882
vn 0.0837 -0.0506 -0.9952
vn 0.2435 -0.0410 -0.9690
vn 0.1770 0.0032 -0.9842
vn 0.2607 -0.0168 -0.9653
vn 0.2000 -0.0591 -0.9780
vn 0.9359 0.0209 -0.3516
vn -0.3589 -0.0179 -0.9332
vn -0.3482 -0.0077 -0.9374
vn -0.3046 -0.0028 -0.9525
vn -0.3759 0.0006 -0.9267
vn -0.2611 0.0004 -0.9653
vn 0.1747 0.1216 0.9771
vn 0.1731 0.0024 0.9849
vn 0.0244 -0.9965 0.0802
vn -0.1267 -0.2100 -0.9695
vn 0.9870 -0.0315 -0.1577
vn 0.0450 -0.0396 -0.9982
vn -0.0557 -0.0057 -0.9984
vn -0.0817 -0.0018 -0.9967
vn -0.9859 0.0436 0.1614
vn -0.9838 0.0151 0.1785
vn -0.0052 0.0426 0.9991
vn 0.0383 -0.1651 -0.9855
vn -0.2163 0.9762 0.0127
vn -0.9656 0.2601 0.0066
vn 0.1187 -0.9166 0.3818
vn 0.0124 0.9683 -0.2496
vn 0.3534 -0.2628 0.8978
vn 0.5569 -0.5632 0.6105
vn 0.4683 -0.7014 0.5373
vn 0.3865 -0.0016 0.9223
vn 0.5444 -0.8214 -0.1700
vn 0.4833 -0.7657 -0.4245
vn 0.3360 -0.6760 -0.6558
vn 0.3785 -0.6262 -0.6816
vn 0.8354 -0.5392 -0.1069
vn 0.0132 0.2637 -0.9645
vn 0.0213 0.9998 0.0063
vn -0.7718 0.5528 0.3143
vn 0.5076 -0.5566 -0.6576
vn -0.2339 0.1316 -0.9633
vn -0.1982 0.1366 -0.9706
vn -0.0723 0.0719 -0.9948
vn -0.1207 0.0474 -0.9916
vn 0.3484 -0.0841 0.9336
vn 0.4544 0.5036 0.7348
vn 0.2280 -0.0400 -0.9728
vn 0.6078 -0.7853 -0.1183
vn 0.4791 -0.8727 -0.0942
vn -0.7872 0.5958 0.1592
vn 0.2653 0.9620 -0.0647
vn 0.1614 0.3259 0.9315
vn 0.1701 0.0112 0.9854
vn 0.1535 0.4251 0.8921
vn -0.0195 0.9934 -0.1133
vn 0.1635 0.4030 0.9005
vn 0.1185 -0.7795 0.6151
vn 0.0814 -0.9161 0.3927
vn 0.0636 -0.9634 0.2605
vn -0.1316 0.3180 -0.9389
vn -0.1029 0.3880 -0.9159
vn -0.1350 0.0174 -0.9907
vn 0.1722 0.1830 -0.9679
vn 0.2207 0.0202 -0.9751
vn 0.6900 -0.0013 -0.7238
vn 0.9589 -0.0286 -0.2822
vn -0.3485 0.0015 -0.9373
vn -0.4383 0.0267 -0.8984
vn 0.9514 -0.0017 -0.3081
vn -0.1692 -0.2626 0.9500
vn 0.1357 0.0382 -0.9900
vn -0.0441 -0.0129 0.9989
vn -0.0458 -0.0050 0.9989
vn -0.0541 -0.0019 0.9985
vn 0.0023 -0.0012 1.0000
vn 0.0244 0.0005 -0.9997
vn 0.9789 -0.0991 0.1786
vn 0.9807 -0.1189 0.1554
vn -0.9421 0.0188 -0.3347
vn 0.0427 -0.0449 0.9981
vn -0.8699 0.4785 -0.1192
vn 0.0262 0.0683 -0.9973
vn -0.1730 -0.5217 0.8354
vn -0.0373 -0.9933 0.1090
vn -0.0730 -0.9204 0.3840
vn -0.8019 0.4672 0.3723
vn -0.7817 0.6160 -0.0978
vn 0.1168 0.3408 -0.9329
vn -0.0228 0.0027 -0.9997
vn -0.1550 -0.4386 0.8852
vn -0.3749 0.2852 0.8821
vn -0.5547 0.5648 0.6110
vn -0.4665 0.6774 0.5688
vn -0.4852 0.8645 0.1311
vn -0.4646 0.3389 0.8181
vn -0.2717 0.0278 0.9620
vn -0.3178 0.6863 -0.6542
vn -0.4781 0.7921 -0.3794
vn -0.3821 0.6319 -0.6743
vn -0.4247 0.1575 -0.8915
vn -0.0303 0.9995 0.0010
vn -0.0724 0.9969 -0.0310
vn 0.1192 -0.7369 -0.6655
vn 0.1432 -0.1805 -0.9731
vn 0.7599 -0.5279 0.3792
vn -0.0749 0.2209 -0.9724
vn -0.4528 0.4993 -0.7387
vn -0.6899 0.6732 -0.2660
vn -0.5479 0.8158 -0.1852
vn 0.9662 -0.2519 0.0547
vn 0.2322 -0.1124 -0.9662
vn -0.9900 -0.0081 -0.1410
vn 0.2064 -0.0137 -0.9784
vn -0.6082 -0.1136 0.7856
vn 0.1293 -0.0508 -0.9903
vn -0.0800 -0.0515 -0.9955
vn -0.2757 -0.0646 -0.9591
vn -0.1803 -0.0042 -0.9836
vn -0.4841 0.8703 -0.0911
vn 0.2346 -0.9719 0.0213
vn 0.2109 -0.9761 0.0518
vn -0.2715 0.9163 0.2943
vn -0.2999 0.9530 -0.0433
vn -0.1004 0.9852 0.1393
vn -0.1594 0.9823 0.0983
vn -0.1668 -0.2500 0.9538
vn -0.1545 -0.2444 0.9573
vn -0.4858 0.8712 -0.0710
vn 0.0522 0.0287 -0.9982
vn 0.0247 -0.9796 -0.1992
vn 0.0704 -0.9814 -0.1784
vn 0.1822 -0.9574 0.2240
vn -0.1058 0.9033 0.4158
vn 0.0848 0.7867 -0.6115
vn 0.1200 0.4161 -0.9014
vn -0.0082 -0.4529 -0.8915
vn -0.0436 0.9841 0.1721
vn -0.1545 -0.0285 -0.9876
vn -0.4403 0.0041 0.8978
vn 0.3459 -0.0058 -0.9382
vn 0.3419 -0.0024 -0.9397
vn 0.3708 -0.0010 -0.9287
vn 0.2949 -0.0017 -0.9555
vn -0.1726 0.1812 0.9682
vn 0.7061 0.0360 0.7072
vn -0.0314 0.0111 0.9994
vn 0.0578 0.0008 0.9983
vn -0.0923 -0.0010 0.9957
vn -0.9864 -0.0561 -0.1548
vn 0.0756 -0.0027 -0.9971
vn -0.1467 0.0722 0.9865
vn -0.1248 0.0220 0.9919
vn -0.0233 -0.0842 -0.9962
vn -0.0864 -0.2050 -0.9749
vn 0.8219 0.5468 0.1598
vn 0.8286 0.5479 0.1156
vn 0.4891 0.8696 0.0678
vn -0.7303 0.6029 0.3212
vn -0.8448 0.5231 -0.1130
vn -0.3009 0.8391 0.4533
vn -0.0655 0.9952 0.0722
vn -0.2836 0.9585 -0.0279
vn -0.9179 -0.3716 0.1396
vn -0.5357 -0.0713 0.8414
vn -0.1667 -0.8808 -0.4432
vn 0.0664 -0.8086 -0.5846
vn -0.6281 -0.4376 -0.6434
vn -0.2338 0.5749 0.7841
vn -0.5581 -0.6140 0.5581
vn -0.3282 -0.2600 0.9081
vn -0.5049 -0.6683 0.5463
vn 0.0428 -0.0171 -0.9989
vn -0.2473 -0.9673 -0.0569
vn 0.1874 0.7287 -0.6587
vn 0.1739 0.1843 -0.9674
vn 0.1226 0.7584 -0.6401
vn 0.1453 0.2136 -0.9660
vn 0.0919 0.6399 -0.7630
vn 0.1335 0.0141 -0.9909
vn 0.0465 0.0060 -0.9989
vn 0.0435 -0.0110 -0.9990
vn 0.6052 0.0706 0.7930
vn 0.7712 0.5418 0.3343
vn -0.0395 0.0863 0.9955
vn -0.3378 -0.0813 0.9377
vn -0.7404 -0.3441 0.5775
vn -0.2088 -0.1352 0.9686
vn -0.5575 -0.3765 0.7399
vn -0.4868 -0.7655 -0.4207
vn -0.6874 -0.6759 -0.2659
vn -0.5489 -0.8182 -0.1711
vn -0.5060 -0.5557 -0.6597
vn 0.2303 0.1256 -0.9650
vn 0.9660 0.2523 0.0560
vn -0.9630 0.1834 -0.1972
vn -0.2426 -0.0375 0.9694
vn 0.0447 0.9987 0.0264
vn 0.4361 0.8946 0.0975
vn -0.1685 0.1078 0.9798
vn -0.1564 0.1473 0.9767
vn -0.3425 -0.9272 0.1519
vn -0.1038 -0.9512 0.2906
vn 0.0913 -0.7699 -0.6316
vn 0.0462 0.9162 -0.3981
vn 0.0169 -0.0140 -0.9998
vn 0.0075 0.9987 -0.0498
vn -0.0094 0.2279 -0.9736
vn -0.2142 0.0275 -0.9764
vn -0.3608 -0.0368 0.9319
vn -0.9588 -0.0287 -0.2827
vn 0.3697 0.0017 -0.9291
vn 0.2885 0.0034 -0.9575
vn 0.0140 -0.0004 -0.9999
vn 0.7314 0.6671 -0.1416
vn -0.4904 -0.8689 0.0676
vn -0.5036 -0.8614 -0.0661
vn -0.2326 -0.9655 -0.1172
vn -0.8426 -0.5386 0.0045
vn -0.4855 -0.8684 0.1009
vn 0.3201 -0.8008 0.5062
vn 0.4122 -0.8808 0.2329
vn 0.1862 -0.5811 0.7922
vn 0.1755 -0.9840 0.0303
vn 0.4123 -0.8808 0.2329
vn 0.9490 0.0130 0.3150
vn 0.9973 0.0235 -0.0696
vn 0.0746 -0.9209 0.3826
vn 0.4832 0.8690 0.1071
vn 0.4840 0.7668 -0.4217
vn 0.2906 0.6468 -0.7051
vn 0.3163 0.5636 -0.7631
vn -0.1252 -0.9829 -0.1354
vn -0.0630 -0.9877 -0.1434
vn -0.0156 -0.9927 -0.1194
vn -0.0782 -0.6877 -0.7218
vn 0.3033 -0.9521 -0.0398
vn 0.7355 -0.6694 -0.1043
vn 0.2798 -0.9561 -0.0874
vn -0.4548 -0.8470 0.2753
vn 0.9118 0.2951 -0.2856
vn 0.8344 0.4732 -0.2824
vn 0.6887 0.6752 -0.2640
vn 0.4650 0.0005 0.8853
vn 0.9422 0.0026 -0.3352
vn 0.9855 -0.0647 -0.1570
vn 0.9761 -0.1533 -0.1541
vn -0.9828 0.0435 0.1796
vn -0.9782 0.1041 0.1794
vn 0.0919 0.1386 0.9861
vn 0.1374 0.0854 0.9868
vn 0.1216 0.2174 0.9685
vn 0.6285 -0.7737 0.0796
vn 0.7545 -0.6536 0.0600
vn 0.7394 -0.6644 -0.1084
vn 0.6122 -0.7859 -0.0867
vn 0.8821 -0.4703 0.0278
vn 0.8673 -0.4799 -0.1320
vn 0.9427 -0.2996 -0.1466
vn -0.5082 0.8589 -0.0632
vn -0.2337 0.9664 -0.1067
vn -0.8393 0.5436 0.0067
vn 0.8106 0.5800 0.0815
vn 0.4010 0.8678 0.2934
vn 0.4010 0.8678 0.2933
vn 0.1093 0.9883 0.1068
vn 0.1798 0.9834 0.0247
vn 0.3706 -0.4662 0.8033
vn 0.1097 0.5615 -0.8202
vn 0.2117 0.9403 -0.2665
vn 0.1098 0.5615 -0.8202
vn -0.0607 0.7929 -0.6064
vn 0.2116 0.9403 -0.2665
vn 0.4812 -0.8741 -0.0661
vn 0.4834 -0.8692 0.1042
vn -0.0579 0.9929 -0.1040
vn -0.1223 0.9869 -0.1052
vn -0.1800 0.5529 0.8136
vn -0.4292 0.8502 0.3049
vn -0.1838 0.9577 0.2214
vn 0.6075 -0.4274 0.6695
vn 0.9072 -0.2948 -0.3001
vn 0.8331 -0.4739 -0.2853
vn 0.6885 -0.6748 -0.2657
vn -0.3207 0.0345 -0.9465
vn -0.3271 0.0910 -0.9406
vn 0.7308 -0.6673 -0.1437
vn 0.9713 -0.1533 -0.1817
vn 0.9377 -0.2987 -0.1775
vn 0.9811 -0.0646 -0.1824
vn 0.8614 -0.4800 -0.1661
vn 0.1575 0.1942 0.9682
vn 0.1487 0.1672 0.9746
vn 0.1563 0.1064 0.9820
vn -0.1222 0.0005 -0.9925
vn -0.0836 -0.1382 0.9869
vn -0.1220 -0.2153 0.9689
vn -0.0389 -0.0861 0.9955
vn -0.6283 0.7741 0.0778
vn -0.7544 0.6536 0.0607
vn -0.6124 0.7857 -0.0872
vn -0.8824 0.4694 0.0311
vn 0.5086 -0.8595 -0.0508
vn 0.4907 -0.8687 0.0677
vn 0.2294 -0.9687 -0.0947
vn 0.8411 -0.5409 0.0049
vn 0.8286 -0.5454 0.1262
vn 0.9573 -0.2472 0.1499
vn 0.9523 -0.2466 0.1799
vn 0.8228 -0.5455 0.1593
vn 0.4847 -0.8689 0.1010
vn -0.2847 -0.9585 0.0172
vn -0.2714 0.9164 0.2943
vn -0.1058 0.9033 0.4157
vn -0.2715 0.9164 0.2943
vn -0.4647 0.3389 0.8181
vn -0.0973 0.9705 -0.2207
vn -0.2331 0.7934 -0.5623
vn -0.6382 0.6225 -0.4530
vn -0.2912 -0.9536 -0.0758
vn -0.2952 0.9527 -0.0719
vn 0.1184 -0.9856 -0.1211
vn 0.0794 -0.5722 -0.8163
vn 0.1651 -0.5052 0.8471
vn 0.4351 -0.8412 0.3210
vn -0.6100 0.4295 0.6659
vn -0.9117 0.2944 -0.2865
vn -0.8341 0.4733 -0.2832
vn 0.3491 -0.0362 -0.9364
vn 0.3739 -0.0222 -0.9272
vn 0.2849 -0.0721 -0.9558
vn -0.6079 0.7851 -0.1186
vn -0.1453 -0.1974 0.9695
vn 0.0908 -0.7184 -0.6897
vn 0.1221 -0.3236 -0.9383
vn -0.1686 0.3501 0.9214
vn -0.0610 0.9981 -0.0061
vn 0.0346 0.0473 0.9983
vn -0.6250 -0.7738 0.1027
vn -0.7561 -0.6476 0.0945
vn -0.8673 -0.4800 -0.1320
vn -0.8818 -0.4675 0.0619
vn -0.9428 -0.2994 -0.1467
vn 0.2155 0.9762 0.0223
vn 0.5012 0.8630 -0.0637
vn 0.2346 0.9650 -0.1170
vn 0.8397 0.5431 0.0046
vn -0.1433 0.6040 0.7840
vn -0.0825 0.9636 -0.2543
vn -0.5237 -0.8451 0.1074
vn -0.3412 -0.6913 -0.6369
vn -0.3784 -0.6288 -0.6793
vn 0.0656 0.9862 -0.1519
vn 0.1192 0.9845 -0.1286
vn 0.4528 0.8469 0.2788
vn 0.1888 0.9661 0.1762
vn -0.9118 -0.2942 -0.2866
vn -0.8330 -0.4738 -0.2857
vn 0.3539 0.0168 -0.9351
vn -0.7747 0.6099 -0.1669
vn -0.9729 0.1625 -0.1646
vn 0.0968 0.9949 0.0299
vn 0.2098 0.9764 0.0522
vn 0.0997 0.9950 0.0031
vn -0.9377 -0.2987 -0.1776
vn -0.8614 -0.4800 -0.1662
vn -0.2913 0.9544 -0.0658
vn -0.9229 -0.3836 0.0347
vn -0.9243 -0.3817 0.0039
vn -0.8706 -0.4906 -0.0360
vn -0.8782 -0.4495 -0.1633
vn -0.9301 -0.3656 -0.0358
vn -0.9088 -0.4170 0.0129
vn -0.8919 -0.4519 0.0170
vn -0.9323 -0.3616 -0.0021
vn -0.8964 -0.4405 -0.0499
vn -0.9303 -0.3573 -0.0827
vn 0.9310 0.3650 -0.0030
vn 0.9750 0.2105 0.0715
vn 0.7155 -0.6942 0.0781
vn 0.4052 -0.8951 0.1862
vn 0.9336 0.3584 -0.0007
vn 0.9336 0.3581 0.0057
vn 0.5668 -0.7646 0.3067
vn 0.9321 0.2867 0.2211
vn 0.9200 0.2803 0.2740
vn 0.9163 0.3496 0.1955
vn 0.9237 0.3451 0.1664
vn 0.9022 0.3596 0.2382
vn 0.9324 0.3516 0.0838
vn 0.9285 0.3505 0.1225
vn 0.9239 0.3740 0.0806
vn 0.9229 0.3537 0.1523
vn 0.9249 0.3622 0.1160
vn 0.9588 0.1866 0.2142
vn 0.8713 -0.3273 0.3657
vn 0.9918 -0.0544 -0.1157
vn 0.9639 0.2567 -0.0709
vn 0.3380 -0.8686 -0.3624
vn -0.1485 -0.1883 0.9708
vn -0.0888 -0.0991 0.9911
vn -0.9022 -0.4139 0.1216
vn -0.1684 -0.4916 0.8544
vn 0.2117 -0.0427 0.9764
vn 0.8606 0.0705 0.5044
vn 0.0688 -0.4388 0.8959
vn 0.1779 -0.8808 0.4387
vn 0.1658 -0.9098 0.3805
vn -0.7289 -0.6845 0.0115
vn 0.1088 -0.9503 0.2917
vn 0.0133 -0.9545 0.2979
vn 0.1813 -0.9612 0.2078
vn 0.3122 -0.9179 0.2451
vn -0.2275 -0.9608 -0.1586
vn 0.4063 -0.9084 -0.0981
vn 0.3381 -0.9350 -0.1074
vn 0.4665 -0.8844 -0.0097
vn 0.3558 -0.9345 -0.0072
vn 0.4021 -0.9153 0.0243
vn 0.5701 -0.8214 0.0189
vn 0.2647 -0.9640 0.0244
vn 0.3308 -0.9402 0.0808
vn 0.0469 -0.9968 0.0649
vn -0.0340 -0.9874 -0.1545
vn 0.1009 -0.9947 0.0174
vn 0.0175 -0.9992 0.0353
vn -0.0224 -0.9887 -0.1485
vn 0.0126 -0.9970 0.0762
vn -0.0367 -0.9904 -0.1335
vn -0.0023 -0.9999 0.0100
vn -0.0504 -0.9775 -0.2049
vn 0.0312 -0.9843 0.1736
vn 0.0385 -0.9859 0.1627
vn 0.0732 -0.9867 0.1450
vn 0.5960 -0.6042 0.5289
vn -0.7630 -0.3033 -0.5708
vn -0.8916 -0.3410 -0.2980
vn -0.6973 -0.2585 -0.6685
vn -0.8600 -0.4177 -0.2931
vn -0.3152 -0.9386 0.1403
vn -0.5596 -0.8123 -0.1644
vn -0.8709 -0.4339 -0.2306
vn -0.6539 -0.7079 0.2671
vn -0.8648 -0.5020 0.0121
vn -0.9896 -0.1435 0.0022
vn -0.5120 -0.8589 -0.0115
vn -0.5594 -0.8172 0.1389
vn -0.2110 -0.4993 -0.8404
vn -0.1739 -0.6711 -0.7207
vn -0.1881 -0.5027 -0.8437
vn -0.1308 -0.8493 -0.5115
vn -0.1104 -0.9010 -0.4196
vn -0.0945 -0.8965 -0.4329
vn -0.2267 -0.6909 -0.6865
vn 0.3904 -0.3590 0.8478
vn 0.9585 0.1488 0.2432
vn 0.7747 0.0394 -0.6311
vn 0.9355 0.3534 0.0013
vn 0.7395 -0.6703 -0.0625
vn 0.9215 -0.3883 -0.0119
vn 0.2311 -0.8933 0.3854
vn 0.1097 -0.9543 0.2779
vn 0.1928 -0.9552 0.2246
vn 0.0805 -0.9505 0.3002
vn 0.0569 -0.9464 0.3179
vn 0.1522 -0.8867 0.4366
vn 0.1061 -0.8922 0.4390
vn 0.8920 0.2505 0.3762
vn 0.8028 -0.0929 0.5890
vn 0.5885 -0.7228 0.3622
vn 0.8165 0.2196 0.5340
vn 0.6544 0.0063 0.7561
vn 0.6859 -0.2376 0.6878
vn 0.5001 0.0201 0.8658
vn 0.4760 -0.1424 0.8678
vn 0.6532 0.1391 0.7443
vn 0.6791 0.2631 0.6853
vn 0.8917 0.3623 0.2713
vn 0.8623 0.3756 0.3396
vn 0.1588 -0.9865 0.0407
vn -0.1266 -0.9158 -0.3811
vn -0.4632 -0.7985 -0.3845
vn 0.2208 -0.9720 0.0806
vn 0.1531 -0.9800 0.1269
vn 0.5346 -0.7213 0.4405
vn -0.0939 -0.9666 -0.2385
vn -0.1689 -0.1701 -0.9708
vn -0.1729 -0.0071 -0.9849
vn -0.1802 -0.1770 -0.9676
vn 0.0061 -0.9901 0.1405
vn 0.0120 -0.9973 0.0726
vn 0.0014 -0.9997 0.0230
vn -0.0109 -0.9966 -0.0823
vn -0.0259 -0.9956 -0.0896
vn -0.0628 -0.9511 -0.3025
vn -0.0401 -0.9966 -0.0719
vn -0.0760 -0.9453 -0.3171
vn -0.1185 -0.8960 -0.4280
vn -0.1160 -0.8329 -0.5412
vn -0.1614 -0.6756 -0.7194
vn -0.1586 -0.6685 -0.7266
vn -0.1589 -0.6581 -0.7360
vn -0.1667 -0.5165 -0.8399
vn -0.1615 -0.7135 -0.6818
vn 0.0223 -0.9906 0.1352
vn 0.0345 -0.9673 0.2514
vn 0.0766 -0.8933 0.4430
vn 0.0884 -0.8519 0.5163
vn 0.1003 -0.8076 0.5812
vn 0.1187 -0.7149 0.6890
vn -0.9371 -0.3490 -0.0034
vn -0.9338 -0.3578 0.0002
vn -0.9259 -0.3762 -0.0345
vn -0.8703 -0.3728 -0.3217
vn -0.8219 -0.4048 -0.4007
vn -0.8286 -0.3497 -0.4372
vn -0.8958 -0.3845 -0.2230
vn -0.8946 -0.3252 -0.3064
vn -0.9046 -0.4055 -0.1317
vn -0.9296 -0.3420 -0.1373
vn 0.9344 0.3561 0.0043
vn 0.9308 0.3655 0.0062
vn 0.9213 0.3856 0.0502
vn 0.4905 0.1239 0.8626
vn 0.3441 0.0622 0.9369
vn 0.3429 -0.0884 0.9352
vn 0.2573 0.0230 0.9660
vn 0.2533 -0.1428 0.9568
vn 0.1690 -0.3653 0.9154
vn 0.2030 -0.1512 0.9674
vn 0.1805 -0.2005 0.9629
vn 0.2085 0.0353 0.9774
vn -0.0713 -0.0313 -0.9970
vn 0.1727 0.0415 -0.9841
vn -0.0630 -0.0551 -0.9965
vn 0.2698 0.1017 -0.9575
vn 0.8975 0.3433 -0.2767
vn 0.9079 0.3379 -0.2481
vn 0.5973 0.1302 -0.7914
vn 0.9339 0.3577 0.0014
vn -0.2457 -0.3650 -0.8980
vn -0.3396 -0.3347 -0.8790
vn -0.4798 -0.3777 -0.7919
vn -0.3715 -0.3964 -0.8395
vn 0.1841 0.0165 0.9828
vn 0.1703 -0.1496 0.9740
vn 0.1594 -0.3706 0.9150
vn 0.1422 -0.5379 0.8309
vn 0.1610 -0.2986 0.9407
vn -0.8689 0.4877 0.0844
vn -0.9947 -0.0584 0.0845
vn -0.3692 0.9093 0.1920
vn -0.9484 -0.3171 0.0064
vn -0.9853 -0.1612 -0.0572
vn -0.9461 -0.3238 -0.0020
vn -0.9409 -0.3293 -0.0790
vn -0.9368 -0.3481 -0.0362
vn -0.9449 -0.3273 0.0014
vn -0.9598 -0.2790 -0.0304
vn -0.9557 -0.2879 0.0620
vn -0.3187 0.1520 -0.9356
vn -0.2564 0.2256 -0.9399
vn -0.2930 0.6482 -0.7028
vn -0.2079 0.2949 -0.9326
vn -0.2051 0.6013 -0.7723
vn -0.1850 0.5205 -0.8336
vn -0.1565 0.5374 -0.8287
vn -0.1124 0.8184 -0.5636
vn -0.1795 0.3627 -0.9144
vn -0.1894 0.2642 -0.9457
vn -0.1693 0.2714 -0.9475
vn -0.1747 0.1601 -0.9715
vn -0.1895 -0.0079 -0.9818
vn 0.9406 0.3394 0.0050
vn 0.9362 0.3515 -0.0054
vn 0.9384 0.3456 -0.0040
vn 0.9389 0.3441 0.0039
vn 0.9358 0.3525 0.0055
vn 0.6259 0.7034 0.3367
vn 0.8102 0.5179 0.2745
vn 0.9262 0.3462 0.1494
vn 0.9399 0.3311 0.0833
vn 0.9354 0.3369 0.1075
vn 0.9363 0.3486 0.0428
vn 0.6832 0.7282 -0.0540
vn 0.9427 0.3336 -0.0060
vn 0.8585 0.5092 -0.0600
vn -0.3301 0.6971 0.6364
vn -0.2848 0.9007 0.3280
vn 0.7962 0.5525 0.2465
vn -0.1478 0.1033 0.9836
vn 0.8523 0.3962 0.3415
vn 0.2096 0.2670 0.9406
vn -0.9968 -0.0786 0.0121
vn -0.4509 0.7827 0.4290
vn -0.4807 0.6636 0.5732
vn -0.3474 0.7302 0.5884
vn -0.9966 -0.0333 -0.0759
vn 0.6283 0.6938 0.3520
vn 0.4722 0.7257 0.5003
vn -0.4966 0.8073 0.3189
vn 0.7180 0.6472 0.2563
vn -0.5423 0.7748 0.3248
vn -0.9006 0.4267 -0.0822
vn -0.2357 0.3380 -0.9111
vn 0.2803 0.8060 -0.5213
vn 0.1376 0.3922 -0.9095
vn -0.2757 0.9374 -0.2129
vn -0.2357 0.9717 -0.0186
vn -0.3375 0.9412 -0.0151
vn -0.3948 0.9181 0.0337
vn -0.3145 0.9491 0.0154
vn -0.1272 0.9919 0.0030
vn -0.3008 0.9490 0.0945
vn -0.0390 0.9896 -0.1384
vn 0.0072 0.9982 0.0599
vn 0.0280 0.9987 0.0419
vn -0.0108 0.9973 -0.0727
vn -0.0566 0.9689 -0.2411
vn -0.0534 0.9494 -0.3094
vn -0.0245 0.9811 -0.1921
vn -0.8764 -0.2459 -0.4140
vn -0.9393 -0.3403 -0.0435
vn -0.9009 -0.3195 -0.2937
vn -0.9313 -0.3579 -0.0680
vn -0.9790 0.2032 -0.0154
vn -0.9562 0.2927 0.0060
vn -0.8953 0.4453 -0.0110
vn -0.9505 -0.3108 0.0057
vn -0.3237 0.9423 -0.0850
vn -0.3581 0.7097 -0.6067
vn -0.8272 -0.0075 -0.5619
vn -0.1062 0.8998 -0.4232
vn -0.1182 0.7214 -0.6824
vn -0.0935 0.8788 -0.4679
vn -0.0561 0.9371 -0.3444
vn 0.6355 0.7645 0.1084
vn 0.7127 0.3268 -0.6208
vn 0.6849 0.7283 -0.0230
vn 0.3821 0.9241 -0.0094
vn 0.7274 0.6859 0.0217
vn 0.1605 0.8222 0.5461
vn 0.0666 0.9416 0.3302
vn 0.1134 0.8326 0.5421
vn 0.1852 0.6705 0.7184
vn 0.1565 0.6735 0.7225
vn 0.1235 0.7480 0.6521
vn -0.0002 0.9985 0.0551
vn 0.0482 0.9614 0.2710
vn 0.0474 0.9785 0.2005
vn -0.2003 0.0875 0.9758
vn 0.2089 0.9333 0.2920
vn 0.6719 0.5558 0.4895
vn 0.7307 0.6126 0.3014
vn 0.8198 0.3525 0.4512
vn 0.4900 0.2534 0.8341
vn 0.6382 0.3453 0.6881
vn 0.5557 0.5636 0.6112
vn 0.2393 0.9220 0.3045
vn 0.3744 0.6765 0.6342
vn 0.2385 0.8232 0.5153
vn -0.1917 0.9809 0.0334
vn -0.3520 0.9314 -0.0932
vn -0.3174 0.9431 -0.0989
vn -0.0210 0.9935 -0.1120
vn -0.0703 0.9967 -0.0398
vn -0.1529 0.9274 -0.3414
vn -0.2680 0.9171 -0.2952
vn -0.6589 0.4948 -0.5666
vn -0.4541 0.4835 -0.7483
vn -0.1552 0.5459 -0.8234
vn -0.1639 0.2820 -0.9453
vn -0.1489 0.6492 -0.7459
vn -0.0160 0.9996 -0.0248
vn -0.0237 0.9979 -0.0596
vn -0.0764 0.9463 -0.3142
vn -0.1486 0.7189 -0.6791
vn -0.1471 0.6767 -0.7214
vn 0.1014 0.8273 0.5526
vn 0.1316 0.6800 0.7213
vn 0.0852 0.8653 0.4939
vn 0.0260 0.9809 0.1927
vn 0.0704 0.9170 0.3927
vn -0.9393 -0.3431 0.0011
vn -0.9292 -0.3091 -0.2027
vn -0.9189 -0.2661 -0.2912
vn -0.9508 -0.2853 -0.1206
vn -0.9593 -0.2753 -0.0629
vn 0.9397 0.3396 0.0411
vn 0.9429 0.3330 0.0125
vn 0.9481 0.3060 0.0862
vn 0.9421 0.3351 0.0109
vn 0.1759 0.5105 0.8417
vn -0.0733 -0.0223 -0.9971
vn 0.1766 0.0893 -0.9802
vn -0.7447 -0.2009 -0.6364
vn -0.8442 -0.3040 -0.4414
vn -0.6953 -0.2567 -0.6713
vn -0.6208 -0.0220 -0.7837
vn -0.8032 -0.1242 -0.5826
vn -0.4375 0.0708 -0.8964
vn 0.1425 0.5393 0.8300
vn 0.1633 0.3194 0.9334
vn 0.1460 0.5324 0.8338
vn 0.1250 0.6763 0.7259
vn 0.1524 0.5338 0.8318
vn 0.1748 0.3224 0.9303
vn 0.1126 0.7505 0.6512
vn -0.9272 0.3746 0.0101
vn -0.8766 0.4781 0.0542
vn -0.9111 0.4121 0.0023
vn -0.1272 0.9835 -0.1283
vn -0.4112 0.7517 -0.5156
vn -0.7888 0.5073 -0.3471
vn -0.8679 0.4967 0.0062
vn -0.9121 0.4099 -0.0113
vn -0.9290 0.3676 -0.0424
vn -0.9010 0.4319 -0.0414
vn -0.9338 0.3578 0.0017
vn -0.9359 0.3522 -0.0077
vn -0.9373 0.3463 -0.0406
vn -0.1188 0.8730 -0.4730
vn -0.2496 0.5121 -0.8219
vn -0.0848 0.9434 -0.3207
vn -0.1681 0.5333 -0.8290
vn -0.1833 0.4078 -0.8945
vn -0.1712 0.4060 -0.8977
vn 0.9327 -0.3606 0.0024
vn 0.9359 -0.3522 0.0055
vn 0.9381 -0.3464 -0.0020
vn 0.9324 -0.3614 -0.0064
vn 0.9304 -0.3664 0.0036
vn 0.9303 -0.3669 -0.0008
vn 0.9990 -0.0262 0.0361
vn 0.9292 -0.3693 0.0136
vn 0.9295 -0.3687 0.0034
vn 0.6018 0.7364 0.3090
vn 0.9195 -0.2875 0.2683
vn 0.9323 -0.2780 0.2315
vn 0.9175 -0.3463 0.1955
vn 0.9248 -0.3420 0.1665
vn 0.9453 -0.2691 0.1842
vn 0.9306 -0.3537 0.0946
vn 0.9678 -0.1046 0.2289
vn 0.9279 -0.3475 0.1348
vn 0.9359 -0.3516 -0.0215
vn 0.9818 0.1843 -0.0451
vn -0.1059 0.1637 0.9808
vn -0.5675 0.5557 0.6076
vn -0.3301 0.2588 0.9078
vn 0.0817 0.4080 0.9093
vn 0.1670 0.1102 0.9798
vn 0.9448 -0.1924 0.2651
vn 0.9483 0.2281 0.2208
vn 0.2605 0.7546 0.6022
vn -0.8087 0.5825 0.0821
vn -0.8290 0.5586 -0.0272
vn 0.0942 0.8588 0.5036
vn 0.1589 0.9053 0.3940
vn -0.8302 0.5417 -0.1318
vn 0.2251 0.9486 0.2223
vn 0.3085 0.9128 0.2674
vn 0.1052 0.9543 0.2796
vn 0.9433 0.0039 0.3319
vn 0.9526 -0.3038 -0.0156
vn 0.3313 0.6900 -0.6436
vn 0.3354 0.8697 -0.3620
vn 0.3474 0.9339 -0.0847
vn 0.4043 0.9145 -0.0144
vn 0.2962 0.9543 0.0387
vn 0.3926 0.9194 0.0233
vn 0.0170 0.9996 0.0230
vn -0.0726 0.9662 -0.2472
vn 0.0016 0.9998 0.0223
vn -0.0441 0.9794 -0.1971
vn -0.1806 0.6508 -0.7375
vn -0.0004 0.9993 0.0368
vn -0.0570 0.9753 -0.2135
vn 0.0375 0.9780 0.2053
vn 0.0447 0.9845 0.1698
vn 0.0751 0.9831 0.1667
vn 0.1580 0.9791 0.1283
vn 0.0227 0.9996 -0.0169
vn 0.0593 0.9917 -0.1144
vn 0.8921 -0.2211 0.3940
vn 0.9284 -0.3665 0.0615
vn -0.8932 0.3437 -0.2900
vn -0.7629 0.3033 -0.5710
vn -0.6974 0.2585 -0.6684
vn -0.9353 0.3537 0.0006
vn -0.9317 0.3615 -0.0359
vn -0.9368 0.3447 -0.0604
vn -0.9167 0.3969 0.0450
vn -0.7526 0.5970 -0.2777
vn -0.6682 0.7389 -0.0864
vn -0.9085 0.4122 -0.0684
vn 0.2278 0.9737 0.0003
vn -0.3885 0.9214 0.0013
vn -0.0507 0.9656 -0.2549
vn -0.0357 0.9910 -0.1290
vn -0.0956 0.8753 -0.4740
vn 0.9728 0.2315 -0.0036
vn 0.7008 0.7130 -0.0208
vn 0.4658 0.8849 0.0007
vn 0.2311 0.8933 0.3854
vn 0.1927 0.9550 0.2254
vn 0.1115 0.9533 0.2805
vn 0.1522 0.8867 0.4366
vn 0.0721 0.9560 0.2844
vn 0.0536 0.9542 0.2942
vn 0.1088 0.8918 0.4392
vn 0.0710 0.9100 0.4085
vn 0.0909 0.8827 0.4610
vn -0.0612 0.1939 0.9791
vn 0.0766 0.6436 0.7615
vn 0.8722 0.3293 0.3618
vn 0.8929 -0.2489 0.3751
vn 0.9023 -0.3499 0.2518
vn 0.7988 0.1268 0.5881
vn 0.5879 0.7141 0.3801
vn 0.8163 -0.2197 0.5342
vn 0.6789 0.2568 0.6878
vn 0.6501 -0.0033 0.7599
vn 0.5010 -0.0217 0.8652
vn 0.6534 -0.1408 0.7438
vn 0.4760 0.1424 0.8678
vn 0.6819 -0.2631 0.6825
vn 0.8808 -0.3344 0.3351
vn -0.1505 0.8665 -0.4759
vn 0.1701 0.9846 0.0401
vn 0.0462 0.9858 0.1612
vn -0.0863 0.9903 -0.1094
vn -0.1733 0.0010 -0.9849
vn -0.1689 0.1702 -0.9708
vn -0.1794 0.1758 -0.9680
vn -0.1545 0.3981 -0.9042
vn -0.1371 0.7049 -0.6959
vn -0.1576 0.4106 -0.8981
vn 0.0104 0.9975 0.0696
vn 0.0366 0.9760 0.2145
vn 0.0011 0.9970 0.0777
vn -0.0621 0.9780 -0.1992
vn -0.0387 0.9832 -0.1785
vn -0.0912 0.9271 -0.3636
vn -0.0497 0.9795 -0.1950
vn -0.1486 0.6431 -0.7512
vn -0.1112 0.8518 -0.5120
vn -0.1149 0.8576 -0.5013
vn -0.1509 0.5502 -0.8212
vn 0.0749 0.8970 0.4357
vn 0.1029 0.8101 0.5772
vn 0.1328 0.6513 0.7472
vn 0.1157 0.7356 0.6675
vn 0.1550 0.4751 0.8662
vn 0.0432 0.9599 0.2770
vn -0.9264 0.3747 -0.0359
vn -0.9276 0.3735 0.0046
vn -0.8689 0.3972 -0.2953
vn -0.8217 0.3765 -0.4278
vn 0.9334 -0.3589 0.0026
vn 0.9367 -0.3501 0.0072
vn 0.4913 -0.1246 0.8621
vn 0.3429 0.0884 0.9352
vn 0.3441 -0.0622 0.9369
vn 0.2533 0.1428 0.9568
vn 0.2573 -0.0230 0.9660
vn 0.2031 0.1521 0.9673
vn 0.2088 -0.0356 0.9773
vn 0.1716 0.3628 0.9159
vn 0.1828 0.1766 0.9672
vn -0.0713 0.0313 -0.9970
vn -0.0865 0.0327 -0.9957
vn -0.0851 0.0427 -0.9955
vn 0.9046 -0.3456 -0.2495
vn 0.2701 -0.1018 -0.9574
vn 0.1726 -0.0415 -0.9841
vn -0.2601 0.3084 -0.9150
vn -0.3180 0.3582 -0.8778
vn -0.4480 0.3961 -0.8015
vn -0.6526 0.4672 -0.5965
vn 0.1645 0.3586 0.9189
vn 0.1703 0.1523 0.9735
vn 0.1841 -0.0164 0.9828
vn 0.1718 -0.0103 0.9851
vn 0.1419 0.5465 0.8254
vn 0.1567 0.3744 0.9139
vn 0.1401 0.5470 0.8253
vn 0.1611 0.2920 0.9428
vn -0.9492 0.3146 0.0069
vn -0.9498 0.3125 0.0155
vn -0.9294 0.2932 0.2242
vn -0.9456 0.3254 0.0021
vn -0.9560 0.2926 0.0185
vn -0.9518 -0.2990 0.0683
vn -0.8717 -0.3950 0.2901
vn -0.9403 0.3403 -0.0011
vn -0.2756 -0.6902 -0.6691
vn -0.2256 -0.6471 -0.7283
vn -0.2611 -0.2900 -0.9207
vn 0.9405 -0.3397 0.0049
vn 0.9410 -0.3383 -0.0045
vn 0.9362 -0.3513 0.0045
vn 0.9341 -0.3472 0.0827
vn 0.9252 -0.3468 0.1539
vn 0.9387 -0.3291 0.1027
vn 0.9094 -0.3601 0.2079
vn 0.5870 -0.7111 -0.3868
vn 0.8281 -0.5584 -0.0496
vn -0.7262 -0.3283 0.6040
vn -0.3048 -0.8886 0.3426
vn -0.2212 -0.6915 0.6876
vn 0.8388 -0.5306 0.1221
vn 0.1251 -0.2390 0.9629
vn 0.7785 -0.3935 0.4889
vn -0.1434 -0.1159 0.9828
vn -0.4274 -0.7141 0.5545
vn -0.5042 -0.7744 0.3822
vn -0.9976 0.0691 -0.0087
vn 0.0238 -0.8385 0.5444
vn 0.7815 -0.5618 0.2713
vn -0.4449 -0.8698 0.2131
vn 0.7478 -0.6088 0.2648
vn 0.7647 -0.5736 0.2936
vn -0.9804 -0.1956 -0.0221
vn -0.4940 -0.7996 0.3415
vn -0.1993 -0.3712 -0.9069
vn 0.9036 -0.3922 -0.1722
vn -0.4669 -0.8206 -0.3296
vn -0.9962 -0.0725 -0.0480
vn -0.3167 -0.9484 0.0112
vn -0.0844 -0.9961 -0.0260
vn -0.2245 -0.9744 0.0139
vn -0.5037 -0.8637 -0.0166
vn -0.3453 -0.9322 -0.1084
vn -0.1367 -0.9868 -0.0863
vn 0.7408 -0.6709 0.0335
vn -0.2457 -0.9593 0.1391
vn -0.1553 -0.9258 -0.3447
vn -0.1002 -0.9413 -0.3224
vn -0.1457 -0.8870 -0.4383
vn -0.1553 -0.7737 -0.6143
vn -0.0337 -0.9917 -0.1238
vn 0.0211 -0.9992 0.0332
vn -0.0383 -0.9910 -0.1280
vn -0.0511 -0.9595 -0.2770
vn -0.0163 -0.9809 -0.1937
vn 0.0015 -0.9991 0.0413
vn -0.0989 -0.7539 -0.6496
vn -0.9019 0.3209 -0.2892
vn -0.9442 0.3268 -0.0414
vn -0.9397 0.3420 0.0003
vn -0.9205 0.2705 -0.2820
vn -0.8922 -0.4477 -0.0586
vn -0.9921 0.0780 -0.0980
vn -0.9918 0.1279 0.0061
vn -0.3565 -0.9308 0.0807
vn -0.4603 0.0391 -0.8869
vn -0.9262 0.1449 -0.3481
vn -0.0816 -0.8816 -0.4649
vn 0.9297 -0.3484 0.1192
vn -0.2568 -0.8823 -0.3945
vn 0.9356 -0.3530 -0.0075
vn 0.5888 -0.8083 -0.0040
vn 0.1126 -0.8375 0.5347
vn 0.0742 -0.9058 0.4172
vn 0.0706 -0.9343 0.3494
vn 0.0396 -0.9735 0.2252
vn 0.0130 -0.9905 0.1368
vn -0.3495 -0.6191 0.7033
vn -0.9042 0.0911 0.4172
vn -0.4032 -0.6597 0.6342
vn 0.8488 -0.4031 0.3420
vn 0.2475 -0.9264 0.2839
vn 0.6387 -0.5624 0.5250
vn 0.2859 -0.8923 0.3495
vn 0.8017 -0.3206 0.5045
vn 0.6376 -0.3467 0.6880
vn 0.5561 -0.5632 0.6112
vn 0.2495 -0.9133 0.3220
vn 0.3744 -0.6765 0.6342
vn 0.2584 -0.8130 0.5218
vn -0.4296 -0.9027 0.0259
vn -0.8399 -0.4212 -0.3424
vn -0.2417 -0.9669 0.0813
vn -0.3912 -0.9106 -0.1334
vn -0.1474 -0.9876 0.0533
vn -0.4295 -0.6180 -0.6585
vn -0.3288 -0.2123 -0.9202
vn -0.1486 -0.6683 -0.7289
vn -0.1541 -0.5711 -0.8063
vn -0.1558 -0.4203 -0.8939
vn -0.1660 -0.2786 -0.9459
vn -0.1756 -0.3395 -0.9241
vn -0.1621 -0.2712 -0.9488
vn -0.0004 -0.9986 0.0520
vn -0.0182 -0.9993 -0.0337
vn -0.0183 -0.9873 -0.1581
vn 0.0240 -0.9805 0.1953
vn -0.0659 -0.9670 -0.2459
vn -0.1413 -0.7436 -0.6535
vn 0.0848 -0.8677 0.4899
vn 0.1069 -0.8053 0.5832
vn 0.1328 -0.6729 0.7277
vn 0.1130 -0.7414 0.6615
vn 0.1399 -0.5599 0.8167
vn 0.0970 -0.8157 0.5703
vn -0.9368 0.3499 0.0021
vn -0.8710 0.2372 -0.4302
vn 0.9431 -0.3285 0.0505
vn 0.1699 -0.5341 0.8282
vn 0.2040 -0.3198 0.9253
vn 0.1756 -0.3198 0.9311
vn -0.0734 0.0223 -0.9971
vn 0.1769 -0.0893 -0.9802
vn -0.0846 -0.0000 -0.9964
vn 0.9107 -0.3400 -0.2345
vn -0.3329 0.1221 -0.9350
vn -0.5168 0.1464 -0.8435
vn -0.3696 0.0214 -0.9289
vn -0.6080 0.0459 -0.7926
vn -0.7396 0.2060 -0.6408
vn -0.8122 0.1113 -0.5726
vn -0.4314 -0.0667 -0.8997
vn 0.1482 -0.4810 0.8641
vn 0.1600 -0.3613 0.9186
vn 0.1609 -0.2932 0.9424
vn 0.1464 -0.5483 0.8234
vn 0.9246 0.3789 0.0381
vn 0.9207 0.3903 0.0090
vn 0.8562 0.5149 -0.0436
vn 0.8798 0.3940 -0.2659
vn 0.9301 0.3656 -0.0359
vn 0.9187 0.3949 0.0096
vn 0.8919 0.4519 0.0170
vn 0.9325 0.3610 -0.0011
vn 0.9248 0.3804 0.0021
vn 0.8964 0.4405 -0.0500
vn 0.9303 0.3573 -0.0828
vn -0.9310 -0.3649 -0.0030
vn -0.9750 -0.2105 0.0715
vn -0.7155 0.6943 0.0781
vn -0.4053 0.8950 0.1862
vn -0.9336 -0.3583 -0.0007
vn -0.9336 -0.3581 0.0057
vn -0.5668 0.7646 0.3068
vn -0.9321 -0.2867 0.2211
vn -0.9200 -0.2803 0.2740
vn -0.9163 -0.3497 0.1955
vn -0.9237 -0.3450 0.1664
vn -0.9022 -0.3596 0.2382
vn -0.9324 -0.3515 0.0837
vn -0.9285 -0.3505 0.1225
vn -0.9239 -0.3740 0.0806
vn -0.9229 -0.3537 0.1523
vn -0.9249 -0.3622 0.1160
vn -0.9588 -0.1866 0.2142
vn -0.8713 0.3273 0.3657
vn -0.9918 0.0546 -0.1158
vn -0.9639 -0.2566 -0.0713
vn -0.3380 0.8686 -0.3623
vn 0.1485 0.1882 0.9708
vn 0.0888 0.0991 0.9911
vn 0.9129 0.4000 0.0813
vn 0.1682 0.4917 0.8544
vn -0.2116 0.0427 0.9764
vn -0.8607 -0.0706 0.5042
vn -0.0688 0.4388 0.8959
vn -0.1778 0.8808 0.4387
vn -0.1659 0.9098 0.3805
vn 0.7288 0.6846 0.0116
vn -0.1088 0.9503 0.2917
vn -0.0134 0.9545 0.2979
vn -0.1813 0.9612 0.2078
vn -0.3122 0.9179 0.2451
vn 0.2274 0.9608 -0.1586
vn -0.4064 0.9084 -0.0981
vn -0.3381 0.9350 -0.1074
vn -0.4665 0.8845 -0.0097
vn -0.3559 0.9345 -0.0072
vn -0.4021 0.9153 0.0243
vn -0.5700 0.8214 0.0189
vn -0.2646 0.9641 0.0244
vn -0.3307 0.9403 0.0808
vn -0.0469 0.9968 0.0649
vn 0.0340 0.9874 -0.1545
vn -0.1009 0.9947 0.0174
vn -0.0175 0.9992 0.0352
vn 0.0203 0.9911 -0.1315
vn -0.0090 0.9983 0.0578
vn 0.0304 0.9935 -0.1098
vn 0.0029 1.0000 0.0061
vn 0.0504 0.9775 -0.2049
vn -0.0312 0.9843 0.1737
vn -0.0385 0.9859 0.1627
vn -0.0732 0.9867 0.1450
vn -0.5962 0.6041 0.5289
vn 0.8066 0.3246 -0.4940
vn 0.8923 0.3409 -0.2958
vn 0.6974 0.2585 -0.6685
vn 0.8600 0.4177 -0.2931
vn 0.3152 0.9386 0.1403
vn 0.5596 0.8123 -0.1644
vn 0.8710 0.4339 -0.2306
vn 0.6539 0.7079 0.2671
vn 0.8648 0.5020 0.0121
vn 0.9896 0.1435 0.0022
vn 0.5122 0.8588 -0.0115
vn 0.5594 0.8172 0.1389
vn 0.2110 0.4993 -0.8404
vn 0.1739 0.6711 -0.7207
vn 0.1882 0.5026 -0.8438
vn 0.1308 0.8492 -0.5115
vn 0.1104 0.9010 -0.4196
vn 0.0945 0.8965 -0.4329
vn 0.2267 0.6909 -0.6865
vn -0.3905 0.3589 0.8478
vn -0.9585 -0.1491 0.2430
vn -0.7748 -0.0394 -0.6310
vn -0.9354 -0.3535 0.0002
vn -0.7398 0.6700 -0.0625
vn -0.9215 0.3883 -0.0119
vn -0.2311 0.8933 0.3854
vn -0.1097 0.9543 0.2779
vn -0.1928 0.9552 0.2246
vn -0.0805 0.9505 0.3002
vn -0.0533 0.9536 0.2963
vn -0.1522 0.8867 0.4366
vn -0.1092 0.8913 0.4401
vn -0.0905 0.8838 0.4590
vn -0.0780 0.8917 0.4459
vn -0.8920 -0.2505 0.3762
vn -0.8028 0.0929 0.5890
vn -0.5885 0.7228 0.3622
vn -0.8165 -0.2196 0.5340
vn -0.6544 -0.0063 0.7561
vn -0.6859 0.2376 0.6878
vn -0.5001 -0.0201 0.8658
vn -0.4760 0.1424 0.8678
vn -0.6532 -0.1391 0.7443
vn -0.6791 -0.2631 0.6853
vn -0.8917 -0.3622 0.2714
vn -0.8623 -0.3756 0.3396
vn -0.1588 0.9865 0.0407
vn 0.1266 0.9158 -0.3812
vn 0.4632 0.7985 -0.3845
vn -0.2208 0.9720 0.0806
vn -0.1531 0.9800 0.1268
vn -0.5346 0.7213 0.4405
vn 0.0940 0.9666 -0.2386
vn 0.1689 0.1701 -0.9708
vn 0.1729 0.0071 -0.9849
vn 0.1802 0.1770 -0.9676
vn -0.0055 0.9902 0.1395
vn -0.0120 0.9973 0.0726
vn -0.0014 0.9997 0.0230
vn 0.0109 0.9965 -0.0823
vn 0.0259 0.9956 -0.0896
vn 0.0628 0.9511 -0.3025
vn 0.0411 0.9965 -0.0724
vn 0.0766 0.9450 -0.3178
vn 0.1189 0.8960 -0.4279
vn 0.1160 0.8329 -0.5412
vn 0.1611 0.6755 -0.7195
vn 0.1587 0.6685 -0.7266
vn 0.1588 0.6571 -0.7369
vn 0.1667 0.5165 -0.8399
vn 0.1609 0.7142 -0.6812
vn 0.1267 0.8646 -0.4862
vn -0.0768 0.8922 0.4451
vn -0.0997 0.8224 0.5600
vn -0.0340 0.9677 0.2498
vn -0.0884 0.8519 0.5163
vn -0.1003 0.8076 0.5811
vn -0.1187 0.7149 0.6890
vn 0.9330 0.3599 0.0020
vn 0.9353 0.3539 -0.0002
vn 0.8703 0.3728 -0.3217
vn 0.8219 0.4048 -0.4007
vn 0.8286 0.3497 -0.4372
vn 0.8958 0.3845 -0.2230
vn 0.8946 0.3252 -0.3064
vn 0.9046 0.4055 -0.1316
vn 0.9296 0.3420 -0.1373
vn -0.9344 -0.3561 0.0043
vn -0.9308 -0.3655 0.0062
vn -0.9213 -0.3856 0.0502
vn -0.4905 -0.1239 0.8626
vn -0.3441 -0.0622 0.9369
vn -0.3429 0.0884 0.9352
vn -0.2573 -0.0230 0.9660
vn -0.2533 0.1428 0.9568
vn -0.1690 0.3653 0.9154
vn -0.2030 0.1512 0.9674
vn -0.1805 0.2005 0.9629
vn -0.2085 -0.0354 0.9774
vn 0.0713 0.0313 -0.9970
vn -0.1889 -0.0481 -0.9808
vn 0.0700 0.0705 -0.9951
vn -0.2702 -0.1016 -0.9574
vn -0.6450 -0.1587 -0.7475
vn -0.9054 -0.3437 -0.2492
vn -0.9339 -0.3575 0.0014
vn 0.2457 0.3650 -0.8980
vn 0.3396 0.3347 -0.8790
vn 0.4798 0.3777 -0.7919
vn 0.3715 0.3964 -0.8395
vn -0.1841 -0.0165 0.9828
vn -0.1703 0.1496 0.9740
vn -0.1595 0.3706 0.9150
vn -0.1422 0.5379 0.8309
vn -0.1610 0.2986 0.9407
vn 0.8689 -0.4877 0.0844
vn 0.9947 0.0583 0.0845
vn 0.3692 -0.9093 0.1920
vn 0.9484 0.3171 0.0064
vn 0.9853 0.1612 -0.0571
vn 0.9461 0.3238 -0.0019
vn 0.9409 0.3293 -0.0790
vn 0.9368 0.3480 -0.0363
vn 0.9449 0.3273 0.0014
vn 0.9598 0.2789 -0.0304
vn 0.9557 0.2879 0.0620
vn 0.3187 -0.1520 -0.9356
vn 0.2564 -0.2256 -0.9399
vn 0.2930 -0.6482 -0.7028
vn 0.2079 -0.2949 -0.9326
vn 0.2051 -0.6013 -0.7723
vn 0.1850 -0.5205 -0.8336
vn 0.1565 -0.5374 -0.8287
vn 0.1124 -0.8183 -0.5636
vn 0.1795 -0.3627 -0.9145
vn 0.1894 -0.2642 -0.9457
vn 0.1693 -0.2714 -0.9475
vn 0.1747 -0.1601 -0.9715
vn 0.1895 0.0079 -0.9818
vn -0.9406 -0.3394 0.0050
vn -0.9362 -0.3516 -0.0039
vn -0.9384 -0.3456 -0.0040
vn -0.9389 -0.3442 0.0015
vn -0.9358 -0.3525 0.0055
vn -0.6259 -0.7035 0.3367
vn -0.8102 -0.5179 0.2745
vn -0.9262 -0.3462 0.1494
vn -0.9399 -0.3311 0.0833
vn -0.9354 -0.3369 0.1075
vn -0.9363 -0.3486 0.0428
vn -0.6829 -0.7285 -0.0540
vn -0.9427 -0.3336 -0.0060
vn -0.8586 -0.5092 -0.0601
vn 0.3301 -0.6972 0.6364
vn 0.2848 -0.9008 0.3279
vn -0.7963 -0.5524 0.2464
vn 0.1478 -0.1033 0.9836
vn -0.8523 -0.3962 0.3414
vn -0.2096 -0.2670 0.9406
vn 0.9968 0.0785 0.0121
vn 0.4509 -0.7827 0.4290
vn 0.4807 -0.6637 0.5732
vn 0.3474 -0.7301 0.5884
vn 0.9966 0.0333 -0.0759
vn -0.6283 -0.6938 0.3520
vn -0.4723 -0.7257 0.5003
vn 0.4966 -0.8073 0.3189
vn -0.7181 -0.6470 0.2563
vn 0.5423 -0.7749 0.3248
vn 0.9006 -0.4268 -0.0822
vn 0.2357 -0.3381 -0.9111
vn -0.2808 -0.8060 -0.5211
vn -0.1377 -0.3922 -0.9095
vn 0.2758 -0.9374 -0.2128
vn 0.2356 -0.9717 -0.0186
vn 0.3375 -0.9412 -0.0151
vn 0.3947 -0.9182 0.0337
vn 0.3145 -0.9491 0.0155
vn 0.1272 -0.9919 0.0030
vn 0.3008 -0.9490 0.0945
vn 0.0390 -0.9896 -0.1384
vn -0.0072 -0.9982 0.0599
vn -0.0280 -0.9987 0.0419
vn 0.0108 -0.9973 -0.0727
vn 0.0565 -0.9689 -0.2410
vn 0.0534 -0.9494 -0.3094
vn 0.0245 -0.9811 -0.1921
vn 0.8764 0.2459 -0.4141
vn 0.9395 0.3392 -0.0472
vn 0.9009 0.3195 -0.2936
vn 0.9302 0.3645 -0.0436
vn 0.9790 -0.2032 -0.0154
vn 0.9562 -0.2925 0.0060
vn 0.8954 -0.4451 -0.0110
vn 0.9504 0.3109 0.0057
vn 0.3237 -0.9423 -0.0851
vn 0.3581 -0.7096 -0.6067
vn 0.8272 0.0076 -0.5618
vn 0.1062 -0.8998 -0.4232
vn 0.1182 -0.7214 -0.6824
vn 0.0936 -0.8788 -0.4679
vn 0.0561 -0.9371 -0.3444
vn -0.6357 -0.7643 0.1083
vn -0.6788 -0.3222 -0.6598
vn -0.6845 -0.7286 -0.0230
vn -0.3821 -0.9241 -0.0094
vn -0.7276 -0.6856 0.0217
vn -0.1605 -0.8222 0.5461
vn -0.0666 -0.9416 0.3302
vn -0.1134 -0.8326 0.5421
vn -0.1852 -0.6705 0.7184
vn -0.1565 -0.6734 0.7225
vn -0.1235 -0.7480 0.6521
vn -0.0114 -0.9969 0.0773
vn -0.0482 -0.9614 0.2710
vn -0.0474 -0.9786 0.2005
vn 0.2003 -0.0875 0.9758
vn -0.2089 -0.9333 0.2920
vn -0.6719 -0.5558 0.4895
vn -0.7306 -0.6126 0.3014
vn -0.8198 -0.3525 0.4512
vn -0.4900 -0.2534 0.8341
vn -0.6382 -0.3453 0.6881
vn -0.5558 -0.5636 0.6112
vn -0.2393 -0.9220 0.3045
vn -0.3744 -0.6765 0.6342
vn -0.2385 -0.8232 0.5153
vn 0.1917 -0.9809 0.0334
vn 0.3520 -0.9314 -0.0932
vn 0.3174 -0.9431 -0.0990
vn 0.0210 -0.9935 -0.1120
vn 0.0703 -0.9967 -0.0398
vn 0.1529 -0.9274 -0.3414
vn 0.2680 -0.9171 -0.2952
vn 0.6589 -0.4947 -0.5666
vn 0.4542 -0.4835 -0.7483
vn 0.1552 -0.5447 -0.8242
vn 0.1639 -0.2821 -0.9453
vn 0.1490 -0.6476 -0.7473
vn 0.0193 -0.9939 -0.1088
vn 0.0098 -0.9995 0.0311
vn 0.0658 -0.9431 -0.3259
vn 0.1231 -0.8428 -0.5240
vn 0.1484 -0.7184 -0.6796
vn 0.1471 -0.6757 -0.7224
vn -0.1014 -0.8273 0.5526
vn -0.1316 -0.6800 0.7213
vn -0.0852 -0.8653 0.4939
vn -0.0318 -0.9713 0.2359
vn -0.0704 -0.9170 0.3927
vn 0.9396 0.3424 0.0011
vn 0.9292 0.3092 -0.2027
vn 0.9189 0.2661 -0.2912
vn 0.9508 0.2854 -0.1206
vn 0.9593 0.2752 -0.0629
vn -0.9397 -0.3396 0.0411
vn -0.9428 -0.3330 0.0124
vn -0.9481 -0.3060 0.0862
vn -0.9421 -0.3351 0.0109
vn -0.1759 -0.5105 0.8417
vn 0.0733 0.0223 -0.9971
vn -0.1597 -0.0835 -0.9836
vn -0.9082 -0.3368 -0.2485
vn 0.7447 0.2010 -0.6364
vn 0.8442 0.3041 -0.4414
vn 0.6953 0.2567 -0.6713
vn 0.6208 0.0220 -0.7837
vn 0.8032 0.1242 -0.5826
vn 0.4375 -0.0708 -0.8964
vn -0.1425 -0.5393 0.8300
vn -0.1633 -0.3194 0.9334
vn -0.1460 -0.5324 0.8338
vn -0.1250 -0.6763 0.7259
vn -0.1524 -0.5338 0.8318
vn -0.1748 -0.3224 0.9303
vn -0.1126 -0.7505 0.6512
vn 0.9337 -0.3574 0.0210
vn 0.8963 -0.4399 0.0562
vn 0.9111 -0.4121 0.0023
vn 0.1275 -0.9835 -0.1283
vn 0.4112 -0.7517 -0.5156
vn 0.7889 -0.5072 -0.3469
vn 0.8680 -0.4966 0.0062
vn 0.8997 -0.4362 -0.0138
vn 0.9292 -0.3674 -0.0407
vn 0.8723 -0.4852 -0.0597
vn 0.9330 -0.3600 0.0028
vn 0.9350 -0.3546 -0.0018
vn 0.9378 -0.3451 -0.0381
vn 0.1188 -0.8730 -0.4729
vn 0.2496 -0.5121 -0.8219
vn 0.0848 -0.9434 -0.3207
vn 0.1681 -0.5333 -0.8290
vn 0.1833 -0.4078 -0.8945
vn 0.1712 -0.4060 -0.8977
vn -0.9327 0.3606 0.0025
vn -0.9359 0.3522 0.0055
vn -0.9381 0.3464 -0.0020
vn -0.9324 0.3614 -0.0064
vn -0.9303 0.3668 0.0031
vn -0.9303 0.3669 -0.0008
vn -0.9990 0.0262 0.0361
vn -0.9289 0.3699 0.0184
vn -0.9295 0.3688 0.0034
vn -0.6018 -0.7364 0.3090
vn -0.9195 0.2875 0.2683
vn -0.9323 0.2781 0.2314
vn -0.9175 0.3463 0.1955
vn -0.9248 0.3420 0.1665
vn -0.9453 0.2691 0.1842
vn -0.9306 0.3536 0.0946
vn -0.9678 0.1046 0.2289
vn -0.9279 0.3475 0.1348
vn -0.9359 0.3516 -0.0215
vn -0.9818 -0.1846 -0.0451
vn 0.0620 -0.1756 0.9825
vn 0.6322 -0.5278 0.5673
vn 0.2891 -0.2875 0.9131
vn -0.0817 -0.4080 0.9093
vn -0.2246 -0.1144 0.9677
vn -0.9448 0.1924 0.2653
vn -0.9483 -0.2281 0.2208
vn -0.2605 -0.7547 0.6022
vn 0.7611 -0.6476 0.0362
vn 0.8290 -0.5586 -0.0272
vn -0.0744 -0.8359 0.5439
vn -0.1589 -0.9053 0.3940
vn 0.8301 -0.5418 -0.1318
vn -0.2251 -0.9486 0.2223
vn -0.3085 -0.9129 0.2675
vn -0.1052 -0.9543 0.2796
vn -0.9480 0.0668 0.3113
vn -0.9526 0.3037 -0.0157
vn -0.3313 -0.6900 -0.6436
vn -0.3354 -0.8698 -0.3619
vn -0.3475 -0.9338 -0.0848
vn -0.4043 -0.9145 -0.0144
vn -0.2961 -0.9544 0.0387
vn -0.3926 -0.9194 0.0233
vn -0.0170 -0.9996 0.0230
vn 0.0726 -0.9662 -0.2472
vn -0.0016 -0.9997 0.0223
vn 0.0441 -0.9794 -0.1971
vn 0.1806 -0.6508 -0.7375
vn 0.0004 -0.9993 0.0368
vn 0.0570 -0.9753 -0.2134
vn -0.0375 -0.9780 0.2053
vn -0.0447 -0.9845 0.1698
vn -0.0751 -0.9831 0.1667
vn -0.1580 -0.9791 0.1283
vn -0.0227 -0.9996 -0.0169
vn -0.0593 -0.9917 -0.1144
vn -0.8743 0.2648 0.4069
vn -0.9266 0.3690 0.0721
vn 0.8932 -0.3437 -0.2900
vn 0.7630 -0.3033 -0.5709
vn 0.6973 -0.2585 -0.6685
vn 0.9357 -0.3529 0.0007
vn 0.9317 -0.3615 -0.0360
vn 0.9368 -0.3447 -0.0597
vn 0.9034 -0.4210 0.0812
vn 0.7527 -0.5969 -0.2777
vn 0.6682 -0.7390 -0.0864
vn 0.9085 -0.4122 -0.0685
vn -0.2278 -0.9737 0.0002
vn 0.3886 -0.9214 0.0013
vn 0.0507 -0.9656 -0.2550
vn 0.0357 -0.9910 -0.1290
vn 0.0956 -0.8754 -0.4739
vn -0.9729 -0.2312 -0.0036
vn -0.7008 -0.7130 -0.0208
vn -0.4657 -0.8849 0.0007
vn -0.2311 -0.8933 0.3854
vn -0.1927 -0.9550 0.2254
vn -0.1115 -0.9533 0.2805
vn -0.1522 -0.8867 0.4366
vn -0.0721 -0.9560 0.2844
vn -0.0536 -0.9542 0.2942
vn -0.1088 -0.8918 0.4392
vn -0.0710 -0.9100 0.4085
vn -0.0909 -0.8827 0.4610
vn -0.8722 -0.3293 0.3618
vn -0.8929 0.2489 0.3751
vn -0.9023 0.3499 0.2518
vn -0.7988 -0.1268 0.5881
vn -0.5879 -0.7141 0.3801
vn -0.8163 0.2197 0.5342
vn -0.6789 -0.2568 0.6878
vn -0.6500 0.0033 0.7599
vn -0.5011 0.0217 0.8651
vn -0.6534 0.1408 0.7438
vn -0.4760 -0.1424 0.8678
vn -0.6819 0.2631 0.6825
vn -0.8808 0.3344 0.3351
vn 0.1505 -0.8665 -0.4758
vn -0.1701 -0.9846 0.0401
vn -0.0461 -0.9859 0.1612
vn 0.0863 -0.9902 -0.1094
vn 0.1733 -0.0010 -0.9849
vn 0.1689 -0.1702 -0.9708
vn 0.1794 -0.1757 -0.9680
vn 0.1544 -0.3981 -0.9043
vn 0.1371 -0.7049 -0.6960
vn 0.1575 -0.4106 -0.8981
vn -0.0104 -0.9975 0.0697
vn -0.0366 -0.9761 0.2144
vn -0.0011 -0.9970 0.0777
vn 0.0621 -0.9780 -0.1992
vn 0.0387 -0.9832 -0.1784
vn 0.0912 -0.9271 -0.3636
vn 0.0497 -0.9795 -0.1950
vn 0.1486 -0.6431 -0.7513
vn 0.1112 -0.8518 -0.5120
vn 0.1149 -0.8576 -0.5013
vn 0.1509 -0.5503 -0.8212
vn -0.0749 -0.8969 0.4358
vn -0.1029 -0.8101 0.5772
vn -0.1328 -0.6512 0.7472
vn -0.1158 -0.7354 0.6677
vn -0.1550 -0.4750 0.8662
vn -0.0432 -0.9599 0.2770
vn 0.9264 -0.3747 -0.0359
vn 0.9215 -0.3882 0.0088
vn 0.8689 -0.3972 -0.2952
vn 0.8217 -0.3765 -0.4278
vn -0.9334 0.3589 0.0026
vn -0.9367 0.3501 0.0073
vn -0.4913 0.1246 0.8621
vn -0.3429 -0.0884 0.9352
vn -0.3441 0.0622 0.9369
vn -0.2533 -0.1428 0.9568
vn -0.2573 0.0230 0.9660
vn -0.2031 -0.1522 0.9673
vn -0.2088 0.0356 0.9773
vn -0.1716 -0.3628 0.9159
vn -0.1828 -0.1766 0.9672
vn 0.0713 -0.0313 -0.9970
vn 0.0865 -0.0326 -0.9957
vn 0.0851 -0.0428 -0.9955
vn -0.9046 0.3456 -0.2494
vn -0.2700 0.1018 -0.9575
vn -0.1727 0.0416 -0.9841
vn 0.2601 -0.3084 -0.9150
vn 0.3180 -0.3582 -0.8778
vn 0.4480 -0.3961 -0.8015
vn 0.6526 -0.4672 -0.5965
vn -0.1645 -0.3586 0.9189
vn -0.1703 -0.1523 0.9735
vn -0.1841 0.0164 0.9828
vn -0.1718 0.0103 0.9851
vn -0.1419 -0.5465 0.8254
vn -0.1567 -0.3744 0.9139
vn -0.1401 -0.5471 0.8253
vn -0.1611 -0.2920 0.9428
vn 0.9492 -0.3145 0.0069
vn 0.9498 -0.3125 0.0155
vn 0.9294 -0.2932 0.2243
vn 0.9438 -0.3305 0.0023
vn 0.9549 -0.2963 0.0166
vn 0.9518 0.2991 0.0683
vn 0.8717 0.3949 0.2901
vn 0.9399 -0.3415 -0.0002
vn 0.2756 0.6902 -0.6691
vn 0.2256 0.6471 -0.7283
vn 0.2611 0.2900 -0.9207
vn -0.9405 0.3397 0.0049
vn -0.9416 0.3367 -0.0033
vn -0.9369 0.3495 0.0039
vn -0.9341 0.3472 0.0827
vn -0.9252 0.3468 0.1539
vn -0.9387 0.3291 0.1026
vn -0.9094 0.3601 0.2080
vn -0.5849 0.7085 -0.3949
vn -0.8600 0.5089 -0.0390
vn 0.7263 0.3283 0.6040
vn 0.3048 0.8887 0.3426
vn 0.2212 0.6915 0.6876
vn -0.8388 0.5305 0.1220
vn -0.1252 0.2391 0.9629
vn -0.7785 0.3935 0.4889
vn 0.1434 0.1159 0.9828
vn 0.4274 0.7141 0.5545
vn 0.5042 0.7744 0.3822
vn 0.9976 -0.0691 -0.0087
vn -0.0238 0.8385 0.5445
vn -0.7815 0.5618 0.2713
vn 0.4449 0.8698 0.2131
vn -0.7478 0.6088 0.2649
vn -0.7647 0.5736 0.2936
vn 0.9804 0.1955 -0.0221
vn 0.4940 0.7996 0.3415
vn 0.1993 0.3712 -0.9069
vn -0.9036 0.3922 -0.1723
vn 0.9867 0.1509 -0.0608
vn 0.1369 0.9869 -0.0851
vn 0.3590 0.9289 -0.0903
vn 0.3167 0.9484 0.0112
vn 0.0136 0.9996 -0.0254
vn 0.2244 0.9744 0.0139
vn 0.5035 0.8639 -0.0166
vn -0.7399 0.6718 0.0336
vn 0.2458 0.9593 0.1391
vn 0.1553 0.9258 -0.3447
vn 0.1002 0.9413 -0.3224
vn 0.1457 0.8870 -0.4383
vn 0.1553 0.7737 -0.6143
vn 0.0337 0.9917 -0.1238
vn -0.0211 0.9992 0.0333
vn 0.0383 0.9910 -0.1280
vn 0.0511 0.9595 -0.2769
vn 0.0163 0.9809 -0.1938
vn -0.0015 0.9991 0.0414
vn 0.0989 0.7539 -0.6495
vn 0.9019 -0.3209 -0.2892
vn 0.9441 -0.3273 -0.0400
vn 0.9395 -0.3425 0.0009
vn 0.9205 -0.2705 -0.2820
vn 0.8922 0.4478 -0.0586
vn 0.9921 -0.0780 -0.0980
vn 0.4661 0.8214 -0.3287
vn 0.9918 -0.1277 0.0061
vn 0.3565 0.9308 0.0807
vn 0.4603 -0.0391 -0.8869
vn 0.9262 -0.1450 -0.3481
vn 0.0805 0.8896 -0.4496
vn -0.9297 0.3484 0.1192
vn 0.2761 0.9013 -0.3337
vn -0.5887 0.8083 -0.0040
vn -0.9349 0.3548 -0.0059
vn -0.1127 0.8375 0.5348
vn -0.0742 0.9058 0.4172
vn -0.0706 0.9343 0.3493
vn -0.0397 0.9735 0.2253
vn -0.0310 0.9798 0.1974
vn 0.3496 0.6190 0.7033
vn 0.9160 -0.1035 0.3875
vn 0.4032 0.6596 0.6343
vn -0.8488 0.4031 0.3420
vn -0.2474 0.9264 0.2838
vn -0.6387 0.5624 0.5251
vn -0.2859 0.8923 0.3495
vn -0.8017 0.3206 0.5045
vn -0.6376 0.3467 0.6880
vn -0.5562 0.5631 0.6112
vn -0.2495 0.9133 0.3220
vn -0.3744 0.6765 0.6342
vn -0.2584 0.8130 0.5218
vn 0.4296 0.9027 0.0260
vn 0.8399 0.4212 -0.3424
vn 0.2417 0.9669 0.0813
vn 0.3912 0.9106 -0.1334
vn 0.1474 0.9876 0.0533
vn 0.4295 0.6180 -0.6585
vn 0.3287 0.2123 -0.9202
vn 0.1486 0.6672 -0.7299
vn 0.1541 0.5696 -0.8073
vn 0.1558 0.4203 -0.8939
vn 0.1660 0.2786 -0.9459
vn 0.1756 0.3395 -0.9241
vn 0.1621 0.2712 -0.9488
vn -0.0123 0.9970 0.0759
vn 0.0425 0.9749 -0.2186
vn 0.0183 0.9873 -0.1581
vn 0.0186 0.9997 -0.0172
vn 0.1153 0.8762 -0.4679
vn 0.1413 0.7428 -0.6544
vn -0.0848 0.8677 0.4899
vn -0.1069 0.8052 0.5832
vn -0.1328 0.6729 0.7277
vn -0.1130 0.7415 0.6614
vn -0.1399 0.5599 0.8167
vn -0.0970 0.8157 0.5703
vn -0.0290 0.9728 0.2300
vn 0.8710 -0.2372 -0.4301
vn -0.9431 0.3285 0.0505
vn -0.1699 0.5340 0.8282
vn -0.2040 0.3198 0.9253
vn -0.1756 0.3198 0.9311
vn 0.0734 -0.0223 -0.9971
vn -0.1769 0.0893 -0.9802
vn 0.0846 -0.0000 -0.9964
vn -0.9107 0.3400 -0.2345
vn 0.3329 -0.1221 -0.9350
vn 0.5168 -0.1464 -0.8435
vn 0.3696 -0.0214 -0.9289
vn 0.6080 -0.0459 -0.7926
vn 0.7396 -0.2060 -0.6408
vn 0.8122 -0.1113 -0.5726
vn 0.4315 0.0667 -0.8996
vn -0.1482 0.4810 0.8641
vn -0.1600 0.3613 0.9186
vn -0.1609 0.2932 0.9424
vn -0.1464 0.5483 0.8234
vn -0.7982 -0.5961 0.0868
vn -0.0271 -0.8405 0.5411
vn -0.2243 -0.3878 -0.8940
vn -0.2288 -0.3150 -0.9211
vn -0.2611 -0.2346 -0.9364
vn -0.2001 -0.3898 -0.8989
vn -0.2014 -0.2711 -0.9413
vn -0.2318 -0.2086 -0.9501
vn -0.2654 -0.1231 -0.9563
vn -0.2379 -0.0656 -0.9691
vn -0.2822 0.0079 -0.9593
vn -0.2167 -0.1501 -0.9646
vn -0.2141 -0.0280 -0.9764
vn -0.2407 0.0599 -0.9688
vn -0.1974 -0.1416 -0.9700
vn -0.2036 0.1114 -0.9727
vn -0.1779 -0.2993 -0.9374
vn -0.1729 -0.4111 -0.8950
vn 0.2570 -0.7555 0.6027
vn 0.1525 -0.7738 -0.6148
vn 0.1016 -0.4110 -0.9060
vn -0.0125 -0.1548 -0.9879
vn -0.0936 -0.0638 -0.9936
vn -0.5865 -0.3253 -0.7418
vn -0.7900 -0.3185 -0.5240
vn -0.4218 -0.9067 0.0072
vn 0.1928 -0.7995 0.5690
vn 0.4484 -0.5399 0.7124
vn 0.4636 -0.2917 0.8367
vn 0.2540 -0.6285 0.7352
vn 0.3742 -0.7386 0.5608
vn 0.1332 -0.8218 0.5540
vn 0.3055 -0.4162 0.8564
vn 0.1816 -0.6643 0.7251
vn 0.0853 -0.8846 0.4585
vn 0.1237 -0.7804 0.6129
vn 0.0921 -0.8492 0.5199
vn 0.1450 -0.6808 0.7180
vn 0.2192 -0.4757 0.8518
vn 0.1217 -0.7311 0.6714
vn 0.1750 -0.5031 0.8463
vn 0.9222 -0.1516 0.3557
vn 0.2892 -0.9493 0.1229
vn -0.1587 -0.5357 -0.8293
vn -0.1648 -0.2980 -0.9403
vn -0.1685 -0.0239 -0.9854
vn -0.1662 -0.1591 -0.9732
vn -0.1607 -0.2968 -0.9413
vn -0.1545 -0.6096 -0.7775
vn -0.2175 -0.4200 -0.8811
vn 0.0999 -0.8152 0.5706
vn 0.1204 -0.7177 0.6858
vn 0.1557 -0.5130 0.8442
vn 0.1466 -0.5266 0.8374
vn 0.0767 -0.8909 0.4478
vn 0.1068 -0.7706 0.6283
vn 0.1288 -0.6454 0.7529
vn 0.1207 -0.6937 0.7100
vn -0.6857 -0.4115 -0.6005
vn 0.9367 0.3500 0.0084
vn 0.9282 0.3694 0.0437
vn 0.3374 -0.2181 0.9158
vn 0.2457 -0.2801 0.9280
vn 0.1966 -0.3110 0.9299
vn -0.0851 -0.0429 -0.9954
vn -0.0865 -0.0326 -0.9957
vn -0.3393 -0.1194 -0.9331
vn -0.3324 -0.2203 -0.9170
vn -0.5031 -0.1828 -0.8446
vn -0.4897 -0.2637 -0.8311
vn -0.6938 -0.3191 -0.6456
vn 0.1718 0.0104 0.9851
vn 0.1663 -0.1651 0.9722
vn 0.1684 -0.0084 0.9857
vn -0.4379 0.8806 -0.1810
vn -0.9516 -0.3073 0.0093
vn -0.9443 -0.3272 -0.0351
vn -0.1986 0.3473 -0.9165
vn 0.9158 0.3596 0.1789
vn -0.4787 -0.0431 0.8769
vn -0.4738 0.2515 0.8439
vn -0.2025 0.3760 0.9042
vn -0.9645 -0.1069 0.2415
vn 0.5366 0.5172 0.6668
vn -0.4956 0.7950 0.3497
vn -0.1541 0.0784 -0.9849
vn -0.1587 -0.0135 -0.9872
vn -0.0994 0.0067 -0.9950
vn -0.3373 0.5633 0.7543
vn -0.0889 -0.0287 -0.9956
vn -0.6972 -0.2585 -0.6686
vn -0.2234 -0.0825 -0.9712
vn -0.8045 0.5939 0.0001
vn 0.2319 0.6783 0.6972
vn 0.0960 0.9489 0.3005
vn 0.3524 0.2155 0.9107
vn 0.4805 0.3472 0.8053
vn 0.4328 0.5385 0.7230
vn 0.2981 0.4967 0.8151
vn -0.6627 0.6716 -0.3313
vn -0.0987 0.9938 0.0519
vn -0.1689 0.1584 -0.9728
vn 0.1068 0.7716 0.6271
vn 0.0771 0.8893 0.4507
vn 0.1172 0.7148 0.6895
vn -0.8701 -0.2499 -0.4249
vn 0.2632 0.1911 0.9456
vn 0.3344 0.3460 0.8766
vn 0.2089 0.1740 0.9623
vn 0.2496 0.3424 0.9058
vn 0.2038 0.3195 0.9254
vn 0.1821 0.1627 0.9697
vn 0.2230 0.5039 0.8345
vn -0.3723 -0.0173 -0.9279
vn -0.5267 -0.1093 -0.8430
vn 0.1704 0.1579 0.9726
vn 0.1662 0.1569 0.9735
vn 0.1607 0.2960 0.9416
vn -0.4422 0.8953 0.0546
vn 0.0985 0.8220 0.5609
vn 0.3250 0.9262 0.1912
vn -0.9245 0.3732 -0.0780
vn -0.9351 0.3446 -0.0832
vn -0.2425 0.3329 -0.9112
vn -0.2591 0.3698 -0.8923
vn -0.2611 0.2346 -0.9364
vn -0.1998 0.3749 -0.9053
vn -0.2320 0.2525 -0.9394
vn -0.2654 0.1231 -0.9563
vn -0.2369 0.0765 -0.9685
vn -0.2800 0.0039 -0.9600
vn -0.2136 0.1910 -0.9581
vn -0.2128 0.0514 -0.9757
vn -0.2426 -0.0509 -0.9688
vn -0.2121 -0.0761 -0.9743
vn -0.1896 -0.0134 -0.9818
vn -0.1974 0.1434 -0.9698
vn -0.1944 0.2799 -0.9401
vn -0.1759 0.3002 -0.9375
vn 0.4014 0.8954 0.1925
vn 0.4323 0.8819 -0.1882
vn 0.1415 0.9502 0.2778
vn 0.1021 0.4052 -0.9085
vn 0.6051 -0.1345 -0.7847
vn -0.0630 0.0551 -0.9965
vn -0.0116 0.1521 -0.9883
vn 0.8514 -0.1193 -0.5108
vn -0.0936 0.0639 -0.9936
vn -0.5941 0.3247 -0.7359
vn -0.7899 0.3185 -0.5240
vn -0.1508 0.6483 -0.7463
vn 0.4484 0.5399 0.7124
vn 0.3742 0.7386 0.5608
vn 0.1928 0.7995 0.5689
vn 0.4636 0.2916 0.8367
vn 0.2540 0.6285 0.7352
vn 0.1377 0.8138 0.5647
vn 0.3055 0.4162 0.8564
vn 0.1796 0.6710 0.7193
vn 0.1152 0.8059 0.5808
vn 0.1432 0.6889 0.7105
vn 0.1286 0.6954 0.7070
vn 0.1749 0.5031 0.8463
vn 0.2192 0.4758 0.8518
vn 0.5185 0.7371 0.4333
vn 0.3312 0.9380 0.1022
vn -0.4070 0.5199 -0.7511
vn -0.1648 0.2980 -0.9402
vn -0.1685 -0.0040 -0.9857
vn -0.1663 0.1592 -0.9731
vn -0.1607 0.2968 -0.9413
vn 0.0921 0.8434 0.5293
vn 0.1559 0.5208 0.8393
vn 0.0793 0.8846 0.4595
vn 0.0807 0.8764 0.4747
vn 0.0938 0.8322 0.5466
vn 0.1254 0.6630 0.7380
vn 0.1068 0.7706 0.6283
vn 0.1207 0.6937 0.7100
vn -0.8955 0.3272 -0.3017
vn -0.8453 0.3047 -0.4389
vn -0.9186 0.3372 -0.2061
vn -0.9013 0.3843 -0.2002
vn -0.9146 0.3834 -0.1284
vn -0.9298 0.3418 -0.1368
vn 0.9364 -0.3481 0.0435
vn 0.3374 0.2182 0.9158
vn 0.2456 0.2802 0.9280
vn 0.1966 0.3110 0.9298
vn -0.3335 0.2182 -0.9172
vn -0.4920 0.2588 -0.8313
vn -0.6830 0.3095 -0.6616
vn -0.7201 0.2445 -0.6494
vn 0.1664 0.1595 0.9731
vn 0.1684 0.0085 0.9857
vn -0.9496 0.3128 -0.0201
vn -0.9494 0.3139 0.0092
vn -0.9530 0.2906 -0.0856
vn -0.2531 -0.1752 -0.9514
vn -0.2177 -0.3769 -0.9003
vn -0.2131 -0.2197 -0.9520
vn -0.2940 -0.0857 -0.9520
vn -0.1310 -0.5654 -0.8143
vn -0.1723 -0.4963 -0.8509
vn -0.1844 -0.1605 -0.9697
vn -0.1712 -0.1557 -0.9729
vn 0.9156 -0.3613 0.1762
vn 0.6483 -0.7019 0.2950
vn 0.9433 -0.3314 0.0174
vn 0.9422 -0.3350 0.0104
vn -0.1816 -0.3395 0.9229
vn -0.3786 -0.2271 0.8973
vn 0.1015 -0.7194 0.6871
vn 0.6861 -0.4732 0.5526
vn -0.5209 -0.8117 0.2642
vn -0.4721 -0.6101 -0.6363
vn -0.1126 -0.1032 -0.9883
vn -0.1232 0.0170 -0.9922
vn 0.4446 -0.2632 -0.8562
vn -0.4796 -0.8774 0.0066
vn -0.6979 0.2584 -0.6680
vn -0.0889 0.0287 -0.9956
vn -0.2245 0.0825 -0.9710
vn -0.9372 0.2882 -0.1963
vn -0.9440 0.3025 -0.1321
vn -0.9298 -0.3680 0.0002
vn 0.1501 -0.8343 0.5305
vn 0.2312 -0.6795 0.6963
vn 0.1854 -0.6704 0.7184
vn 0.0939 -0.9370 0.3364
vn 0.1576 -0.6690 0.7264
vn 0.1172 -0.7749 0.6212
vn 0.0486 -0.9820 0.1827
vn 0.4888 -0.2535 0.8347
vn 0.3524 -0.2155 0.9107
vn 0.4793 -0.3480 0.8057
vn 0.4328 -0.5385 0.7230
vn 0.2981 -0.4967 0.8151
vn -0.6527 -0.5243 -0.5469
vn -0.0585 -0.9980 -0.0249
vn -0.2476 -0.9300 -0.2717
vn -0.1663 -0.1590 -0.9732
vn 0.1142 -0.7443 0.6581
vn 0.1032 -0.7915 0.6024
vn 0.0776 -0.8880 0.4532
vn 0.2632 -0.1911 0.9456
vn 0.3344 -0.3460 0.8766
vn 0.2091 -0.1740 0.9623
vn 0.2495 -0.3425 0.9058
vn 0.1821 -0.1620 0.9698
vn 0.2231 -0.5039 0.8345
vn 0.1705 -0.1575 0.9727
vn 0.1661 -0.1571 0.9735
vn 0.7981 0.5962 0.0868
vn 0.0269 0.8405 0.5412
vn 0.9370 0.3494 -0.0030
vn 0.2243 0.3879 -0.8940
vn 0.2288 0.3150 -0.9211
vn 0.2611 0.2346 -0.9364
vn 0.2001 0.3898 -0.8989
vn 0.2014 0.2710 -0.9413
vn 0.2318 0.2086 -0.9501
vn 0.2654 0.1231 -0.9563
vn 0.2379 0.0656 -0.9691
vn 0.2822 -0.0079 -0.9593
vn 0.2167 0.1501 -0.9646
vn 0.2141 0.0280 -0.9764
vn 0.2407 -0.0599 -0.9687
vn 0.1974 0.1416 -0.9700
vn 0.2036 -0.1114 -0.9727
vn 0.1780 0.2993 -0.9374
vn 0.1729 0.4111 -0.8951
vn -0.2569 0.7554 0.6027
vn -0.1487 0.7732 -0.6166
vn 0.2441 0.5021 -0.8296
vn -0.0671 0.3923 -0.9174
vn 0.0471 0.1669 -0.9848
vn 0.1155 0.0895 -0.9893
vn 0.8374 0.3404 -0.4277
vn 0.4217 0.9067 0.0072
vn -0.1928 0.7995 0.5690
vn -0.4484 0.5399 0.7124
vn -0.4636 0.2916 0.8367
vn -0.2540 0.6285 0.7352
vn -0.3742 0.7386 0.5608
vn -0.1374 0.8145 0.5636
vn -0.3055 0.4162 0.8564
vn -0.1796 0.6710 0.7193
vn -0.1152 0.8059 0.5808
vn -0.1432 0.6889 0.7105
vn -0.2192 0.4758 0.8518
vn -0.1217 0.7311 0.6714
vn -0.1750 0.5031 0.8463
vn -0.9222 0.1515 0.3557
vn -0.2892 0.9493 0.1229
vn 0.1588 0.5345 -0.8301
vn 0.1648 0.2979 -0.9403
vn 0.1685 0.0239 -0.9854
vn 0.1662 0.1591 -0.9732
vn 0.1607 0.2968 -0.9413
vn 0.1546 0.6080 -0.7787
vn -0.0999 0.8152 0.5706
vn -0.1204 0.7177 0.6858
vn -0.1557 0.5130 0.8441
vn -0.1466 0.5266 0.8374
vn -0.0766 0.8909 0.4478
vn -0.1068 0.7706 0.6283
vn -0.1288 0.6454 0.7529
vn -0.1207 0.6937 0.7100
vn 0.6857 0.4114 -0.6005
vn -0.9367 -0.3500 0.0084
vn -0.9282 -0.3694 0.0437
vn -0.3374 0.2181 0.9157
vn -0.2456 0.2802 0.9280
vn -0.1966 0.3110 0.9299
vn 0.0851 0.0429 -0.9954
vn 0.0865 0.0326 -0.9957
vn 0.3393 0.1194 -0.9331
vn 0.3324 0.2203 -0.9170
vn 0.5031 0.1828 -0.8446
vn 0.4897 0.2638 -0.8311
vn 0.6938 0.3192 -0.6456
vn -0.1718 -0.0104 0.9851
vn -0.1663 0.1651 0.9721
vn -0.1684 0.0084 0.9857
vn 0.4380 -0.8806 -0.1810
vn 0.9516 0.3073 0.0093
vn 0.9443 0.3272 -0.0351
vn 0.1986 -0.3473 -0.9165
vn -0.9158 -0.3595 0.1789
vn 0.4787 0.0431 0.8769
vn 0.4737 -0.2517 0.8439
vn 0.2026 -0.3760 0.9042
vn 0.9645 0.1070 0.2414
vn -0.5368 -0.5171 0.6666
vn 0.4956 -0.7950 0.3497
vn 0.1541 -0.0784 -0.9849
vn 0.1587 0.0135 -0.9872
vn 0.0994 -0.0067 -0.9950
vn 0.3373 -0.5633 0.7543
vn 0.0889 0.0287 -0.9956
vn 0.6970 0.2586 -0.6688
vn 0.2233 0.0825 -0.9712
vn 0.8047 -0.5936 0.0001
vn -0.2319 -0.6783 0.6972
vn -0.0960 -0.9489 0.3005
vn -0.3524 -0.2155 0.9107
vn -0.4805 -0.3472 0.8053
vn -0.4328 -0.5385 0.7230
vn -0.2981 -0.4967 0.8151
vn 0.6627 -0.6716 -0.3313
vn 0.0987 -0.9938 0.0519
vn 0.1689 -0.1584 -0.9728
vn -0.1068 -0.7716 0.6271
vn -0.0771 -0.8893 0.4508
vn -0.1172 -0.7148 0.6895
vn 0.8701 0.2499 -0.4249
vn -0.2632 -0.1911 0.9456
vn -0.3344 -0.3460 0.8766
vn -0.2089 -0.1740 0.9623
vn -0.2495 -0.3425 0.9058
vn -0.2038 -0.3195 0.9254
vn -0.1821 -0.1627 0.9697
vn -0.2230 -0.5039 0.8345
vn 0.3723 0.0173 -0.9279
vn 0.5267 0.1093 -0.8430
vn -0.1704 -0.1579 0.9726
vn -0.1662 -0.1569 0.9735
vn -0.1607 -0.2960 0.9416
vn 0.4424 -0.8952 0.0546
vn -0.0985 -0.8221 0.5608
vn -0.3251 -0.9262 0.1911
vn 0.9245 -0.3732 -0.0780
vn 0.9351 -0.3446 -0.0833
vn 0.2425 -0.3329 -0.9112
vn 0.2591 -0.3698 -0.8923
vn 0.2611 -0.2346 -0.9364
vn 0.1998 -0.3749 -0.9053
vn 0.2320 -0.2525 -0.9394
vn 0.2654 -0.1231 -0.9563
vn 0.2369 -0.0765 -0.9685
vn 0.2800 -0.0039 -0.9600
vn 0.2137 -0.1910 -0.9581
vn 0.2128 -0.0514 -0.9757
vn 0.2426 0.0509 -0.9688
vn 0.2121 0.0761 -0.9743
vn 0.1896 0.0134 -0.9818
vn 0.1974 -0.1434 -0.9698
vn 0.1944 -0.2799 -0.9401
vn 0.1759 -0.3002 -0.9375
vn -0.4014 -0.8955 0.1925
vn -0.4323 -0.8819 -0.1882
vn -0.1415 -0.9502 0.2778
vn -0.1020 -0.4052 -0.9085
vn -0.6053 0.1347 -0.7846
vn 0.0630 -0.0551 -0.9965
vn 0.0116 -0.1521 -0.9883
vn -0.8512 0.1190 -0.5112
vn 0.0935 -0.0639 -0.9936
vn 0.5941 -0.3247 -0.7359
vn 0.7899 -0.3185 -0.5241
vn 0.1508 -0.6483 -0.7463
vn -0.4484 -0.5399 0.7124
vn -0.3742 -0.7386 0.5608
vn -0.1928 -0.7995 0.5689
vn -0.4636 -0.2916 0.8367
vn -0.2540 -0.6285 0.7352
vn -0.1377 -0.8138 0.5646
vn -0.3055 -0.4162 0.8564
vn -0.1796 -0.6711 0.7193
vn -0.1152 -0.8059 0.5808
vn -0.1432 -0.6890 0.7105
vn -0.1286 -0.6957 0.7067
vn -0.1750 -0.5031 0.8463
vn -0.2192 -0.4758 0.8518
vn -0.5185 -0.7371 0.4333
vn -0.3312 -0.9380 0.1022
vn 0.4068 -0.5200 -0.7511
vn 0.1648 -0.2980 -0.9403
vn 0.1685 0.0040 -0.9857
vn 0.1663 -0.1592 -0.9731
vn 0.1607 -0.2968 -0.9413
vn -0.0921 -0.8435 0.5292
vn -0.1559 -0.5208 0.8393
vn -0.0792 -0.8847 0.4593
vn -0.0807 -0.8764 0.4747
vn -0.0938 -0.8322 0.5466
vn -0.1254 -0.6630 0.7380
vn -0.1068 -0.7706 0.6283
vn -0.1207 -0.6938 0.7100
vn 0.8955 -0.3272 -0.3017
vn 0.8453 -0.3047 -0.4389
vn 0.9186 -0.3373 -0.2061
vn 0.9012 -0.3843 -0.2003
vn 0.9146 -0.3834 -0.1284
vn 0.9298 -0.3418 -0.1368
vn -0.9364 0.3482 0.0435
vn -0.3374 -0.2182 0.9158
vn -0.2456 -0.2802 0.9280
vn -0.1966 -0.3110 0.9299
vn 0.3335 -0.2182 -0.9171
vn 0.4920 -0.2588 -0.8313
vn 0.6831 -0.3095 -0.6615
vn 0.7201 -0.2445 -0.6494
vn -0.1664 -0.1595 0.9731
vn -0.1684 -0.0085 0.9857
vn 0.9497 -0.3125 -0.0220
vn 0.9448 -0.3277 0.0033
vn 0.9530 -0.2906 -0.0856
vn 0.2531 0.1752 -0.9514
vn 0.2177 0.3769 -0.9003
vn 0.2131 0.2197 -0.9520
vn 0.2940 0.0857 -0.9520
vn 0.1310 0.5654 -0.8143
vn 0.1723 0.4963 -0.8509
vn 0.1844 0.1605 -0.9697
vn 0.1713 0.1556 -0.9729
vn -0.9156 0.3613 0.1762
vn -0.6482 0.7020 0.2951
vn -0.9433 0.3314 0.0174
vn -0.9422 0.3350 0.0104
vn 0.1816 0.3395 0.9229
vn 0.3786 0.2270 0.8973
vn -0.1014 0.7194 0.6872
vn -0.6860 0.4732 0.5527
vn 0.5209 0.8117 0.2642
vn 0.4721 0.6101 -0.6363
vn 0.1126 0.1032 -0.9883
vn 0.1233 -0.0170 -0.9922
vn -0.4445 0.2632 -0.8562
vn 0.4796 0.8774 0.0066
vn 0.6967 -0.2586 -0.6692
vn 0.0889 -0.0287 -0.9956
vn 0.2235 -0.0828 -0.9712
vn 0.9372 -0.2883 -0.1963
vn 0.9440 -0.3025 -0.1321
vn 0.9299 0.3679 0.0002
vn -0.1501 0.8343 0.5305
vn -0.2312 0.6795 0.6963
vn -0.1854 0.6704 0.7184
vn -0.0939 0.9370 0.3363
vn -0.1576 0.6690 0.7264
vn -0.1172 0.7749 0.6212
vn -0.0486 0.9820 0.1827
vn -0.4888 0.2535 0.8347
vn -0.3524 0.2155 0.9107
vn -0.4793 0.3480 0.8057
vn -0.4328 0.5385 0.7230
vn -0.2981 0.4967 0.8151
vn 0.6527 0.5243 -0.5469
vn 0.0585 0.9980 -0.0248
vn 0.2476 0.9300 -0.2717
vn 0.1663 0.1591 -0.9732
vn -0.1142 0.7443 0.6580
vn -0.1032 0.7915 0.6024
vn -0.0776 0.8880 0.4531
vn -0.2633 0.1911 0.9456
vn -0.3344 0.3460 0.8766
vn -0.2091 0.1740 0.9623
vn -0.2495 0.3425 0.9058
vn -0.1821 0.1620 0.9698
vn -0.2231 0.5039 0.8345
vn -0.1705 0.1576 0.9727
vn -0.1661 0.1571 0.9735
vn -0.0141 0.9720 0.2345
vn -0.0720 0.9441 0.3217
vn -0.0198 -0.0881 0.9959
vn -0.0126 -0.0566 0.9983
vn -0.1699 0.9782 0.1197
vn -0.0108 -0.0103 0.9999
vn 0.1685 -0.9760 0.1379
vn 0.0764 -0.9272 0.3666
vn -0.0026 -0.9059 0.4234
vn -0.0049 -0.9993 -0.0370
vn 0.0683 -0.9966 -0.0471
vn 0.0807 -0.9393 -0.3334
vn 0.1692 -0.9407 -0.2942
vn 0.0069 -0.9485 -0.3168
vn 0.0125 -0.2221 -0.9749
vn 0.0304 -0.1690 -0.9851
vn -0.0064 0.0585 -0.9983
vn -0.0877 0.9897 -0.1131
vn -0.1748 0.9306 -0.3217
vn 0.0084 0.9854 -0.1698
vn -0.2647 0.9124 0.3123
vn -0.0321 0.0625 0.9975
vn -0.3331 0.8982 0.2869
vn -0.0146 -0.0024 0.9999
vn 0.3074 -0.8522 0.4234
vn 0.2388 -0.8552 0.4601
vn 0.2556 -0.9668 0.0047
vn 0.3451 -0.9385 -0.0047
vn 0.2521 -0.9144 -0.3166
vn 0.3139 -0.8707 -0.3786
vn -0.0428 0.2414 -0.9695
vn -0.0109 0.0660 -0.9978
vn -0.2269 0.9225 -0.3123
vn -0.3298 0.9318 -0.1515
vn -0.2588 0.9659 -0.0000
vn -0.4101 0.8657 0.2870
vn -0.0143 -0.0037 0.9999
vn -0.4727 0.8208 0.3208
vn -0.0140 -0.0049 0.9999
vn 0.3951 -0.8596 0.3241
vn 0.4725 -0.8330 0.2879
vn 0.4194 -0.8984 -0.1303
vn 0.5026 -0.8511 -0.1520
vn 0.0139 0.0092 -0.9999
vn -0.0134 0.0562 -0.9983
vn -0.4086 0.9014 -0.1435
vn -0.4912 0.8613 -0.1301
vn -0.5500 0.7617 0.3424
vn -0.0694 0.0648 0.9955
vn -0.6192 0.7294 0.2907
vn -0.0970 0.1060 0.9896
vn 0.5374 -0.7872 0.3025
vn 0.6238 -0.7467 0.2309
vn 0.5830 -0.8124 0.0135
vn 0.6374 -0.7556 -0.1508
vn 0.5217 -0.7601 -0.3874
vn -0.0742 0.1245 -0.9894
vn -0.1288 0.1759 -0.9759
vn -0.5422 0.7429 -0.3926
vn -0.6046 0.7313 -0.3157
vn -0.5800 0.8145 -0.0144
vn -0.6428 0.7660 -0.0000
vn -0.6903 0.6741 0.2627
vn -0.1074 0.0772 0.9912
vn -0.7313 0.6046 0.3157
vn -0.1273 0.0951 0.9873
vn 0.6972 -0.7008 0.1508
vn 0.6861 -0.5635 0.4601
vn 0.7660 -0.6428 -0.0000
vn 0.6842 -0.6782 -0.2681
vn 0.6741 -0.5778 -0.4601
vn -0.0518 0.0796 -0.9955
vn -0.1157 0.1088 -0.9873
vn -0.6660 0.6758 -0.3157
vn -0.7224 0.6152 -0.3157
vn -0.7071 0.7071 -0.0000
vn -0.7660 0.6428 -0.0000
vn -0.7869 0.5443 0.2907
vn 0.0803 -0.0738 0.9940
vn -0.8217 0.4744 0.3157
vn -0.1049 0.0438 0.9935
vn 0.7848 -0.5624 0.2601
vn 0.8265 -0.4729 0.3053
vn 0.8134 -0.5651 -0.1379
vn 0.8743 -0.4830 0.0471
vn 0.8081 -0.4611 -0.3666
vn -0.1700 0.1365 -0.9759
vn 0.0112 0.0238 -0.9997
vn -0.7733 0.5499 -0.3157
vn -0.8298 0.4924 -0.2627
vn -0.8192 0.5736 -0.0000
vn -0.8640 0.5034 -0.0101
vn -0.8471 0.3825 0.3690
vn -0.0086 -0.0120 0.9999
vn -0.9021 0.3221 0.2870
vn -0.0076 -0.0128 0.9999
vn 0.8567 -0.4071 0.3167
vn 0.8889 -0.3309 0.3168
vn 0.9097 -0.4146 0.0222
vn 0.9397 -0.3420 -0.0000
vn 0.8568 -0.3845 -0.3434
vn 0.9007 -0.3220 -0.2916
vn 0.2908 -0.1204 -0.9492
vn 0.0223 -0.0033 -0.9997
vn -0.8669 0.4260 -0.2589
vn -0.9258 0.3462 -0.1515
vn -0.9002 0.4356 -0.0000
vn -0.9146 0.2461 0.3207
vn -0.0948 0.0050 0.9955
vn -0.9276 0.1496 0.3424
vn -0.1970 0.0260 0.9801
vn 0.9287 -0.2607 0.2635
vn 0.9411 -0.1714 0.2916
vn 0.9659 -0.2588 -0.0000
vn 0.9848 -0.1736 -0.0000
vn 0.9422 -0.2420 -0.2319
vn 0.9519 -0.1562 -0.2635
vn -0.1772 0.0641 -0.9821
vn 0.0575 0.0077 -0.9983
vn -0.9563 0.2617 -0.1300
vn -0.9087 0.1418 -0.3926
vn -0.9861 0.1658 -0.0144
vn -0.9536 0.0779 0.2908
vn 0.1922 -0.0254 0.9810
vn -0.9648 -0.0115 0.2627
vn 0.0881 -0.0198 0.9959
vn 0.9443 -0.0895 0.3167
vn 0.9391 -0.0137 0.3434
vn 0.9962 -0.0872 -0.0000
vn 0.9998 -0.0146 -0.0123
vn 0.9455 -0.0758 -0.3167
vn 0.9258 -0.0045 -0.3779
vn -0.0014 0.0147 -0.9999
vn -0.0027 0.0146 -0.9999
vn -0.9446 0.0896 -0.3157
vn -0.9488 0.0069 -0.3157
vn -0.9962 0.0872 -0.0000
vn -1.0000 -0.0000 -0.0000
vn -0.9385 -0.0859 0.3346
vn -0.0014 -0.0147 0.9999
vn -0.9329 -0.1635 0.3208
vn -0.0001 -0.0148 0.9999
vn 0.9027 0.0764 0.4234
vn 0.9326 0.1592 0.3240
vn 0.9959 0.0904 -0.0047
vn 0.9763 0.1726 -0.1303
vn 0.8852 0.0681 -0.4601
vn -0.0697 0.0087 -0.9975
vn 0.0582 0.0230 -0.9980
vn -0.9542 -0.0627 -0.2925
vn -0.9761 -0.1684 -0.1373
vn -0.9975 -0.0655 0.0280
vn -0.8627 -0.2190 0.4558
vn 0.0579 -0.0026 0.9983
vn -0.9295 -0.3422 0.1373
vn 0.0223 0.0033 0.9997
vn 0.9438 0.2402 0.2268
vn 0.9096 0.3249 0.2590
vn 0.9542 0.2622 -0.1441
vn 0.9254 0.3472 -0.1520
vn -0.0276 0.0041 -0.9996
vn -0.2094 -0.0609 -0.9759
vn -0.8566 -0.2417 -0.4558
vn -0.8897 -0.3249 -0.3207
vn -0.9659 -0.2588 -0.0000
vn -0.8373 -0.3865 0.3866
vn 0.1740 0.0541 0.9833
vn -0.8560 -0.5003 0.1301
vn -0.0397 -0.0419 0.9983
vn 0.8644 0.3951 0.3108
vn 0.8608 0.4858 0.1520
vn 0.9063 0.4226 -0.0000
vn 0.8583 0.4082 -0.3108
vn 0.8257 0.4852 -0.2879
vn -0.0925 -0.0214 -0.9955
vn -0.0097 0.0113 -0.9999
vn -0.8471 -0.3825 -0.3690
vn -0.8198 -0.4745 -0.3207
vn -0.8994 -0.4370 -0.0135
vn -0.8047 -0.5741 0.1516
vn 0.0575 0.0250 0.9980
vn -0.7251 -0.6324 0.2727
vn 0.1502 0.1068 0.9829
vn 0.7595 0.6402 0.1149
vn 0.8142 0.5624 0.1441
vn 0.7803 0.5553 -0.2879
vn 0.7271 0.6040 -0.3262
vn 0.0608 0.0667 -0.9959
vn 0.1392 0.1255 -0.9823
vn -0.8040 -0.5500 -0.2261
vn -0.7487 -0.6042 -0.2727
vn -0.7660 -0.6428 -0.0000
vn -0.6808 -0.6857 0.2574
vn -0.0381 -0.0590 0.9975
vn -0.5933 -0.7285 0.3424
vn 0.0094 -0.0115 0.9999
vn 0.6019 0.7092 0.3671
vn 0.6651 0.6717 0.3262
vn 0.7013 0.7023 -0.1222
vn 0.6338 0.7734 0.0135
vn 0.5992 0.7006 -0.3874
vn -0.0028 0.0146 -0.9999
vn -0.0235 0.0020 -0.9997
vn -0.7030 -0.6979 -0.1373
vn -0.5983 -0.7364 -0.3158
vn -0.6366 -0.7710 -0.0144
vn -0.5386 -0.7812 0.3157
vn -0.0372 -0.0874 0.9955
vn -0.4752 -0.7870 0.3934
vn -0.0120 -0.0375 0.9992
vn 0.5560 0.7867 0.2681
vn 0.4956 0.8593 0.1268
vn 0.5649 0.8113 -0.1508
vn 0.4909 0.8336 -0.2531
vn 0.0639 0.1169 -0.9911
vn -0.0003 0.0293 -0.9996
vn -0.5706 -0.7821 -0.2506
vn -0.4801 -0.8170 -0.3195
vn -0.5806 -0.8139 0.0222
vn -0.5029 -0.8635 0.0375
vn -0.4172 -0.8899 0.1842
vn 0.0360 0.0446 0.9984
vn -0.3087 -0.9065 0.2880
vn -0.0181 -0.0930 0.9955
vn 0.2950 0.8384 0.4583
vn 0.4033 0.8935 0.1978
vn 0.4207 0.8926 -0.1624
vn 0.3396 0.9406 -0.0000
vn 0.3099 0.9058 -0.2889
vn -0.0131 0.0039 -0.9999
vn 0.0158 0.0887 -0.9959
vn -0.4135 -0.8917 -0.1842
vn -0.2974 -0.8699 -0.3934
vn -0.3346 -0.9421 -0.0225
vn -0.2389 -0.9183 0.3157
vn 0.0133 -0.0064 0.9999
vn -0.1776 -0.9024 0.3926
vn 0.0365 0.1411 0.9893
vn 0.2353 0.8955 0.3779
vn 0.1715 0.9329 0.3168
vn 0.2550 0.9669 -0.0101
vn 0.1736 0.9848 -0.0000
vn 0.2389 0.9180 -0.3167
vn 0.1579 0.9353 -0.3167
vn -0.0147 0.0012 -0.9999
vn -0.0148 -0.0002 -0.9999
vn -0.2522 -0.9147 -0.3157
vn -0.1767 -0.9228 -0.3424
vn -0.2588 -0.9659 -0.0000
vn -0.1814 -0.9833 0.0144
vn -0.0830 -0.9847 0.1530
vn 0.0318 0.2202 0.9749
vn 0.0141 -0.9720 0.2345
vn 0.0198 0.0881 0.9959
vn 0.0954 0.9343 0.3434
vn 0.0052 0.9460 0.3240
vn 0.0982 0.9951 -0.0146
vn -0.0004 0.9915 -0.1303
vn 0.0962 0.9136 -0.3951
vn -0.0207 -0.0672 -0.9975
vn -0.0126 0.0614 -0.9980
vn -0.0914 -0.9595 -0.2664
vn -0.0084 -0.9854 -0.1698
vn 0.0893 -0.9538 0.2870
vn 0.0277 -0.0908 0.9955
vn 0.1721 -0.9424 0.2869
vn 0.0520 -0.2117 0.9759
vn -0.0781 0.9689 0.2350
vn -0.1627 0.9725 0.1664
vn -0.0945 0.9815 -0.1664
vn -0.1754 0.9560 -0.2350
vn -0.0115 -0.0565 -0.9983
vn -0.0360 0.0745 -0.9966
vn 0.0756 -0.9868 -0.1435
vn 0.1613 -0.9764 -0.1436
vn 0.2348 -0.9172 0.3217
vn 0.0173 -0.0219 0.9996
vn 0.3360 -0.9323 0.1335
vn 0.0341 -0.0576 0.9978
vn -0.3235 0.8633 0.3874
vn -0.2562 0.9578 0.1303
vn -0.3310 0.9435 -0.0136
vn -0.2506 0.9223 -0.2942
vn -0.3366 0.8917 -0.3024
vn 0.0016 -0.0395 -0.9992
vn -0.0849 0.1612 -0.9833
vn 0.2582 -0.9594 -0.1131
vn 0.3321 -0.9087 -0.2528
vn 0.4235 -0.8750 0.2345
vn 0.0745 -0.1093 0.9912
vn 0.4727 -0.8208 0.3208
vn 0.0871 -0.1329 0.9873
vn -0.4188 0.8998 0.1223
vn -0.4767 0.8163 0.3262
vn -0.4969 0.8592 -0.1222
vn -0.3953 0.8587 -0.3262
vn -0.0350 0.0630 -0.9974
vn 0.0134 -0.0562 -0.9983
vn 0.4089 -0.8967 -0.1698
vn 0.4912 -0.8613 -0.1301
vn 0.5500 -0.7617 0.3424
vn 0.0135 0.0061 0.9999
vn 0.6152 -0.7224 0.3157
vn 0.0748 -0.0585 0.9955
vn -0.5420 0.7714 0.3334
vn -0.6112 0.7463 0.2635
vn -0.5911 0.8061 0.0275
vn -0.5614 0.7737 -0.2938
vn -0.6150 0.7221 -0.3167
vn -0.0460 0.0353 -0.9983
vn -0.0094 -0.0114 -0.9999
vn 0.5422 -0.7429 -0.3926
vn 0.6046 -0.7313 -0.3157
vn 0.5800 -0.8145 -0.0144
vn 0.6428 -0.7660 -0.0000
vn 0.6374 -0.6630 0.3926
vn 0.0442 -0.0387 0.9983
vn 0.7611 -0.6339 0.1373
vn -0.1621 0.1523 0.9749
vn -0.6725 0.6802 0.2916
vn -0.7106 0.6141 0.3434
vn -0.7602 0.6493 -0.0222
vn -0.6755 0.6658 -0.3167
vn -0.7362 0.6107 -0.2916
vn -0.0084 -0.0122 -0.9999
vn 0.1466 -0.1342 -0.9801
vn 0.6546 -0.6740 -0.3424
vn 0.7262 -0.6080 -0.3208
vn 0.7014 -0.7126 0.0144
vn 0.7950 -0.5314 0.2925
vn 0.0168 0.0201 0.9997
vn 0.8313 -0.4736 0.2907
vn 0.0183 -0.0024 0.9998
vn -0.7594 0.5375 0.3666
vn -0.8511 0.5026 0.1520
vn -0.8073 0.5882 -0.0471
vn -0.7896 0.5494 -0.2734
vn -0.8330 0.4725 -0.2879
vn -0.0132 -0.0227 -0.9997
vn -0.2792 0.1452 -0.9492
vn 0.7696 -0.5615 -0.3040
vn 0.8335 -0.4780 -0.2772
vn 0.8273 -0.5618 -0.0000
vn 0.8680 -0.4965 0.0101
vn 0.8599 -0.4010 0.3157
vn 0.0854 -0.0162 0.9962
vn 0.8875 -0.3084 0.3424
vn 0.1521 -0.0458 0.9873
vn -0.8687 0.2988 0.3951
vn -0.8984 0.4194 0.1303
vn -0.9418 0.3349 0.0289
vn -0.8596 0.3951 -0.3241
vn -0.8522 0.3074 -0.4234
vn -0.1791 0.0741 -0.9810
vn -0.0896 0.0115 -0.9959
vn 0.8648 -0.4093 -0.2907
vn 0.9027 -0.3408 -0.2627
vn 0.9046 -0.4262 -0.0101
vn 0.9424 -0.3337 -0.0222
vn 0.8835 -0.2555 0.3926
vn -0.1374 0.0487 0.9893
vn 0.9773 -0.1669 0.1301
vn -0.1657 0.0451 0.9851
vn -0.9144 0.2521 0.3167
vn -0.9329 0.1715 0.3168
vn -0.9679 0.2503 0.0222
vn -0.9848 0.1737 -0.0000
vn -0.9194 0.2335 -0.3166
vn -0.9597 0.1589 -0.2319
vn 0.0027 -0.0007 -1.0000
vn 0.3107 -0.0688 -0.9480
vn 0.9132 -0.2576 -0.3158
vn 0.9329 -0.1635 -0.3208
vn 0.9638 -0.2664 0.0144
vn 0.9824 -0.0776 0.1698
vn -0.2202 0.0317 0.9749
vn 0.9638 0.0074 0.2664
vn -0.0881 0.0198 0.9959
vn -0.9343 0.0954 0.3435
vn -0.9460 0.0052 0.3241
vn -0.9951 0.0982 -0.0146
vn -0.9915 -0.0004 -0.1303
vn -0.9438 0.0952 -0.3166
vn 0.1920 -0.0384 -0.9806
vn -0.0614 -0.0126 -0.9980
vn 0.9671 -0.0987 -0.2345
vn 0.9882 -0.0032 -0.1530
vn 0.9027 0.0816 0.4224
vn 0.0908 0.0277 0.9955
vn 0.8785 0.1429 0.4559
vn 0.0724 0.0238 0.9971
vn -0.9688 -0.0781 0.2351
vn -0.9740 -0.1691 0.1509
vn -0.9815 -0.0945 -0.1664
vn -0.9480 -0.1715 -0.2681
vn 0.0761 -0.0042 -0.9971
vn 0.0949 -0.0033 -0.9955
vn 0.9144 0.0982 -0.3926
vn 0.9276 0.1496 -0.3424
vn 0.9954 0.0910 -0.0284
vn 0.9846 0.1747 -0.0100
vn 0.9558 0.2599 0.1373
vn 0.0603 0.0289 0.9978
vn 0.9007 0.3489 0.2590
vn -0.1294 -0.0314 0.9911
vn -0.9329 -0.3387 0.1222
vn -0.8882 -0.2470 0.3874
vn -0.9688 -0.2476 -0.0135
vn -0.8971 -0.2457 -0.3671
vn -0.8899 -0.3189 -0.3262
vn 0.0064 -0.0133 -0.9999
vn 0.1521 0.0458 -0.9873
vn 0.9146 0.2461 -0.3207
vn 0.8868 0.3188 -0.3346
vn 0.9316 0.3623 -0.0280
vn 0.8678 0.4143 0.2744
vn 0.0560 0.0424 0.9975
vn 0.8208 0.4727 0.3208
vn 0.0706 0.0635 0.9955
vn -0.8268 -0.4689 0.3108
vn -0.8548 -0.4037 0.3262
vn -0.8992 -0.4201 -0.1222
vn -0.8660 -0.5000 -0.0000
vn -0.8195 -0.4815 -0.3108
vn 0.1273 0.0358 -0.9912
vn -0.1082 -0.0847 -0.9905
vn 0.8752 0.3853 -0.2925
vn 0.8596 0.4921 -0.1372
vn 0.9149 0.4027 0.0280
vn 0.7358 0.5008 0.4558
vn 0.0555 0.0521 0.9971
vn 0.7565 0.6395 0.1373
vn 0.0425 0.0517 0.9978
vn -0.8134 -0.5652 0.1379
vn -0.7185 -0.6194 0.3166
vn -0.7588 -0.6512 0.0146
vn -0.7810 -0.5509 -0.2942
vn -0.7293 -0.6364 -0.2512
vn 0.0503 0.0305 -0.9983
vn 0.2524 0.1937 -0.9480
vn 0.7223 0.5201 -0.4558
vn 0.7249 0.6096 -0.3207
vn 0.8192 0.5736 -0.0000
vn 0.6614 0.6906 0.2925
vn 0.0695 0.0900 0.9935
vn 0.5989 0.7067 0.3767
vn -0.0094 0.0115 0.9999
vn -0.6802 -0.6725 0.2916
vn -0.6150 -0.7221 0.3167
vn -0.7099 -0.7043 0.0101
vn -0.6359 -0.7714 0.0222
vn -0.6707 -0.6707 -0.3168
vn -0.5932 -0.7282 -0.3434
vn 0.0796 0.0518 -0.9955
vn 0.0129 -0.0073 -0.9999
vn 0.6690 0.6637 -0.3346
vn 0.6152 0.7224 -0.3157
vn 0.6913 0.7220 -0.0280
vn 0.6458 0.7634 -0.0101
vn 0.5276 0.7774 0.3424
vn -0.0104 0.0106 0.9999
vn 0.4736 0.8313 0.2908
vn -0.1042 -0.1634 0.9810
vn -0.5498 -0.7614 0.3434
vn -0.4552 -0.7833 0.4234
vn -0.5805 -0.8139 -0.0222
vn -0.5062 -0.8619 -0.0289
vn -0.5384 -0.7809 -0.3167
vn -0.4733 -0.7873 -0.3951
vn 0.0135 -0.0061 -0.9999
vn 0.0472 0.0521 -0.9975
vn 0.5499 0.7733 -0.3157
vn 0.4924 0.8298 -0.2627
vn 0.5663 0.8239 -0.0222
vn 0.5000 0.8660 -0.0000
vn 0.4145 0.8535 0.3159
vn -0.1260 -0.2301 0.9650
vn 0.3354 0.9320 0.1373
vn -0.0877 -0.2045 0.9749
vn -0.4045 -0.8552 0.3241
vn -0.3344 -0.8974 0.2878
vn -0.4186 -0.8988 -0.1303
vn -0.3325 -0.9320 -0.1441
vn -0.0074 -0.0333 -0.9994
vn 0.0739 0.1604 -0.9843
vn 0.4122 0.8546 -0.3158
vn 0.3230 0.8904 -0.3207
vn 0.4297 0.9029 0.0144
vn 0.2309 0.9379 0.2589
vn -0.0947 -0.3002 0.9492
vn 0.1795 0.9317 0.3158
vn -0.0622 -0.2548 0.9650
vn -0.2549 -0.9231 0.2879
vn -0.1623 -0.9287 0.3334
vn -0.2464 -0.9572 -0.1520
vn -0.1519 -0.9880 0.0275
vn -0.1500 -0.9440 -0.2937
vn 0.0702 0.2064 -0.9759
vn 0.0356 0.0881 -0.9955
vn 0.2475 0.9093 -0.3346
vn 0.1767 0.9228 -0.3424
vn 0.2377 0.9709 -0.0280
vn 0.1814 0.9833 0.0144
vn 0.0830 0.9847 0.1530
vn -0.0317 -0.2202 0.9749
vn -0.0954 -0.9343 0.3434
vn -0.0958 -0.9952 -0.0222
vn -0.0758 -0.9455 -0.3167
vn 0.0120 -0.0895 -0.9959
vn 0.0914 0.9595 -0.2664
vn -0.6994 0.7142 -0.0280
vn -0.5963 0.8018 -0.0391
vn -0.5968 0.8021 -0.0212
vn -0.4998 0.8657 -0.0291
vn -0.3933 0.9192 -0.0205
vn -0.4995 0.8650 -0.0479
vn -0.7158 0.6979 -0.0248
vn -0.9697 0.2412 -0.0388
vn -0.9272 0.3736 -0.0279
vn -0.9693 0.2449 -0.0224
vn -0.9268 0.3743 -0.0296
vn 0.0268 0.0598 -0.9978
vn 0.0306 0.0485 -0.9984
vn 0.0005 0.0023 -1.0000
vn 0.0004 -0.0002 -1.0000
vn 0.0892 -0.0236 -0.9957
vn 0.1341 -0.0753 -0.9881
vn 0.0024 0.0022 -1.0000
vn 0.0322 0.0016 -0.9995
vn -0.0002 -0.0025 -1.0000
vn 0.0194 -0.0337 -0.9992
vn 0.0236 -0.0879 -0.9958
vn -0.0317 -0.1151 -0.9928
vn -0.0021 -0.1428 -0.9898
vn -0.0009 -0.0004 -1.0000
vn -0.0261 -0.0442 -0.9987
vn -0.0014 0.0005 -1.0000
vn -0.0396 -0.0059 -0.9992
vn 0.1186 -0.4317 0.8942
vn 0.0383 -0.2332 0.9717
vn -0.1065 0.4199 0.9013
vn 0.2493 -0.2604 0.9328
vn 0.1814 -0.3141 0.9319
vn 0.3745 -0.4927 0.7855
vn 0.3724 -0.1428 0.9170
vn 0.3344 -0.1931 0.9224
vn -0.4782 0.1809 0.8594
vn -0.0633 0.3944 0.9167
vn -0.0000 0.3862 0.9224
vn 0.0824 -0.5046 0.8594
vn -0.1488 -0.3613 0.9205
vn -0.0561 -0.3843 0.9215
vn -0.2673 -0.9631 0.0326
vn -0.7834 0.6146 -0.0924
vn -0.7262 0.4193 -0.5449
vn -0.7674 0.4432 0.4633
vn -0.0000 0.8397 -0.5431
vn -0.1399 0.9855 -0.0962
vn 0.0007 0.7056 0.7086
vn -0.2831 0.6619 0.6941
vn -0.4247 0.8496 -0.3126
vn -0.2338 0.4005 0.8860
vn -0.2665 0.9592 -0.0944
vn -0.3267 0.7719 -0.5453
vn -0.3744 0.6510 -0.6603
vn -0.9240 -0.3711 -0.0927
vn -0.7270 -0.4197 -0.5435
vn -0.6886 -0.3975 0.6065
vn -0.9235 0.3715 -0.0954
vn -0.6702 0.0868 0.7371
vn -0.9992 -0.0008 -0.0406
vn -0.3789 -0.0081 0.9254
vn -0.9638 0.2490 -0.0950
vn -0.8449 0.1039 -0.5248
vn -0.8043 -0.0165 -0.5941
vn -0.7219 -0.0087 -0.6920
vn -0.1406 -0.9857 -0.0924
vn -0.0000 -0.8385 -0.5449
vn -0.0002 -0.8862 0.4633
vn -0.7835 -0.6141 -0.0950
vn -0.4094 -0.5361 0.7382
vn -0.4989 -0.8657 -0.0406
vn -0.1824 -0.3321 0.9255
vn -0.6973 -0.7106 -0.0943
vn -0.5124 -0.6798 -0.5248
vn -0.3878 -0.7048 -0.5940
vn -0.3575 -0.6361 -0.6838
vn 0.7836 -0.6145 -0.0913
vn 0.7272 -0.4198 -0.5431
vn 0.6863 -0.3968 0.6095
vn 0.1400 -0.9856 -0.0954
vn 0.2599 -0.6238 0.7371
vn 0.5003 -0.8649 -0.0406
vn 0.1964 -0.3240 0.9254
vn 0.2663 -0.9592 -0.0950
vn 0.3325 -0.7836 -0.5248
vn 0.4164 -0.6883 -0.5940
vn 0.3681 -0.6202 -0.6927
vn 0.9240 0.3714 -0.0913
vn 0.7272 0.4198 -0.5431
vn 0.6868 0.3960 0.6095
vn 0.9234 -0.3718 -0.0954
vn 0.6702 -0.0868 0.7371
vn 0.9638 -0.2489 -0.0956
vn 0.8449 -0.1038 -0.5248
vn 0.9992 0.0008 -0.0406
vn 0.3789 0.0081 0.9254
vn 0.8042 0.0165 -0.5941
vn 0.7296 0.0084 -0.6838
vn 0.1404 0.9859 -0.0913
vn 0.7837 0.6138 -0.0954
vn 0.4103 0.5370 0.7371
vn 0.4989 0.8657 -0.0406
vn 0.1824 0.3321 0.9254
vn 0.6974 0.7102 -0.0956
vn 0.5124 0.6798 -0.5248
vn 0.3878 0.7048 -0.5941
vn 0.3531 0.6289 -0.6927
vn -0.1402 -0.9898 0.0247
vn 0.0001 -0.9993 0.0381
vn -0.0002 -0.0005 1.0000
vn -0.0028 -0.1068 0.9943
vn 0.0001 -0.0004 1.0000
vn -0.0193 -0.0422 0.9989
vn -0.0146 -0.0214 0.9997
vn -0.0460 -0.0802 0.9957
vn -0.0335 -0.1373 0.9900
vn -0.0007 -0.0003 1.0000
vn -0.0003 0.0001 1.0000
vn -0.0014 -0.0004 1.0000
vn -0.0936 0.0336 0.9950
vn -0.1286 0.0387 0.9909
vn -0.0294 0.0030 0.9996
vn -0.1628 -0.0001 0.9867
vn -0.0306 -0.0027 0.9995
vn -0.0008 0.0018 1.0000
vn -0.0474 0.0457 0.9978
vn -0.0507 0.0406 0.9979
vn -0.0000 0.0007 1.0000
vn -0.0091 0.0380 0.9992
vn 0.0252 0.1007 0.9946
vn 0.0204 0.0353 0.9992
vn 0.0583 0.1294 0.9899
vn 0.0005 0.0004 1.0000
vn 0.0135 0.0012 0.9999
vn 0.0113 0.0043 0.9999
vn 0.0003 -0.0000 1.0000
vn 0.1331 0.0399 0.9903
vn 0.1184 -0.0735 0.9902
vn 0.0140 -0.0111 0.9998
vn 0.0919 -0.0002 0.9958
vn 0.0461 -0.0043 0.9989
vn 0.1365 -0.0398 0.9898
vn 0.4082 -0.9127 0.0158
vn 0.4831 -0.8750 0.0314
vn 0.5180 -0.8552 0.0159
vn 0.5856 -0.8102 0.0254
vn 0.9995 0.0191 0.0240
vn 0.9945 0.1034 0.0147
vn 0.9997 0.0192 0.0169
vn 0.9922 -0.1233 0.0176
vn 0.5164 0.8560 0.0246
vn 0.3890 0.9211 0.0176
vn 0.5165 0.8561 0.0170
vn 0.5868 0.8096 0.0148
vn -0.5163 0.8561 0.0246
vn -0.5869 0.8095 0.0148
vn -0.5165 0.8561 0.0170
vn -0.3891 0.9210 0.0176
vn -0.9995 -0.0001 0.0306
vn -0.9922 -0.1234 0.0176
vn -0.9999 -0.0000 0.0167
vn -0.9922 0.1234 0.0176
vn -0.5163 -0.8559 0.0290
vn -0.3889 -0.9211 0.0176
vn -0.5165 -0.8561 0.0170
vn -0.5869 -0.8095 0.0147
vn -0.4787 0.6363 -0.6049
vn -0.4745 0.7178 -0.5095
vn -0.7629 -0.0826 -0.6413
vn -0.3099 -0.7019 -0.6413
vn 0.4530 -0.6194 -0.6413
vn 0.7629 0.0826 -0.6413
vn 0.3099 0.7019 -0.6413
vn 0.3102 -0.4042 0.8605
vn 0.4745 -0.4790 0.7385
vn -0.2815 0.2857 0.9160
vn 0.1950 0.4707 0.8605
vn 0.1776 0.6505 0.7385
vn -0.1068 -0.3851 0.9167
vn 0.1720 -0.4097 0.8958
vn 0.3783 -0.0990 0.9204
vn 0.4409 -0.0551 0.8959
vn 0.2763 0.2797 0.9195
vn 0.2671 0.3529 0.8967
vn -0.1033 0.3766 0.9206
vn -0.1723 0.4072 0.8969
vn -0.3795 0.0988 0.9199
vn -0.4428 0.0562 0.8949
vn -0.2753 -0.2792 0.9199
vn -0.2708 -0.3566 0.8942
vn 0.2731 -0.1576 0.9490
vn 0.3345 -0.2600 0.9058
vn 0.3217 0.1940 0.9267
vn 0.3919 0.1592 0.9062
vn 0.3937 0.2391 0.8876
vn -0.0000 0.3163 0.9487
vn 0.0584 0.4201 0.9056
vn -0.3285 0.1813 0.9270
vn -0.3340 0.2599 0.9061
vn -0.4042 0.2216 0.8874
vn -0.3213 -0.1938 0.9269
vn -0.3920 -0.1593 0.9061
vn -0.3940 -0.2393 0.8874
vn 0.0015 -0.3555 0.9347
vn -0.0001 -0.3443 0.9388
vn 0.0578 -0.4193 0.9060
vn 0.3927 -0.1597 0.9057
vn 0.3900 0.2904 0.8738
vn -0.0587 0.4204 0.9055
vn -0.4457 0.1922 0.8743
vn -0.3894 -0.2899 0.8743
vn -0.8641 0.5028 -0.0229
vn -0.8618 0.5058 -0.0389
vn -0.7884 0.6146 -0.0279
vn -0.3708 0.9281 -0.0321
vn -0.7765 0.6296 -0.0245
vn -0.9347 -0.3547 -0.0215
vn -0.9264 -0.3756 -0.0279
vn -0.9634 -0.2669 -0.0244
vn -0.9918 0.1250 -0.0279
vn -0.9940 0.1069 -0.0248
vn -0.9692 -0.2453 -0.0234
vn -0.0000 -0.9997 -0.0233
vn -0.0000 -0.9993 -0.0379
vn -0.1403 -0.9897 -0.0279
vn -0.7128 -0.7009 -0.0244
vn -0.7885 -0.6144 -0.0279
vn -0.7746 -0.6321 -0.0215
vn -0.6971 -0.7166 -0.0234
vn -0.1637 -0.9862 -0.0253
vn 0.8658 -0.4999 -0.0234
vn 0.8654 -0.4997 -0.0379
vn 0.7870 -0.6164 -0.0279
vn 0.1403 -0.9897 -0.0279
vn 0.1636 -0.9862 -0.0253
vn 0.7722 -0.6348 -0.0253
vn 0.8658 0.4999 -0.0233
vn 0.8654 0.4996 -0.0379
vn 0.9273 0.3733 -0.0279
vn 0.9273 -0.3734 -0.0279
vn 0.9359 -0.3514 -0.0253
vn 0.9359 0.3514 -0.0253
vn -0.0000 0.9997 -0.0234
vn -0.0240 0.9992 -0.0313
vn 0.1403 0.9897 -0.0279
vn 0.1637 0.9862 -0.0253
vn 0.7870 0.6163 -0.0279
vn 0.7723 0.6348 -0.0253
vn -0.1006 0.1726 -0.9798
vn -0.0208 0.0280 -0.9994
vn -0.1174 0.1612 -0.9799
vn -0.0339 0.0878 -0.9956
vn -0.0272 0.1564 -0.9873
vn 0.1308 0.0832 -0.9879
vn 0.1708 -0.0060 -0.9853
vn 0.1682 0.0274 -0.9854
vn 0.0969 0.0366 -0.9946
vn 0.0808 -0.1519 -0.9851
vn 0.1074 -0.1315 -0.9855
vn 0.0945 -0.0793 -0.9924
vn -0.1106 -0.1832 -0.9768
vn -0.0746 -0.1845 -0.9800
vn -0.1944 0.0029 -0.9809
vn -0.2115 -0.0309 -0.9769
vn -0.1181 -0.0600 -0.9912
vn -0.1121 0.0138 -0.9936
vn -0.3952 0.5286 -0.7512
vn -0.4806 0.6337 -0.6062
vn -0.3669 0.6355 -0.6793
vn -0.3875 0.3872 -0.8366
vn -0.4885 0.4933 -0.7197
vn -0.2920 0.3959 -0.8707
vn -0.2681 0.4642 -0.8442
vn -0.5718 0.5561 -0.6031
vn -0.5478 0.7301 -0.4085
vn -0.4425 0.7665 -0.4655
vn -0.6227 0.6361 -0.4557
vn -0.1830 0.6697 -0.7197
vn -0.3085 0.7330 -0.6062
vn -0.1957 0.7733 -0.6031
vn -0.2396 0.8573 -0.4556
vn -0.3584 0.8395 -0.4085
vn -0.2602 0.6066 -0.7512
vn -0.1969 0.4508 -0.8706
vn -0.1416 0.5291 -0.8367
vn 0.2684 -0.9385 0.2173
vn 0.2678 -0.9634 0.0143
vn 0.6787 -0.7013 0.2180
vn 0.6022 -0.7981 0.0179
vn 0.7008 -0.7133 0.0143
vn 0.9784 0.0044 0.2066
vn 0.9519 -0.1182 0.2827
vn 0.9471 -0.2365 0.2168
vn 0.9681 -0.2501 0.0143
vn 0.2688 0.9385 0.2168
vn 0.2673 0.9635 0.0142
vn 0.3738 0.8833 0.2830
vn 0.4930 0.8451 0.2067
vn -0.4930 0.8451 0.2066
vn -0.3736 0.8835 0.2827
vn -0.2688 0.9385 0.2168
vn -0.2676 0.9634 0.0143
vn -0.9763 -0.0000 0.2164
vn -0.9520 0.1178 0.2824
vn -0.9471 0.2365 0.2168
vn -0.9681 0.2502 0.0143
vn -0.9471 -0.2365 0.2168
vn -0.9680 -0.2504 0.0142
vn -0.9520 -0.1175 0.2826
vn -0.2688 -0.9385 0.2168
vn -0.2673 -0.9635 0.0142
vn -0.3738 -0.8833 0.2830
vn -0.4930 -0.8451 0.2067
vn -0.0604 0.3734 0.9257
vn -0.3962 0.3238 0.8592
vn 0.7006 -0.7129 0.0312
vn -0.5865 0.1657 0.7928
vn -0.4732 -0.1788 0.8626
vn -0.4339 -0.4233 0.7953
vn -0.0823 -0.5050 0.8592
vn 0.3707 0.9279 0.0390
vn 0.1009 0.3473 0.9323
vn 0.2672 0.9631 0.0314
vn 0.1498 -0.5907 0.7929
vn 0.3906 -0.3194 0.8634
vn -0.3682 0.4856 0.7929
vn -0.2717 0.2804 0.9206
vn -0.1724 0.2950 0.9398
vn 0.5893 -0.1663 0.7906
vn 0.4719 0.1785 0.8634
vn -0.6013 -0.0752 0.7955
vn -0.3775 -0.0945 0.9212
vn -0.3641 -0.0044 0.9313
vn 0.4387 0.4272 0.7906
vn -0.3706 -0.9280 0.0380
vn 0.0814 0.4980 0.8634
vn -0.1637 -0.5917 0.7894
vn -0.5268 0.5321 -0.6628
vn -0.6976 0.7104 -0.0933
vn -0.2898 0.7001 -0.6526
vn -0.3944 -0.3229 0.8603
vn -0.7242 -0.1903 -0.6629
vn -0.9640 -0.2490 -0.0931
vn -0.7458 0.0992 -0.6587
vn -0.1973 -0.7223 -0.6629
vn -0.2664 -0.9593 -0.0935
vn -0.4580 -0.5984 -0.6574
vn 0.4780 -0.1808 0.8596
vn 0.5268 -0.5320 -0.6629
vn 0.6976 -0.7104 -0.0936
vn 0.2864 -0.6951 -0.6594
vn 0.3955 0.3236 0.8596
vn 0.7241 0.1903 -0.6629
vn 0.9640 0.2489 -0.0935
vn 0.7506 -0.0990 -0.6532
vn 0.1973 0.7223 -0.6629
vn 0.2664 0.9593 -0.0936
vn 0.4587 0.5956 -0.6594
vn 0.0995 -0.1080 0.9892
vn 0.0362 -0.0473 0.9982
vn 0.0251 -0.1471 0.9888
vn 0.0282 -0.0486 0.9984
vn 0.0636 -0.1490 0.9868
vn -0.1027 -0.0975 0.9899
vn -0.0151 0.0926 0.9956
vn 0.0047 0.1457 0.9893
vn -0.0593 0.1315 0.9895
vn 0.1013 -0.3476 0.9321
vn 0.2394 -0.5705 0.7856
vn -0.1011 0.3482 0.9319
vn -0.2363 0.5595 0.7944
vn -0.1419 0.9708 -0.1932
vn -0.0000 0.9703 -0.2419
vn -0.1299 0.8817 -0.4536
vn -0.8399 0.4855 -0.2428
vn -0.7701 0.6077 -0.1942
vn -0.6987 0.5533 -0.4536
vn -0.9116 0.3623 -0.1942
vn -0.8285 0.3284 -0.4536
vn -0.8145 0.1017 -0.5712
vn -0.8909 -0.0001 -0.4543
vn -0.9598 0.1206 -0.2536
vn -0.8621 0.2258 -0.4536
vn -0.9490 0.2490 -0.1932
vn -0.8403 -0.4851 -0.2419
vn -0.9117 -0.3625 -0.1931
vn -0.8285 -0.3284 -0.4536
vn -0.9595 -0.1201 -0.2547
vn -0.8622 -0.2257 -0.4536
vn -0.9488 -0.2495 -0.1936
vn -0.8147 -0.1017 -0.5709
vn -0.7698 -0.6083 -0.1932
vn -0.6987 -0.5533 -0.4535
vn -0.4953 -0.6545 -0.5713
vn -0.4453 -0.7716 -0.4544
vn -0.5838 -0.7709 -0.2545
vn -0.6266 -0.6337 -0.4536
vn -0.6902 -0.6971 -0.1939
vn -0.0000 -0.9703 -0.2419
vn -0.1419 -0.9709 -0.1931
vn -0.1298 -0.8817 -0.4536
vn -0.3757 -0.8910 -0.2547
vn -0.2356 -0.8595 -0.4536
vn -0.2584 -0.9464 -0.1937
vn -0.3193 -0.7564 -0.5709
vn 0.1419 -0.9708 -0.1932
vn 0.1299 -0.8817 -0.4536
vn 0.3192 -0.7562 -0.5713
vn 0.4456 -0.7714 -0.4544
vn 0.3757 -0.8911 -0.2545
vn 0.2355 -0.8595 -0.4536
vn 0.2586 -0.9463 -0.1939
vn 0.8403 -0.4852 -0.2419
vn 0.7698 -0.6083 -0.1931
vn 0.6987 -0.5533 -0.4536
vn 0.4954 -0.6547 -0.5709
vn 0.5838 -0.7709 -0.2547
vn 0.6266 -0.6338 -0.4536
vn 0.6905 -0.6970 -0.1937
vn 0.9117 -0.3625 -0.1932
vn 0.8285 -0.3284 -0.4536
vn 0.8144 -0.1017 -0.5713
vn 0.8908 0.0002 -0.4544
vn 0.9596 -0.1201 -0.2545
vn 0.8621 -0.2258 -0.4536
vn 0.9489 -0.2492 -0.1939
vn 0.8403 0.4851 -0.2419
vn 0.9117 0.3625 -0.1931
vn 0.8285 0.3284 -0.4536
vn 0.9595 0.1201 -0.2547
vn 0.8622 0.2257 -0.4536
vn 0.9488 0.2495 -0.1937
vn 0.8147 0.1017 -0.5709
vn 0.7698 0.6083 -0.1932
vn 0.6987 0.5533 -0.4535
vn 0.4953 0.6545 -0.5713
vn 0.4453 0.7716 -0.4544
vn 0.5838 0.7709 -0.2545
vn 0.6266 0.6337 -0.4536
vn 0.6902 0.6971 -0.1939
vn 0.1419 0.9709 -0.1931
vn 0.1298 0.8817 -0.4536
vn 0.3193 0.7564 -0.5709
vn 0.3757 0.8910 -0.2547
vn 0.2356 0.8595 -0.4536
vn 0.2584 0.9464 -0.1937
vn 0.3901 -0.9202 0.0327
vn 0.9890 -0.1424 0.0395
vn 0.9919 0.1213 0.0380
vn 0.6024 0.7975 0.0321
vn -0.3709 0.9279 0.0390
vn -0.6035 0.7967 0.0320
vn -0.9887 0.1426 0.0469
vn -0.9890 -0.1426 0.0394
vn -0.6024 -0.7973 0.0382
vn -0.4566 0.5943 -0.6620
vn -0.7269 -0.0894 -0.6809
vn -0.2894 -0.6827 -0.6709
vn 0.4441 -0.5873 -0.6767
vn 0.7359 0.0908 -0.6709
vn 0.2865 0.6782 -0.6767
vn 0.3128 -0.2547 0.9150
vn 0.3761 0.1432 0.9155
vn 0.0643 0.3982 0.9150
vn -0.2737 0.3610 0.8915
vn -0.3118 0.2541 0.9155
vn -0.3760 -0.1429 0.9155
vn -0.1776 -0.4215 0.8893
vn -0.0633 -0.3955 0.9163
vn 0.3085 0.2403 0.9204
vn -0.3622 0.1471 0.9204
vn -0.3085 -0.2401 0.9204
vn -0.2329 0.2670 -0.9351
vn -0.0927 0.0825 -0.9923
vn -0.1813 0.1465 -0.9725
vn -0.1055 0.0679 -0.9921
vn -0.1151 0.3354 -0.9350
vn -0.0563 0.2153 -0.9749
vn 0.1535 0.5241 -0.8377
vn 0.0787 0.3535 -0.9321
vn 0.0748 0.5521 -0.8304
vn 0.2753 0.4671 -0.8403
vn 0.1603 0.3235 -0.9326
vn 0.2072 0.5037 -0.8386
vn 0.1260 0.2065 -0.9703
vn 0.0467 0.1566 -0.9866
vn 0.0237 0.1533 -0.9879
vn 0.0036 0.2079 -0.9781
vn 0.2315 0.2769 -0.9326
vn 0.3229 0.4374 -0.8393
vn 0.3906 0.3955 -0.8313
vn 0.5306 0.1291 -0.8377
vn 0.3466 0.1090 -0.9317
vn 0.5155 0.2113 -0.8304
vn 0.5421 -0.0049 -0.8403
vn 0.3576 0.0226 -0.9336
vn 0.5398 0.0725 -0.8387
vn 0.1727 0.0382 -0.9842
vn 0.3550 -0.0622 -0.9328
vn 0.5402 -0.0610 -0.8393
vn 0.5378 -0.1405 -0.8313
vn 0.2181 -0.0845 -0.9723
vn 0.3772 -0.3950 -0.8377
vn 0.2674 -0.2453 -0.9318
vn 0.4407 -0.3408 -0.8304
vn 0.2668 -0.4719 -0.8403
vn 0.1984 -0.2984 -0.9336
vn 0.3327 -0.4313 -0.8387
vn 0.1189 -0.1299 -0.9844
vn 0.1239 -0.3391 -0.9326
vn 0.2173 -0.4983 -0.8393
vn 0.1472 -0.5360 -0.8313
vn -0.1535 -0.5241 -0.8377
vn -0.0789 -0.3538 -0.9320
vn -0.0748 -0.5521 -0.8304
vn -0.2753 -0.4671 -0.8403
vn -0.1597 -0.3218 -0.9332
vn -0.2072 -0.5037 -0.8387
vn -0.0261 -0.2202 -0.9751
vn -0.2306 -0.2758 -0.9331
vn -0.3229 -0.4374 -0.8393
vn -0.3906 -0.3955 -0.8313
vn -0.1070 -0.0951 -0.9897
vn -0.5306 -0.1291 -0.8377
vn -0.3451 -0.1084 -0.9323
vn -0.5155 -0.2113 -0.8304
vn -0.5421 0.0049 -0.8403
vn -0.3584 -0.0227 -0.9333
vn -0.5398 -0.0725 -0.8387
vn -0.1702 -0.0431 -0.9845
vn -0.1634 -0.0672 -0.9843
vn -0.3546 0.0619 -0.9330
vn -0.5402 0.0610 -0.8393
vn -0.5378 0.1405 -0.8313
vn -0.1655 0.0607 -0.9843
vn -0.6211 0.4915 -0.6105
vn -0.7120 0.4111 -0.5693
vn -0.7362 -0.2921 -0.6105
vn -0.7120 -0.4111 -0.5693
vn -0.7819 0.0001 -0.6234
vn -0.1151 -0.7836 -0.6105
vn -0.0000 -0.8221 -0.5693
vn -0.3911 -0.6771 -0.6234
vn 0.6211 -0.4915 -0.6105
vn 0.7120 -0.4110 -0.5693
vn 0.3909 -0.6772 -0.6234
vn 0.7362 0.2921 -0.6105
vn 0.7120 0.4111 -0.5693
vn 0.7819 -0.0001 -0.6234
vn 0.1151 0.7836 -0.6105
vn -0.0000 0.8221 -0.5693
vn 0.3910 0.6771 -0.6234
vn 0.3873 -0.8851 0.2579
vn 0.1396 -0.9899 0.0236
vn -0.0000 -0.9823 0.1873
vn 0.0001 -0.9999 0.0133
vn 0.8507 -0.4911 0.1873
vn 0.7873 -0.6161 0.0236
vn 0.8659 -0.5000 0.0133
vn 0.7000 -0.5428 0.4641
vn 0.5725 -0.7779 0.2590
vn 0.9272 -0.3738 0.0236
vn 0.8507 0.4911 0.1874
vn 0.9272 0.3738 0.0234
vn 0.8660 0.5000 0.0133
vn 0.9510 0.2325 0.2039
vn 0.8204 0.3347 0.4636
vn 0.7874 0.6160 0.0235
vn -0.0000 0.9823 0.1873
vn 0.1400 0.9899 0.0236
vn -0.0000 0.9999 0.0134
vn 0.1201 0.8777 0.4640
vn -0.1399 0.9899 0.0236
vn -0.8507 0.4911 0.1873
vn -0.7874 0.6160 0.0234
vn -0.8659 0.5000 0.0133
vn -0.6768 0.7073 0.2039
vn -0.7001 0.5431 0.4636
vn -0.9272 0.3737 0.0236
vn -0.8507 -0.4911 0.1873
vn -0.9272 -0.3738 0.0236
vn -0.8660 -0.4999 0.0133
vn -0.8201 -0.3348 0.4640
vn -0.7873 -0.6161 0.0234
vn -0.1398 -0.9899 0.0236
vn -0.1201 -0.8777 0.4640
vn 0.1725 0.2950 0.9398
vn 0.2369 0.5602 0.7938
vn -0.5983 0.8011 -0.0172
vn -0.9930 -0.1171 -0.0181
vn -0.1401 0.9899 -0.0231
vn -0.1403 0.9897 -0.0279
vn -0.3950 -0.9185 -0.0181
vn 0.5979 -0.8014 -0.0181
vn 0.9930 0.1171 -0.0181
vn 0.3951 0.9185 -0.0181
vn 0.0165 -0.2422 0.9701
vn -0.0031 -0.5576 0.8301
vn 0.0791 -0.5496 0.8317
vn -0.0594 -0.4334 0.8993
vn -0.1492 -0.5423 0.8268
vn -0.0781 -0.2239 0.9715
vn -0.2154 -0.5058 0.8353
vn -0.1695 -0.1850 0.9680
vn -0.2068 -0.1458 0.9675
vn -0.4845 -0.2761 0.8301
vn -0.4163 -0.3276 0.8481
vn -0.3305 -0.4396 0.8352
vn -0.2093 -0.3626 0.9082
vn -0.4043 -0.1650 0.8996
vn -0.5443 -0.1419 0.8268
vn -0.2342 -0.0448 0.9711
vn -0.5458 -0.0664 0.8353
vn -0.2436 0.0540 0.9684
vn -0.2314 0.1074 0.9669
vn -0.4814 0.2815 0.8301
vn -0.4919 0.1967 0.8481
vn -0.5460 0.0664 0.8352
vn -0.4191 -0.0000 0.9079
vn -0.3465 0.2689 0.8987
vn -0.3951 0.4004 0.8268
vn -0.1557 0.1803 0.9712
vn -0.3304 0.4394 0.8353
vn -0.0844 0.1172 0.9895
vn -0.0750 0.2384 0.9683
vn -0.0228 0.2518 0.9675
vn 0.0031 0.5576 0.8301
vn -0.0756 0.5244 0.8481
vn -0.2155 0.5060 0.8352
vn -0.2096 0.3630 0.9079
vn 0.0594 0.4335 0.8992
vn 0.1492 0.5423 0.8268
vn 0.0783 0.2247 0.9713
vn 0.2154 0.5058 0.8353
vn 0.1287 0.0675 0.9894
vn 0.0715 0.0689 0.9951
vn 0.1694 0.1846 0.9681
vn 0.0611 0.0844 0.9946
vn 0.2071 0.1460 0.9674
vn 0.4845 0.2762 0.8301
vn 0.4163 0.3276 0.8481
vn 0.3305 0.4396 0.8352
vn 0.2094 0.3628 0.9080
vn 0.4042 0.1649 0.8997
vn 0.5443 0.1419 0.8268
vn 0.2330 0.0443 0.9715
vn 0.5458 0.0664 0.8353
vn 0.2445 -0.0543 0.9681
vn 0.2367 -0.1156 0.9647
vn 0.4614 -0.2697 0.8452
vn 0.4919 -0.1967 0.8481
vn 0.5460 -0.0664 0.8352
vn 0.4186 -0.0000 0.9082
vn 0.2674 -0.9631 0.0312
vn 0.6016 -0.0755 0.7952
vn 0.3643 -0.0044 0.9313
vn 0.3783 -0.0948 0.9208
vn 0.3685 0.4857 0.7926
vn 0.2725 0.2810 0.9202
vn -0.2673 0.9631 0.0314
vn -0.9833 0.0001 -0.1818
vn -0.4917 -0.8516 -0.1818
vn 0.4916 -0.8516 -0.1818
vn 0.9833 -0.0001 -0.1818
vn 0.4917 0.8516 -0.1818
vn -0.2717 0.9621 -0.0221
vn -0.2718 0.9619 -0.0279
vn -0.8658 -0.4999 -0.0234
vn -0.8657 -0.4998 -0.0279
vn -0.9996 -0.0000 -0.0279
vn -0.9997 0.0002 -0.0230
vn -0.9921 -0.1224 -0.0279
vn -0.9922 -0.1225 -0.0231
vn -0.4998 -0.8657 -0.0280
vn -0.5993 -0.8000 -0.0279
vn -0.5997 -0.7999 -0.0226
vn -0.4999 -0.8658 -0.0219
vn -0.2720 -0.9619 -0.0279
vn -0.2720 -0.9620 -0.0223
vn -0.3895 -0.9206 -0.0279
vn -0.3895 -0.9207 -0.0220
vn 0.4998 -0.8657 -0.0279
vn 0.3865 -0.9219 -0.0279
vn 0.3867 -0.9220 -0.0226
vn 0.4998 -0.8658 -0.0231
vn 0.2719 -0.9619 -0.0279
vn 0.2720 -0.9620 -0.0224
vn 0.6971 -0.7165 -0.0279
vn 0.6972 -0.7166 -0.0223
vn 0.6051 -0.7956 -0.0279
vn 0.6051 -0.7958 -0.0225
vn 0.9996 -0.0000 -0.0279
vn 0.9920 -0.1229 -0.0279
vn 0.9922 -0.1230 -0.0220
vn 0.9998 -0.0000 -0.0219
vn 0.9690 -0.2455 -0.0279
vn 0.9691 -0.2455 -0.0224
vn 0.9690 0.2454 -0.0279
vn 0.9691 0.2455 -0.0223
vn 0.9920 0.1229 -0.0279
vn 0.9922 0.1230 -0.0220
vn 0.4998 0.8657 -0.0279
vn 0.6051 0.7956 -0.0279
vn 0.6051 0.7958 -0.0226
vn 0.4999 0.8658 -0.0231
vn 0.6971 0.7164 -0.0279
vn 0.6972 0.7166 -0.0224
vn 0.2720 0.9619 -0.0279
vn 0.2720 0.9620 -0.0223
vn 0.3865 0.9219 -0.0279
vn 0.3866 0.9220 -0.0225
vn -0.3170 0.1830 -0.9306
vn -0.4803 0.2773 -0.8321
vn -0.4240 0.3363 -0.8409
vn -0.2832 0.2292 -0.9313
vn -0.1742 0.3012 -0.9375
vn -0.0792 0.5353 -0.8409
vn -0.0568 0.3593 -0.9315
vn 0.0039 0.5421 -0.8403
vn 0.0069 0.3650 -0.9310
vn 0.4238 0.3362 -0.8410
vn 0.2824 0.2288 -0.9316
vn 0.4714 0.2677 -0.8403
vn 0.3217 0.1781 -0.9299
vn 0.1214 0.1178 -0.9856
vn 0.1437 0.1171 -0.9827
vn 0.1769 -0.0159 -0.9841
vn 0.5031 -0.1989 -0.8410
vn 0.3404 -0.1309 -0.9311
vn 0.4675 -0.2744 -0.8403
vn 0.3140 -0.1890 -0.9304
vn 0.0754 -0.1623 -0.9839
vn 0.0792 -0.5351 -0.8410
vn 0.0570 -0.3615 -0.9306
vn -0.0038 -0.5421 -0.8403
vn -0.0069 -0.3650 -0.9310
vn 0.0239 -0.1630 -0.9863
vn -0.1000 -0.1331 -0.9860
vn -0.4238 -0.3362 -0.8410
vn -0.2840 -0.2301 -0.9308
vn -0.4714 -0.2677 -0.8403
vn -0.3213 -0.1774 -0.9302
vn -0.1149 -0.1166 -0.9865
vn -0.5031 0.1990 -0.8410
vn -0.3387 0.1301 -0.9319
vn -0.1680 0.0463 -0.9847
vn -0.6100 0.3522 -0.7098
vn -0.5521 0.4258 -0.7169
vn -0.1151 0.7836 -0.6105
vn -0.0000 0.7044 -0.7098
vn -0.0927 0.6910 -0.7169
vn -0.6101 -0.3522 -0.7097
vn -0.6448 -0.2652 -0.7169
vn -0.6738 -0.1690 -0.7194
vn -0.6990 0.0001 -0.7151
vn -0.6940 -0.0864 -0.7148
vn -0.7646 -0.2026 -0.6118
vn -0.7362 0.2921 -0.6105
vn -0.7646 0.2026 -0.6118
vn -0.6448 0.2652 -0.7169
vn -0.6738 0.1690 -0.7193
vn -0.6942 0.0864 -0.7146
vn -0.0000 -0.7044 -0.7098
vn -0.0927 -0.6910 -0.7169
vn -0.1905 -0.6680 -0.7194
vn -0.3495 -0.6053 -0.7152
vn -0.2722 -0.6442 -0.7148
vn -0.2069 -0.7635 -0.6118
vn -0.6211 -0.4915 -0.6105
vn -0.5577 -0.5609 -0.6118
vn -0.5520 -0.4258 -0.7169
vn -0.4833 -0.4990 -0.7193
vn -0.4219 -0.5579 -0.7147
vn 0.6100 -0.3522 -0.7098
vn 0.5521 -0.4258 -0.7169
vn 0.4833 -0.4990 -0.7194
vn 0.3495 -0.6054 -0.7151
vn 0.4218 -0.5578 -0.7148
vn 0.5577 -0.5609 -0.6118
vn 0.1151 -0.7836 -0.6105
vn 0.2069 -0.7635 -0.6118
vn 0.0927 -0.6910 -0.7169
vn 0.1906 -0.6680 -0.7193
vn 0.2722 -0.6444 -0.7146
vn 0.6101 0.3522 -0.7097
vn 0.6448 0.2652 -0.7169
vn 0.6738 0.1690 -0.7193
vn 0.6990 -0.0001 -0.7151
vn 0.6940 0.0864 -0.7148
vn 0.7646 0.2026 -0.6118
vn 0.7362 -0.2921 -0.6105
vn 0.7647 -0.2025 -0.6118
vn 0.6448 -0.2652 -0.7169
vn 0.6738 -0.1690 -0.7193
vn 0.6942 -0.0864 -0.7146
vn 0.0927 0.6910 -0.7169
vn 0.1905 0.6680 -0.7194
vn 0.3496 0.6054 -0.7151
vn 0.2722 0.6442 -0.7148
vn 0.2069 0.7635 -0.6118
vn 0.6211 0.4915 -0.6105
vn 0.5577 0.5609 -0.6118
vn 0.5520 0.4258 -0.7169
vn 0.4833 0.4990 -0.7193
vn 0.4219 0.5580 -0.7146
vn -0.0000 -0.8930 0.4501
vn 0.1201 -0.8776 0.4641
vn 0.2302 -0.8102 0.5391
vn 0.4853 -0.8409 0.2396
vn 0.4232 -0.7329 0.5327
vn 0.3301 -0.7809 0.5303
vn 0.7733 -0.4465 0.4501
vn 0.5111 -0.6763 0.5304
vn 0.5863 -0.6043 0.5395
vn 0.8202 -0.3348 0.4640
vn 0.8493 0.0010 0.5279
vn 0.8424 -0.1041 0.5288
vn 0.8174 -0.2056 0.5381
vn 0.9732 0.1213 0.1956
vn 0.9682 0.2496 0.0156
vn 0.7733 0.4465 0.4501
vn 0.8467 0.1050 0.5216
vn 0.8211 0.2055 0.5326
vn 0.7000 0.5431 0.4637
vn 0.4255 0.7350 0.5279
vn 0.5143 0.6808 0.5216
vn 0.5916 0.7822 0.1955
vn 0.6768 0.7073 0.2040
vn 0.5885 0.6083 0.5326
vn 0.7002 0.7138 0.0156
vn -0.0000 0.8930 0.4501
vn 0.3310 0.7813 0.5291
vn 0.2306 0.8103 0.5387
vn -0.1202 0.8777 0.4640
vn -0.4255 0.7350 0.5279
vn -0.3310 0.7816 0.5288
vn -0.2307 0.8107 0.5381
vn -0.5916 0.7822 0.1955
vn -0.7002 0.7137 0.0156
vn -0.7733 0.4465 0.4501
vn -0.5143 0.6808 0.5215
vn -0.5885 0.6083 0.5326
vn -0.8202 0.3348 0.4640
vn -0.8482 -0.0000 0.5297
vn -0.8428 0.1039 0.5280
vn -0.8174 0.2056 0.5381
vn -0.7733 -0.4465 0.4501
vn -0.8427 -0.1038 0.5284
vn -0.8171 -0.2055 0.5387
vn -0.7000 -0.5431 0.4637
vn -0.4255 -0.7350 0.5279
vn -0.5143 -0.6808 0.5216
vn -0.5916 -0.7822 0.1955
vn -0.6768 -0.7073 0.2040
vn -0.5885 -0.6083 0.5326
vn -0.7002 -0.7138 0.0156
vn -0.3310 -0.7813 0.5291
vn -0.2306 -0.8103 0.5387
vn -0.0016 -0.6520 0.7582
vn -0.0000 -0.7374 0.6755
vn 0.1006 -0.7270 0.6792
vn 0.0918 -0.6450 0.7586
vn 0.1945 -0.7018 0.6854
vn 0.1755 -0.6211 0.7639
vn 0.3622 -0.6273 0.6894
vn 0.3221 -0.5579 0.7648
vn 0.2502 -0.5928 0.7655
vn 0.2823 -0.6679 0.6886
vn -0.1006 -0.7270 0.6792
vn 0.6386 -0.3687 0.6755
vn 0.5793 -0.4507 0.6792
vn 0.5103 -0.5195 0.6854
vn 0.4375 -0.5782 0.6886
vn 0.5673 -0.3275 0.7556
vn 0.5159 -0.4025 0.7562
vn 0.4534 -0.4660 0.7598
vn 0.3887 -0.5155 0.7637
vn -0.5655 -0.3246 0.7582
vn -0.6386 -0.3687 0.6755
vn -0.5793 -0.4507 0.6792
vn -0.5159 -0.4025 0.7562
vn -0.5105 -0.5193 0.6854
vn -0.4574 -0.4673 0.7566
vn -0.3620 -0.6270 0.6899
vn -0.3233 -0.5600 0.7628
vn -0.3916 -0.5191 0.7597
vn -0.4372 -0.5782 0.6888
vn -0.6800 -0.2764 0.6792
vn -0.1947 -0.7017 0.6854
vn -0.2820 -0.6678 0.6889
vn -0.0900 -0.6430 0.7605
vn -0.1743 -0.6279 0.7585
vn -0.2538 -0.5987 0.7597
vn -0.5639 0.3274 0.7582
vn -0.6386 0.3687 0.6755
vn -0.6800 0.2764 0.6792
vn -0.6066 0.2455 0.7562
vn -0.7050 0.1824 0.6854
vn -0.6334 0.1625 0.7566
vn -0.7239 -0.0000 0.6899
vn -0.6466 -0.0000 0.7628
vn -0.6454 0.0796 0.7597
vn -0.7194 0.0895 0.6888
vn -0.5793 0.4507 0.6791
vn -0.7050 -0.1822 0.6854
vn -0.7193 -0.0897 0.6888
vn -0.6019 -0.2436 0.7605
vn -0.6309 -0.1630 0.7585
vn -0.6454 -0.0796 0.7597
vn 0.0016 0.6520 0.7582
vn -0.0000 0.7374 0.6755
vn -0.1006 0.7270 0.6792
vn -0.0907 0.6480 0.7562
vn -0.1945 0.7017 0.6854
vn -0.1760 0.6298 0.7566
vn -0.3620 0.6270 0.6899
vn -0.3233 0.5600 0.7628
vn -0.2538 0.5987 0.7597
vn -0.2822 0.6677 0.6888
vn 0.1006 0.7270 0.6792
vn -0.5103 0.5195 0.6854
vn -0.4374 0.5781 0.6888
vn -0.5119 0.3994 0.7605
vn -0.4567 0.4649 0.7585
vn -0.3916 0.5191 0.7597
vn 0.5655 0.3246 0.7582
vn 0.6386 0.3687 0.6755
vn 0.5793 0.4507 0.6792
vn 0.5159 0.4025 0.7562
vn 0.5105 0.5193 0.6854
vn 0.4574 0.4673 0.7566
vn 0.3620 0.6269 0.6899
vn 0.3233 0.5600 0.7628
vn 0.3916 0.5191 0.7597
vn 0.4372 0.5782 0.6889
vn 0.6800 0.2764 0.6791
vn 0.1947 0.7017 0.6854
vn 0.2820 0.6678 0.6889
vn 0.0900 0.6430 0.7605
vn 0.1743 0.6279 0.7585
vn 0.2538 0.5987 0.7597
vn 0.6799 -0.2764 0.6792
vn 0.6066 -0.2455 0.7562
vn 0.7050 -0.1824 0.6854
vn 0.6334 -0.1625 0.7566
vn 0.7239 -0.0000 0.6899
vn 0.6466 -0.0000 0.7628
vn 0.6454 -0.0796 0.7597
vn 0.7194 -0.0895 0.6888
vn 0.7050 0.1822 0.6854
vn 0.7193 0.0897 0.6889
vn 0.6019 0.2436 0.7605
vn 0.6309 0.1630 0.7585
vn 0.6454 0.0796 0.7597
vn 0.8654 -0.4996 0.0379
vn 0.7867 -0.6162 0.0382
vn 0.8654 0.4997 0.0380
vn 0.9270 0.3732 0.0382
vn 0.4110 0.1065 0.9054
vn 0.9672 0.2512 0.0383
vn 0.4235 0.0539 0.9043
vn -0.0000 0.9993 0.0380
vn 0.1404 0.9894 0.0383
vn -0.8654 0.4996 0.0379
vn -0.7868 0.6160 0.0382
vn -0.7009 0.7121 0.0395
vn -0.8654 -0.4997 0.0379
vn -0.9270 -0.3732 0.0383
vn -0.9674 -0.2500 0.0396
vn -0.2140 -0.3707 0.9038
vn -0.5876 0.4636 -0.6632
vn -0.4046 0.4080 0.8184
vn -0.3107 0.4053 0.8597
vn -0.5517 0.8326 -0.0489
vn -0.1076 0.7407 -0.6632
vn -0.1999 0.7237 -0.6606
vn -0.0994 0.7246 -0.6820
vn -0.0000 0.7305 -0.6829
vn -0.2023 0.7096 -0.6749
vn -0.6953 -0.2771 -0.6632
vn -0.5557 -0.1464 0.8184
vn -0.5052 -0.0665 0.8605
vn -0.6952 0.2772 -0.6632
vn -0.7272 0.1885 -0.6601
vn -0.6352 0.3680 -0.6791
vn -0.5806 0.4497 -0.6787
vn -0.6760 0.2757 -0.6834
vn -0.7143 0.1786 -0.6767
vn -0.1076 -0.7407 -0.6632
vn -0.1510 -0.5544 0.8184
vn -0.1950 -0.4707 0.8605
vn -0.5876 -0.4635 -0.6633
vn -0.5267 -0.5355 -0.6602
vn -0.6326 -0.3652 -0.6829
vn -0.6724 -0.2751 -0.6872
vn -0.5744 -0.4447 -0.6873
vn -0.5070 -0.5241 -0.6843
vn 0.5876 -0.4635 -0.6632
vn 0.1076 -0.7407 -0.6632
vn 0.2004 -0.7240 -0.6601
vn -0.0000 -0.7304 -0.6830
vn -0.0994 -0.7246 -0.6819
vn 0.0994 -0.7245 -0.6820
vn 0.2026 -0.7095 -0.6749
vn 0.6953 0.2771 -0.6632
vn 0.5557 0.1464 0.8184
vn 0.5051 0.0665 0.8605
vn 0.6952 -0.2772 -0.6632
vn 0.7272 -0.1884 -0.6601
vn 0.6326 -0.3653 -0.6829
vn 0.5779 -0.4484 -0.6819
vn 0.6772 -0.2762 -0.6820
vn 0.7157 -0.1793 -0.6750
vn 0.0994 0.7247 -0.6819
vn 0.1076 0.7407 -0.6632
vn 0.5877 0.4635 -0.6632
vn 0.5268 0.5355 -0.6601
vn 0.6326 0.3652 -0.6829
vn 0.6773 0.2762 -0.6819
vn 0.5778 0.4483 -0.6820
vn 0.5132 0.5302 -0.6750
vn 0.1400 -0.9894 0.0383
vn 0.9270 -0.3732 0.0383
vn 0.7867 0.6162 0.0382
vn -0.1404 0.9894 0.0383
vn -0.9270 0.3731 0.0383
vn -0.7867 -0.6162 0.0382
vn 0.4233 -0.3243 0.8460
vn 0.3818 -0.3954 0.8354
vn 0.2626 -0.3444 0.9013
vn 0.1926 -0.1625 0.9677
vn 0.2216 -0.3840 0.8964
vn 0.1183 -0.4232 0.8983
vn 0.1739 -0.4111 0.8949
vn -0.0914 -0.0473 0.9947
vn -0.3721 -0.3742 0.8494
vn -0.1140 -0.0473 0.9924
vn -0.5101 0.1352 0.8494
vn -0.1380 0.5094 0.8494
vn 0.3721 0.3742 0.8494
vn 0.5101 -0.1352 0.8494
vn 0.9675 -0.2499 0.0397
vn 0.7009 0.7121 0.0396
vn -0.4124 0.1069 0.9047
vn -0.9674 0.2502 0.0383
vn -0.4242 0.0540 0.9039
vn -0.2985 -0.3034 0.9049
vn -0.7011 -0.7120 0.0383
vn -0.2584 -0.3401 0.9042
vn -0.2619 0.9430 -0.2051
vn -0.3713 0.9028 -0.2171
vn -0.6853 0.6985 -0.2063
vn -0.5960 0.7733 -0.2163
vn -0.5105 0.5234 -0.6822
vn -0.7043 -0.1785 -0.6871
vn -0.1999 -0.7079 -0.6774
vn 0.5131 -0.5271 -0.6774
vn 0.7130 0.1808 -0.6774
vn 0.1999 0.7079 -0.6774
vn 0.1985 -0.3426 0.9183
vn 0.2435 -0.3196 0.9157
vn 0.2825 -0.2869 0.9154
vn 0.3988 0.0013 0.9170
vn 0.4011 0.0511 0.9146
vn 0.3900 0.1010 0.9153
vn 0.1974 0.3430 0.9184
vn 0.1561 0.3692 0.9161
vn 0.1069 0.3873 0.9157
vn -0.1983 0.3423 0.9184
vn -0.3985 -0.0000 0.9172
vn -0.3988 -0.0500 0.9157
vn -0.3883 -0.1010 0.9160
vn -0.2005 -0.3490 0.9154
vt 0.976952 0.867694
vt 0.978112 0.867955
vt 0.977727 0.869570
vt 0.977099 0.869429
vt 0.979095 0.868750
vt 0.978259 0.870000
vt 0.979752 0.869957
vt 0.978614 0.870653
vt 0.979983 0.871393
vt 0.978739 0.871430
vt 0.979752 0.872840
vt 0.978614 0.872213
vt 0.979095 0.874077
vt 0.978259 0.872883
vt 0.978112 0.874915
vt 0.977727 0.873336
vt 0.976952 0.875228
vt 0.977099 0.873506
vt 0.975793 0.874967
vt 0.976471 0.873365
vt 0.974810 0.874173
vt 0.975939 0.872935
vt 0.974153 0.872965
vt 0.975584 0.872281
vt 0.973922 0.871529
vt 0.975459 0.871504
vt 0.974153 0.870082
vt 0.975584 0.870721
vt 0.974810 0.868846
vt 0.975939 0.870052
vt 0.975793 0.868007
vt 0.976471 0.869598
vt 0.976733 0.866531
vt 0.978248 0.866871
vt 0.979533 0.867909
vt 0.980391 0.869487
vt 0.980945 0.426639
vt 0.981135 0.428492
vt 0.980395 0.428576
vt 0.980249 0.427158
vt 0.981069 0.430398
vt 0.980344 0.430035
vt 0.980391 0.873254
vt 0.979533 0.874869
vt 0.978248 0.875965
vt 0.976733 0.876374
vt 0.975218 0.876033
vt 0.973933 0.874995
vt 0.973075 0.873417
vt 0.972774 0.871541
vt 0.973075 0.869651
vt 0.973933 0.868035
vt 0.975218 0.866939
vt 0.935056 0.982582
vt 0.935056 0.980519
vt 0.935490 0.980647
vt 0.935491 0.982553
vt 0.935054 0.978711
vt 0.935489 0.978977
vt 0.981026 0.424809
vt 0.981477 0.426454
vt 0.980529 0.425120
vt 0.981682 0.428460
vt 0.981611 0.430522
vt 0.981274 0.432328
vt 0.980758 0.432066
vt 0.980724 0.433601
vt 0.980249 0.433242
vt 0.026449 0.980723
vt 0.026450 0.982726
vt 0.026013 0.982756
vt 0.026013 0.980906
vt 0.026449 0.984790
vt 0.026013 0.984663
vt 0.974834 0.876400
vt 0.973444 0.875276
vt 0.972515 0.873569
vt 0.972189 0.871538
vt 0.972515 0.869492
vt 0.973444 0.867743
vt 0.974834 0.866557
vt 0.935056 0.984587
vt 0.935490 0.984405
vt 0.933883 0.982582
vt 0.933882 0.980519
vt 0.933881 0.978711
vt 0.982129 0.424798
vt 0.982579 0.426442
vt 0.982784 0.428448
vt 0.982713 0.430511
vt 0.982377 0.432316
vt 0.026446 0.979086
vt 0.027619 0.979086
vt 0.027622 0.980723
vt 0.027623 0.982726
vt 0.027622 0.984790
vt 0.026446 0.986601
vt 0.027619 0.986602
vt 0.750303 0.978840
vt 0.749705 0.980383
vt 0.748633 0.980357
vt 0.749232 0.978813
vt 0.750627 0.976881
vt 0.749555 0.976854
vt 0.750627 0.974805
vt 0.749555 0.974778
vt 0.750303 0.972928
vt 0.749232 0.972901
vt 0.933882 0.984587
vt 0.935054 0.986229
vt 0.933881 0.986229
vt 0.974972 0.570545
vt 0.974260 0.568951
vt 0.975619 0.568673
vt 0.975707 0.570394
vt 0.974350 0.570983
vt 0.973111 0.569761
vt 0.973936 0.571642
vt 0.972345 0.570978
vt 0.973792 0.572422
vt 0.972080 0.572418
vt 0.973941 0.573203
vt 0.972356 0.573861
vt 0.974360 0.573867
vt 0.973130 0.575088
vt 0.974986 0.574312
vt 0.974285 0.575912
vt 0.975722 0.574472
vt 0.975645 0.576207
vt 0.976457 0.574321
vt 0.977004 0.575928
vt 0.977079 0.573883
vt 0.978153 0.575119
vt 0.977493 0.573224
vt 0.978919 0.573901
vt 0.977637 0.572445
vt 0.979184 0.572461
vt 0.977488 0.571664
vt 0.978908 0.571018
vt 0.977069 0.571000
vt 0.978134 0.569791
vt 0.976443 0.570554
vt 0.976979 0.568968
vt 0.973717 0.567892
vt 0.975491 0.567528
vt 0.972215 0.568949
vt 0.971215 0.570540
vt 0.970868 0.572421
vt 0.971228 0.574307
vt 0.972240 0.575910
vt 0.973749 0.576986
vt 0.975526 0.577372
vt 0.977301 0.577008
vt 0.978803 0.575950
vt 0.979803 0.574359
vt 0.980149 0.572478
vt 0.979789 0.570592
vt 0.978778 0.568989
vt 0.977268 0.567913
vt 0.932274 0.980647
vt 0.932709 0.980519
vt 0.932710 0.982583
vt 0.932274 0.982553
vt 0.971798 0.568673
vt 0.973423 0.567528
vt 0.970715 0.570394
vt 0.970340 0.572431
vt 0.970730 0.574472
vt 0.971825 0.576207
vt 0.973459 0.577372
vt 0.029230 0.982757
vt 0.028796 0.982726
vt 0.028795 0.980723
vt 0.029229 0.980906
vt 0.029229 0.984664
vt 0.028795 0.984790
vt 0.029227 0.986337
vt 0.028792 0.986602
vt 0.747625 0.978569
vt 0.748160 0.978787
vt 0.747562 0.980330
vt 0.747072 0.979995
vt 0.747924 0.976759
vt 0.748484 0.976828
vt 0.747924 0.974841
vt 0.748484 0.974751
vt 0.747625 0.973106
vt 0.748160 0.972874
vt 0.747072 0.971820
vt 0.747562 0.971481
vt 0.932709 0.984588
vt 0.932274 0.984406
vt 0.932708 0.978711
vt 0.983231 0.424787
vt 0.983681 0.426431
vt 0.983887 0.428437
vt 0.983816 0.430500
vt 0.983479 0.432305
vt 0.028792 0.979086
vt 0.932708 0.986229
vt 0.978151 0.870902
vt 0.977901 0.871862
vt 0.977535 0.872765
vt 0.977431 0.870463
vt 0.976663 0.870169
vt 0.977099 0.871467
vt 0.976767 0.872471
vt 0.976047 0.872032
vt 0.976297 0.871072
vt 0.974479 0.571884
vt 0.974776 0.572840
vt 0.975208 0.573738
vt 0.975322 0.571434
vt 0.976221 0.571128
vt 0.975714 0.572433
vt 0.976107 0.573432
vt 0.976950 0.572982
vt 0.976653 0.572026
vt 0.975817 0.010559
vt 0.977411 0.009916
vt 0.977698 0.011355
vt 0.975972 0.011338
vt 0.975375 0.009899
vt 0.976594 0.008695
vt 0.974713 0.009457
vt 0.975372 0.007879
vt 0.973933 0.009302
vt 0.973930 0.007592
vt 0.973152 0.009456
vt 0.972488 0.007877
vt 0.972490 0.009897
vt 0.971265 0.008692
vt 0.972048 0.010557
vt 0.970448 0.009911
vt 0.971893 0.011336
vt 0.970162 0.011350
vt 0.972048 0.012115
vt 0.970448 0.012789
vt 0.972490 0.012775
vt 0.971265 0.014010
vt 0.973152 0.013217
vt 0.972488 0.014826
vt 0.973933 0.013372
vt 0.973930 0.015113
vt 0.974713 0.013218
vt 0.975372 0.014828
vt 0.975375 0.012777
vt 0.976594 0.014014
vt 0.975817 0.012117
vt 0.977411 0.012794
vt 0.978475 0.009499
vt 0.978849 0.011380
vt 0.977407 0.007904
vt 0.975810 0.006838
vt 0.973926 0.006463
vt 0.972042 0.006835
vt 0.970444 0.007899
vt 0.969377 0.009493
vt 0.969002 0.011373
vt 0.969377 0.013254
vt 0.970444 0.014848
vt 0.972042 0.015915
vt 0.973926 0.016290
vt 0.975810 0.015917
vt 0.977407 0.014853
vt 0.978475 0.013260
vt 0.116787 0.985421
vt 0.116350 0.985545
vt 0.116350 0.983479
vt 0.116787 0.983512
vt 0.116788 0.987101
vt 0.116352 0.987363
vt 0.458500 0.978552
vt 0.457978 0.978392
vt 0.458298 0.976687
vt 0.458795 0.976977
vt 0.458396 0.980428
vt 0.457865 0.980422
vt 0.458500 0.982320
vt 0.457978 0.982470
vt 0.458795 0.983939
vt 0.458298 0.984222
vt 0.968998 0.009365
vt 0.970153 0.007641
vt 0.353621 0.983044
vt 0.354056 0.983076
vt 0.354056 0.985077
vt 0.353621 0.984892
vt 0.353621 0.981136
vt 0.354056 0.981011
vt 0.970153 0.015162
vt 0.968998 0.013436
vt 0.971882 0.016316
vt 0.973921 0.016723
vt 0.975961 0.016319
vt 0.977689 0.015168
vt 0.978845 0.013443
vt 0.116352 0.981480
vt 0.116788 0.981665
vt 0.115177 0.983479
vt 0.115177 0.985545
vt 0.115179 0.987363
vt 0.457171 0.976694
vt 0.456851 0.978399
vt 0.456738 0.980429
vt 0.456851 0.982477
vt 0.457171 0.984229
vt 0.355228 0.986708
vt 0.354055 0.986708
vt 0.355229 0.985077
vt 0.355229 0.983076
vt 0.355229 0.981011
vt 0.354055 0.979195
vt 0.355228 0.979195
vt 0.951069 0.980959
vt 0.949968 0.981000
vt 0.949460 0.979397
vt 0.950561 0.979356
vt 0.949185 0.977411
vt 0.950286 0.977370
vt 0.949185 0.975342
vt 0.950286 0.975301
vt 0.949460 0.973506
vt 0.950561 0.973465
vt 0.115179 0.981479
vt 0.115183 0.979851
vt 0.116356 0.979851
vt 0.974840 0.614210
vt 0.976190 0.614488
vt 0.975478 0.616082
vt 0.974747 0.615932
vt 0.977332 0.615298
vt 0.976096 0.616520
vt 0.978093 0.616515
vt 0.976507 0.617179
vt 0.978355 0.617955
vt 0.976649 0.617958
vt 0.978081 0.619398
vt 0.976501 0.618739
vt 0.977310 0.620625
vt 0.976084 0.619403
vt 0.976161 0.621449
vt 0.975462 0.619849
vt 0.974809 0.621744
vt 0.974730 0.620009
vt 0.973459 0.621466
vt 0.973999 0.619858
vt 0.972317 0.620657
vt 0.973381 0.619420
vt 0.971556 0.619440
vt 0.972970 0.618762
vt 0.971294 0.618000
vt 0.972827 0.617983
vt 0.971568 0.616557
vt 0.972976 0.617201
vt 0.972339 0.615330
vt 0.973393 0.616537
vt 0.973488 0.614506
vt 0.974015 0.616091
vt 0.974974 0.613066
vt 0.976738 0.613429
vt 0.978230 0.614487
vt 0.979223 0.616077
vt 0.979567 0.617958
vt 0.979208 0.619844
vt 0.978201 0.621447
vt 0.976700 0.622523
vt 0.974933 0.622909
vt 0.973169 0.622546
vt 0.971677 0.621489
vt 0.970684 0.619898
vt 0.970340 0.618017
vt 0.970699 0.616131
vt 0.971706 0.614528
vt 0.973207 0.613452
vt 0.114004 0.983478
vt 0.114004 0.985544
vt 0.113570 0.985420
vt 0.113570 0.983512
vt 0.977037 0.613066
vt 0.978652 0.614210
vt 0.979727 0.615932
vt 0.980099 0.617968
vt 0.979710 0.620009
vt 0.978621 0.621744
vt 0.976996 0.622909
vt 0.356402 0.985077
vt 0.356403 0.983076
vt 0.356838 0.983044
vt 0.356837 0.984892
vt 0.356402 0.981011
vt 0.356837 0.981136
vt 0.356402 0.979195
vt 0.356837 0.979458
vt 0.952170 0.980918
vt 0.951661 0.979315
vt 0.952187 0.979108
vt 0.952656 0.980588
vt 0.951386 0.977329
vt 0.951932 0.977272
vt 0.951386 0.975260
vt 0.951932 0.975361
vt 0.951661 0.973424
vt 0.952186 0.973665
vt 0.952170 0.972101
vt 0.952656 0.972442
vt 0.114006 0.981479
vt 0.113572 0.981664
vt 0.114006 0.987362
vt 0.455723 0.978406
vt 0.456043 0.976701
vt 0.455611 0.980436
vt 0.455723 0.982484
vt 0.456043 0.984236
vt 0.356402 0.986708
vt 0.114010 0.979851
vt 0.974474 0.010031
vt 0.973520 0.010342
vt 0.972624 0.010795
vt 0.974929 0.010925
vt 0.975241 0.011879
vt 0.973933 0.011337
vt 0.972936 0.011748
vt 0.973391 0.012642
vt 0.974345 0.012332
vt 0.975967 0.617421
vt 0.975671 0.618377
vt 0.975241 0.619275
vt 0.975129 0.616971
vt 0.974236 0.616666
vt 0.974738 0.617970
vt 0.974347 0.618969
vt 0.973510 0.618520
vt 0.973806 0.617563
vt 0.974195 0.780059
vt 0.975790 0.779416
vt 0.976076 0.780855
vt 0.974350 0.780838
vt 0.973753 0.779399
vt 0.974973 0.778195
vt 0.973091 0.778957
vt 0.973750 0.777379
vt 0.972311 0.778802
vt 0.972308 0.777092
vt 0.971530 0.778956
vt 0.970866 0.777377
vt 0.970869 0.779397
vt 0.969644 0.778192
vt 0.970427 0.780057
vt 0.968827 0.779411
vt 0.970271 0.780836
vt 0.968540 0.780850
vt 0.970427 0.781615
vt 0.968827 0.782290
vt 0.970869 0.782275
vt 0.969644 0.783510
vt 0.971530 0.782717
vt 0.970866 0.784326
vt 0.972311 0.782872
vt 0.972308 0.784613
vt 0.973091 0.782718
vt 0.973750 0.784328
vt 0.973753 0.782277
vt 0.974973 0.783514
vt 0.974195 0.781617
vt 0.975790 0.782294
vt 0.976853 0.778999
vt 0.977228 0.780880
vt 0.975786 0.777404
vt 0.974188 0.776338
vt 0.972304 0.775963
vt 0.970420 0.776335
vt 0.968823 0.777399
vt 0.967755 0.778993
vt 0.967381 0.780873
vt 0.967755 0.782754
vt 0.968823 0.784348
vt 0.970420 0.785415
vt 0.972304 0.785790
vt 0.974188 0.785417
vt 0.975786 0.784353
vt 0.976853 0.782760
vt 0.326385 0.984804
vt 0.325949 0.984928
vt 0.325949 0.982862
vt 0.326385 0.982895
vt 0.326387 0.986483
vt 0.325951 0.986745
vt 0.474610 0.978552
vt 0.474088 0.978392
vt 0.474408 0.976687
vt 0.474905 0.976977
vt 0.474506 0.980428
vt 0.473975 0.980422
vt 0.474610 0.982320
vt 0.474088 0.982470
vt 0.474905 0.983939
vt 0.474408 0.984222
vt 0.967376 0.778866
vt 0.968531 0.777141
vt 0.384085 0.983028
vt 0.384520 0.983061
vt 0.384520 0.985061
vt 0.384085 0.984877
vt 0.384085 0.981120
vt 0.384520 0.980995
vt 0.968531 0.784662
vt 0.967376 0.782936
vt 0.970260 0.785816
vt 0.972300 0.786223
vt 0.974339 0.785819
vt 0.976068 0.784668
vt 0.977223 0.782943
vt 0.325951 0.980862
vt 0.326387 0.981048
vt 0.324776 0.982861
vt 0.324776 0.984927
vt 0.324778 0.986745
vt 0.473280 0.976694
vt 0.472960 0.978399
vt 0.472848 0.980429
vt 0.472960 0.982477
vt 0.473280 0.984229
vt 0.385693 0.986692
vt 0.384519 0.986692
vt 0.385693 0.985061
vt 0.385694 0.983060
vt 0.385693 0.980995
vt 0.384519 0.979180
vt 0.385693 0.979180
vt 0.967466 0.980959
vt 0.966365 0.981000
vt 0.965856 0.979397
vt 0.966957 0.979356
vt 0.965581 0.977411
vt 0.966682 0.977370
vt 0.965581 0.975342
vt 0.966682 0.975301
vt 0.965856 0.973506
vt 0.966957 0.973465
vt 0.324778 0.980862
vt 0.324781 0.979233
vt 0.325954 0.979234
vt 0.792009 0.971610
vt 0.793359 0.971888
vt 0.792646 0.973481
vt 0.791915 0.973331
vt 0.794501 0.972697
vt 0.793264 0.973919
vt 0.795261 0.973914
vt 0.793675 0.974578
vt 0.795524 0.975354
vt 0.793817 0.975357
vt 0.795249 0.976797
vt 0.793669 0.976138
vt 0.794478 0.978024
vt 0.793252 0.976803
vt 0.793329 0.978848
vt 0.792630 0.977248
vt 0.791977 0.979143
vt 0.791898 0.977408
vt 0.790627 0.978865
vt 0.791167 0.977258
vt 0.789485 0.978056
vt 0.790549 0.976820
vt 0.788725 0.976839
vt 0.790138 0.976161
vt 0.788462 0.975399
vt 0.789996 0.975382
vt 0.788737 0.973956
vt 0.790144 0.974601
vt 0.789507 0.972729
vt 0.790561 0.973937
vt 0.790656 0.971905
vt 0.791183 0.973491
vt 0.792142 0.970465
vt 0.793906 0.970828
vt 0.795398 0.971886
vt 0.796392 0.973476
vt 0.796735 0.975357
vt 0.796376 0.977243
vt 0.795369 0.978846
vt 0.793868 0.979923
vt 0.792101 0.980309
vt 0.790337 0.979945
vt 0.788845 0.978888
vt 0.787852 0.977298
vt 0.787508 0.975416
vt 0.787867 0.973531
vt 0.788874 0.971928
vt 0.790375 0.970851
vt 0.323603 0.982861
vt 0.323603 0.984927
vt 0.323168 0.984803
vt 0.323168 0.982894
vt 0.794205 0.970465
vt 0.795820 0.971610
vt 0.796896 0.973331
vt 0.797267 0.975367
vt 0.796879 0.977408
vt 0.795789 0.979143
vt 0.794164 0.980309
vt 0.386866 0.985061
vt 0.386867 0.983060
vt 0.387302 0.983028
vt 0.387301 0.984876
vt 0.386866 0.980995
vt 0.387302 0.981120
vt 0.386866 0.979179
vt 0.387301 0.979442
vt 0.968566 0.980918
vt 0.968058 0.979315
vt 0.968583 0.979108
vt 0.969053 0.980588
vt 0.967783 0.977329
vt 0.968329 0.977272
vt 0.967783 0.975260
vt 0.968329 0.975361
vt 0.968058 0.973424
vt 0.968583 0.973665
vt 0.968566 0.972101
vt 0.969053 0.972443
vt 0.323604 0.980862
vt 0.323170 0.981047
vt 0.323604 0.986745
vt 0.471833 0.978406
vt 0.472153 0.976701
vt 0.471721 0.980436
vt 0.471833 0.982484
vt 0.472153 0.984236
vt 0.386866 0.986692
vt 0.323608 0.979233
vt 0.972853 0.779531
vt 0.971898 0.779842
vt 0.971002 0.780295
vt 0.973308 0.780425
vt 0.973619 0.781379
vt 0.972311 0.780837
vt 0.971314 0.781248
vt 0.971769 0.782142
vt 0.972724 0.781832
vt 0.793135 0.974820
vt 0.792839 0.975776
vt 0.792409 0.976674
vt 0.792298 0.974371
vt 0.791404 0.974065
vt 0.791907 0.975370
vt 0.791515 0.976369
vt 0.790678 0.975919
vt 0.790974 0.974963
vt 0.976551 0.153082
vt 0.977710 0.153343
vt 0.977325 0.154958
vt 0.976697 0.154816
vt 0.978693 0.154138
vt 0.977857 0.155388
vt 0.979350 0.155345
vt 0.978212 0.156041
vt 0.979581 0.156781
vt 0.978337 0.156818
vt 0.979350 0.158228
vt 0.978212 0.157601
vt 0.978693 0.159465
vt 0.977857 0.158271
vt 0.977710 0.160303
vt 0.977325 0.158724
vt 0.976551 0.160616
vt 0.976697 0.158894
vt 0.975391 0.160355
vt 0.976070 0.158753
vt 0.974408 0.159561
vt 0.975538 0.158322
vt 0.973751 0.158353
vt 0.975182 0.157669
vt 0.973520 0.156917
vt 0.975057 0.156892
vt 0.973751 0.155470
vt 0.975182 0.156109
vt 0.974408 0.154234
vt 0.975538 0.155440
vt 0.975391 0.153395
vt 0.976070 0.154986
vt 0.976331 0.151919
vt 0.977847 0.152259
vt 0.979131 0.153297
vt 0.979989 0.154875
vt 0.972240 0.524740
vt 0.972429 0.526594
vt 0.971689 0.526678
vt 0.971544 0.525259
vt 0.972364 0.528499
vt 0.971639 0.528136
vt 0.979989 0.158641
vt 0.979131 0.160257
vt 0.977847 0.161353
vt 0.976331 0.161762
vt 0.974816 0.161421
vt 0.973532 0.160383
vt 0.972673 0.158805
vt 0.972372 0.156929
vt 0.972673 0.155039
vt 0.973532 0.153423
vt 0.974816 0.152327
vt 0.579377 0.982688
vt 0.579377 0.980625
vt 0.579812 0.980753
vt 0.579812 0.982659
vt 0.579376 0.978817
vt 0.579810 0.979082
vt 0.972321 0.522911
vt 0.972771 0.524555
vt 0.971824 0.523221
vt 0.972976 0.526561
vt 0.972905 0.528624
vt 0.972569 0.530429
vt 0.972053 0.530167
vt 0.972018 0.531702
vt 0.971544 0.531343
vt 0.593174 0.980454
vt 0.593174 0.982457
vt 0.592738 0.982487
vt 0.592737 0.980637
vt 0.593174 0.984521
vt 0.592737 0.984394
vt 0.974433 0.161788
vt 0.973042 0.160664
vt 0.972113 0.158957
vt 0.971787 0.156925
vt 0.972113 0.154880
vt 0.973042 0.153131
vt 0.974433 0.151945
vt 0.579377 0.984693
vt 0.579812 0.984511
vt 0.578204 0.982688
vt 0.578204 0.980625
vt 0.578202 0.978817
vt 0.973423 0.522900
vt 0.973873 0.524544
vt 0.974079 0.526550
vt 0.974008 0.528613
vt 0.973671 0.530418
vt 0.593171 0.978817
vt 0.594344 0.978817
vt 0.594347 0.980454
vt 0.594347 0.982457
vt 0.594347 0.984521
vt 0.593171 0.986332
vt 0.594344 0.986333
vt 0.766783 0.978840
vt 0.766185 0.980383
vt 0.765113 0.980357
vt 0.765712 0.978813
vt 0.767107 0.976881
vt 0.766035 0.976854
vt 0.767107 0.974805
vt 0.766035 0.974778
vt 0.766783 0.972928
vt 0.765712 0.972901
vt 0.578204 0.984693
vt 0.579375 0.986334
vt 0.578202 0.986335
vt 0.974972 0.593314
vt 0.974260 0.591720
vt 0.975619 0.591442
vt 0.975707 0.593163
vt 0.974350 0.593752
vt 0.973111 0.592530
vt 0.973936 0.594411
vt 0.972345 0.593747
vt 0.973792 0.595191
vt 0.972080 0.595187
vt 0.973941 0.595972
vt 0.972356 0.596630
vt 0.974360 0.596636
vt 0.973130 0.597857
vt 0.974986 0.597081
vt 0.974285 0.598681
vt 0.975722 0.597241
vt 0.975645 0.598976
vt 0.976457 0.597090
vt 0.977004 0.598697
vt 0.977079 0.596652
vt 0.978153 0.597888
vt 0.977493 0.595993
vt 0.978919 0.596670
vt 0.977637 0.595214
vt 0.979184 0.595230
vt 0.977488 0.594433
vt 0.978908 0.593787
vt 0.977068 0.593769
vt 0.978134 0.592560
vt 0.976443 0.593323
vt 0.976979 0.591737
vt 0.973717 0.590661
vt 0.975491 0.590297
vt 0.972215 0.591718
vt 0.971215 0.593309
vt 0.970868 0.595191
vt 0.971228 0.597076
vt 0.972240 0.598679
vt 0.973749 0.599755
vt 0.975526 0.600141
vt 0.977301 0.599777
vt 0.978803 0.598719
vt 0.979803 0.597128
vt 0.980149 0.595247
vt 0.979789 0.593361
vt 0.978778 0.591758
vt 0.977268 0.590682
vt 0.576595 0.980753
vt 0.577031 0.980625
vt 0.577031 0.982688
vt 0.576595 0.982659
vt 0.971798 0.591442
vt 0.973423 0.590297
vt 0.970715 0.593163
vt 0.970340 0.595200
vt 0.970730 0.597241
vt 0.971825 0.598976
vt 0.973459 0.600141
vt 0.595955 0.982488
vt 0.595521 0.982457
vt 0.595520 0.980454
vt 0.595954 0.980637
vt 0.595954 0.984395
vt 0.595520 0.984521
vt 0.595952 0.986069
vt 0.595517 0.986333
vt 0.764105 0.978569
vt 0.764640 0.978787
vt 0.764042 0.980330
vt 0.763552 0.979995
vt 0.764404 0.976759
vt 0.764964 0.976828
vt 0.764404 0.974841
vt 0.764964 0.974751
vt 0.764105 0.973106
vt 0.764640 0.972874
vt 0.763552 0.971820
vt 0.764042 0.971481
vt 0.577031 0.984693
vt 0.576595 0.984512
vt 0.577029 0.978817
vt 0.974526 0.522888
vt 0.974976 0.524532
vt 0.975181 0.526538
vt 0.975110 0.528601
vt 0.974774 0.530406
vt 0.595517 0.978817
vt 0.577029 0.986335
vt 0.977750 0.156290
vt 0.977499 0.157250
vt 0.977133 0.158153
vt 0.977029 0.155851
vt 0.976261 0.155557
vt 0.976697 0.156855
vt 0.976365 0.157859
vt 0.975645 0.157420
vt 0.975896 0.156460
vt 0.974479 0.594653
vt 0.974776 0.595609
vt 0.975208 0.596507
vt 0.975322 0.594203
vt 0.976221 0.593897
vt 0.975714 0.595202
vt 0.976107 0.596201
vt 0.976950 0.595752
vt 0.976653 0.594795
vt 0.975770 0.751827
vt 0.973179 0.754554
vt 0.970937 0.751231
vt 0.974875 0.746980
vt 0.977615 0.747429
vt 0.916567 0.982581
vt 0.916567 0.980518
vt 0.918914 0.982581
vt 0.908698 0.526333
vt 0.908838 0.528392
vt 0.906496 0.526383
vt 0.181617 0.977639
vt 0.181623 0.979279
vt 0.179277 0.979278
vt 0.181625 0.981283
vt 0.979589 0.650870
vt 0.979215 0.649307
vt 0.981470 0.649316
vt 0.967733 0.450892
vt 0.971016 0.450845
vt 0.968254 0.454888
vt 0.918914 0.980518
vt 0.906635 0.528443
vt 0.179278 0.981282
vt 0.981292 0.647346
vt 0.979038 0.647338
vt 0.974501 0.452814
vt 0.972128 0.457097
vt 0.975011 0.553964
vt 0.973046 0.550589
vt 0.977909 0.551598
vt 0.974190 0.124409
vt 0.976934 0.125920
vt 0.974796 0.126075
vt 0.134880 0.983545
vt 0.132537 0.981543
vt 0.134883 0.981543
vt 0.134882 0.979478
vt 0.132535 0.979478
vt 0.977491 0.091188
vt 0.975014 0.089271
vt 0.977217 0.089353
vt 0.009240 0.979899
vt 0.009246 0.981899
vt 0.006900 0.981903
vt 0.976328 0.124254
vt 0.977262 0.127933
vt 0.977262 0.129985
vt 0.975124 0.130140
vt 0.974508 0.096765
vt 0.975014 0.095162
vt 0.977217 0.095244
vt 0.974678 0.546285
vt 0.817125 0.973880
vt 0.819935 0.971771
vt 0.818888 0.976109
vt 0.687262 0.976431
vt 0.687262 0.978495
vt 0.685061 0.978396
vt 0.425764 0.978326
vt 0.425808 0.980330
vt 0.423418 0.978375
vt 0.425849 0.982394
vt 0.423503 0.982442
vt 0.972794 0.472738
vt 0.970498 0.475343
vt 0.969340 0.472875
vt 0.971270 0.482123
vt 0.972233 0.480337
vt 0.973154 0.481751
vt 0.966721 0.479085
vt 0.969253 0.479703
vt 0.967789 0.480680
vt 0.072099 0.979219
vt 0.072100 0.981283
vt 0.069753 0.979219
vt 0.685061 0.976332
vt 0.685337 0.974335
vt 0.423462 0.980379
vt 0.425881 0.984202
vt 0.423535 0.984251
vt 0.658081 0.976152
vt 0.658047 0.978227
vt 0.655826 0.976155
vt 0.975040 0.053273
vt 0.974328 0.054671
vt 0.973204 0.053178
vt 0.051948 0.983253
vt 0.054290 0.985069
vt 0.051944 0.985070
vt 0.977429 0.252451
vt 0.979239 0.254076
vt 0.977101 0.254231
vt 0.975040 0.895274
vt 0.972760 0.893201
vt 0.975105 0.893273
vt 0.976669 0.222503
vt 0.974513 0.220305
vt 0.976714 0.220434
vt 0.639054 0.967068
vt 0.641723 0.967590
vt 0.640874 0.971403
vt 0.054291 0.979186
vt 0.054295 0.981186
vt 0.051949 0.981187
vt 0.979239 0.248231
vt 0.979567 0.250243
vt 0.977429 0.250398
vt 0.972695 0.895202
vt 0.972822 0.891137
vt 0.972871 0.889325
vt 0.975216 0.889397
vt 0.974468 0.222373
vt 0.971482 0.056891
vt 0.977078 0.058261
vt 0.636313 0.972090
vt 0.636295 0.969187
vt 0.971272 0.754057
vt 0.976374 0.745801
vt 0.974685 0.745173
vt 0.978001 0.751485
vt 0.971991 0.745643
vt 0.969876 0.747509
vt 0.970853 0.748308
vt 0.969176 0.749296
vt 0.969176 0.751187
vt 0.969876 0.752894
vt 0.976374 0.753860
vt 0.916566 0.978711
vt 0.918912 0.978712
vt 0.916564 0.986229
vt 0.916566 0.984587
vt 0.918912 0.984587
vt 0.970311 0.449206
vt 0.973154 0.449485
vt 0.974751 0.450552
vt 0.975818 0.452147
vt 0.966722 0.455899
vt 0.966347 0.454018
vt 0.179271 0.977638
vt 0.981844 0.650879
vt 0.918910 0.986230
vt 0.977854 0.547041
vt 0.980099 0.549968
vt 0.972451 0.552710
vt 0.974354 0.544627
vt 0.976193 0.544627
vt 0.970947 0.550326
vt 0.975124 0.128087
vt 0.976712 0.096847
vt 0.006894 0.979903
vt 0.975652 0.841987
vt 0.974557 0.844890
vt 0.973062 0.841882
vt 0.973165 0.839864
vt 0.977501 0.846141
vt 0.980181 0.844591
vt 0.979072 0.845794
vt 0.978823 0.844041
vt 0.974742 0.091208
vt 0.974742 0.093119
vt 0.973595 0.091885
vt 0.132533 0.983545
vt 0.975287 0.091107
vt 0.976076 0.838303
vt 0.979294 0.840141
vt 0.818569 0.970839
vt 0.820162 0.969845
vt 0.817125 0.976110
vt 0.818001 0.977733
vt 0.825914 0.975512
vt 0.824565 0.978007
vt 0.823691 0.976196
vt 0.825132 0.971113
vt 0.826008 0.972736
vt 0.823925 0.972656
vt 0.069753 0.981283
vt 0.688047 0.972806
vt 0.687538 0.974434
vt 0.425724 0.976687
vt 0.656362 0.981760
vt 0.655980 0.980199
vt 0.658235 0.980195
vt 0.655792 0.978230
vt 0.069752 0.983288
vt 0.971270 0.472295
vt 0.974751 0.473738
vt 0.975818 0.475333
vt 0.973999 0.475791
vt 0.974637 0.480575
vt 0.072099 0.983288
vt 0.685846 0.972707
vt 0.423378 0.976735
vt 0.658617 0.981757
vt 0.973351 0.061146
vt 0.969758 0.058879
vt 0.976862 0.061889
vt 0.971693 0.053901
vt 0.969506 0.056799
vt 0.970209 0.055086
vt 0.977101 0.248386
vt 0.974981 0.896908
vt 0.972636 0.896836
vt 0.975167 0.891210
vt 0.051945 0.979187
vt 0.640570 0.966151
vt 0.636990 0.965846
vt 0.639176 0.965363
vt 0.634514 0.969428
vt 0.635106 0.967630
vt 0.636200 0.974400
vt 0.635106 0.973092
vt 0.642291 0.971007
vt 0.641699 0.972804
vt 0.054295 0.983252
vt 0.979567 0.252296
vt 0.978366 0.748771
vt 0.974777 0.457285
vt 0.973154 0.458566
vt 0.971270 0.458938
vt 0.969238 0.449080
vt 0.971277 0.448677
vt 0.972693 0.545351
vt 0.979579 0.552073
vt 0.978348 0.553410
vt 0.972789 0.553819
vt 0.971306 0.552372
vt 0.978788 0.837616
vt 0.976057 0.846151
vt 0.973500 0.843777
vt 0.980725 0.842869
vt 0.980781 0.841022
vt 0.822185 0.969741
vt 0.819806 0.978807
vt 0.822054 0.979158
vt 0.426400 0.983119
vt 0.966852 0.475718
vt 0.967789 0.473731
vt 0.969386 0.481747
vt 0.977696 0.055242
vt 0.978738 0.057278
vt 0.978738 0.059172
vt 0.975669 0.890462
vt 0.639127 0.974817
vt 0.974685 0.754680
vt 0.916131 0.982552
vt 0.916131 0.980646
vt 0.909236 0.522663
vt 0.909832 0.521611
vt 0.910294 0.521985
vt 0.909661 0.523691
vt 0.908838 0.524321
vt 0.909247 0.526348
vt 0.909376 0.528250
vt 0.909744 0.529907
vt 0.909236 0.530186
vt 0.910294 0.531065
vt 0.909832 0.531439
vt 0.182056 0.979461
vt 0.182167 0.981402
vt 0.972916 0.755253
vt 0.971088 0.754575
vt 0.974894 0.755140
vt 0.976722 0.754253
vt 0.978121 0.752726
vt 0.978878 0.748745
vt 0.978878 0.750791
vt 0.978121 0.746897
vt 0.976722 0.745530
vt 0.906635 0.524372
vt 0.907034 0.522713
vt 0.966722 0.452138
vt 0.969160 0.458245
vt 0.976193 0.454028
vt 0.975818 0.455909
vt 0.967789 0.457495
vt 0.919348 0.980647
vt 0.919348 0.982553
vt 0.966354 0.451956
vt 0.967509 0.450231
vt 0.973316 0.449084
vt 0.975045 0.450239
vt 0.976200 0.451966
vt 0.178840 0.979460
vt 0.178841 0.981312
vt 0.179277 0.983346
vt 0.178840 0.983218
vt 0.976200 0.456037
vt 0.975045 0.457761
vt 0.982510 0.650558
vt 0.981986 0.649114
vt 0.981822 0.647295
vt 0.981338 0.645271
vt 0.982095 0.645114
vt 0.981599 0.643407
vt 0.982105 0.643655
vt 0.982036 0.642036
vt 0.982510 0.642389
vt 0.919347 0.984406
vt 0.907034 0.530236
vt 0.181623 0.983347
vt 0.181617 0.985156
vt 0.179271 0.985155
vt 0.979083 0.645263
vt 0.979344 0.643398
vt 0.978694 0.545938
vt 0.971538 0.547083
vt 0.980094 0.548435
vt 0.976687 0.554134
vt 0.970849 0.548435
vt 0.006463 0.981937
vt 0.006902 0.983969
vt 0.006465 0.983845
vt 0.006900 0.985785
vt 0.006463 0.985524
vt 0.973701 0.124738
vt 0.974428 0.127183
vt 0.974563 0.130033
vt 0.974796 0.131920
vt 0.974152 0.131334
vt 0.973701 0.132820
vt 0.974190 0.133157
vt 0.135316 0.981512
vt 0.135313 0.983361
vt 0.135314 0.979604
vt 0.976659 0.554602
vt 0.974669 0.554602
vt 0.970446 0.550481
vt 0.970340 0.548434
vt 0.971004 0.546543
vt 0.972336 0.545096
vt 0.132529 0.977665
vt 0.134875 0.977665
vt 0.006884 0.978273
vt 0.009230 0.978269
vt 0.975330 0.836816
vt 0.973500 0.838387
vt 0.977624 0.836827
vt 0.980181 0.839201
vt 0.974173 0.836891
vt 0.972973 0.838193
vt 0.009729 0.982897
vt 0.009248 0.983965
vt 0.972324 0.840007
vt 0.972324 0.842055
vt 0.972973 0.844027
vt 0.974173 0.845621
vt 0.975740 0.846596
vt 0.132096 0.983361
vt 0.131932 0.981729
vt 0.132098 0.979604
vt 0.132092 0.977929
vt 0.974022 0.096436
vt 0.974313 0.094892
vt 0.975287 0.093175
vt 0.974206 0.089330
vt 0.974022 0.088290
vt 0.974508 0.087948
vt 0.009674 0.980083
vt 0.009246 0.985781
vt 0.976934 0.131765
vt 0.134872 0.985179
vt 0.132525 0.985179
vt 0.977491 0.093257
vt 0.817433 0.972378
vt 0.823714 0.969993
vt 0.069317 0.981254
vt 0.069172 0.979694
vt 0.069315 0.977678
vt 0.069751 0.977413
vt 0.688534 0.973134
vt 0.688063 0.974637
vt 0.687808 0.976483
vt 0.688024 0.978001
vt 0.688063 0.980067
vt 0.687538 0.980311
vt 0.688534 0.981260
vt 0.688047 0.981603
vt 0.426201 0.978500
vt 0.426400 0.980769
vt 0.821274 0.979758
vt 0.819384 0.979276
vt 0.823229 0.979437
vt 0.824953 0.978361
vt 0.826183 0.976695
vt 0.826515 0.972656
vt 0.826732 0.974691
vt 0.825567 0.970899
vt 0.069317 0.983107
vt 0.975802 0.478800
vt 0.976193 0.477214
vt 0.966347 0.477204
vt 0.072735 0.979719
vt 0.072534 0.981254
vt 0.966354 0.475142
vt 0.967509 0.473417
vt 0.969238 0.472266
vt 0.971277 0.471863
vt 0.973316 0.472270
vt 0.975045 0.473425
vt 0.976200 0.475152
vt 0.423025 0.980417
vt 0.422985 0.978566
vt 0.422939 0.982026
vt 0.976200 0.479223
vt 0.975045 0.480947
vt 0.658750 0.979992
vt 0.659238 0.981307
vt 0.658576 0.978173
vt 0.658608 0.976256
vt 0.658332 0.974286
vt 0.658840 0.974532
vt 0.658763 0.972913
vt 0.659238 0.973263
vt 0.072533 0.983107
vt 0.072097 0.977413
vt 0.685337 0.980212
vt 0.656078 0.974289
vt 0.069750 0.984931
vt 0.072097 0.984931
vt 0.976737 0.054086
vt 0.978035 0.060885
vt 0.971507 0.061885
vt 0.970209 0.060478
vt 0.974129 0.062826
vt 0.051511 0.983129
vt 0.051379 0.981305
vt 0.051507 0.984807
vt 0.976565 0.248588
vt 0.976006 0.247048
vt 0.976495 0.246720
vt 0.976607 0.250072
vt 0.976868 0.252343
vt 0.976565 0.253988
vt 0.976495 0.255467
vt 0.976006 0.255130
vt 0.975669 0.893461
vt 0.975478 0.895104
vt 0.976824 0.062570
vt 0.974988 0.063259
vt 0.973000 0.063156
vt 0.971164 0.062276
vt 0.969758 0.060754
vt 0.968998 0.058821
vt 0.968998 0.056771
vt 0.969758 0.054917
vt 0.971164 0.053541
vt 0.978633 0.246565
vt 0.974279 0.218464
vt 0.976480 0.218593
vt 0.054284 0.977556
vt 0.051938 0.977557
vt 0.634514 0.971346
vt 0.637629 0.975072
vt 0.640605 0.974208
vt 0.642291 0.969089
vt 0.637307 0.965015
vt 0.638982 0.964942
vt 0.635760 0.965877
vt 0.634576 0.967396
vt 0.054857 0.983969
vt 0.633936 0.969342
vt 0.633936 0.971418
vt 0.634576 0.973308
vt 0.635760 0.974724
vt 0.972323 0.893156
vt 0.972263 0.895005
vt 0.972189 0.891463
vt 0.972426 0.889575
vt 0.973612 0.225945
vt 0.973133 0.225606
vt 0.973632 0.224135
vt 0.974152 0.224354
vt 0.973924 0.222306
vt 0.973965 0.220395
vt 0.973543 0.218927
vt 0.973133 0.217572
vt 0.973802 0.217130
vt 0.054728 0.981219
vt 0.054857 0.979500
vt 0.976353 0.224483
vt 0.975813 0.226075
vt 0.739464 0.524280
vt 0.732408 0.517416
vt 0.738795 0.511754
vt 0.973776 0.356119
vt 0.973262 0.370706
vt 0.973331 0.315933
vt 0.942798 0.027800
vt 0.941651 0.048392
vt 0.940616 0.032801
vt 0.951801 0.027595
vt 0.951759 0.053770
vt 0.943036 0.014489
vt 0.951716 0.019701
vt 0.941363 0.019532
vt 0.084228 0.850731
vt 0.086677 0.869348
vt 0.086593 0.875743
vt 0.084554 0.828098
vt 0.083487 0.868475
vt 0.227655 0.814718
vt 0.227633 0.806929
vt 0.238112 0.813977
vt 0.963310 0.385806
vt 0.970448 0.381558
vt 0.968505 0.384938
vt 0.971884 0.383482
vt 0.090157 0.882733
vt 0.088266 0.878278
vt 0.090707 0.882256
vt 0.928368 0.386718
vt 0.931025 0.386206
vt 0.928604 0.387631
vt 0.875899 0.228193
vt 0.874815 0.226047
vt 0.877179 0.227887
vt 0.935065 0.387483
vt 0.932077 0.387871
vt 0.927319 0.372707
vt 0.928445 0.371818
vt 0.868423 0.227779
vt 0.867580 0.229220
vt 0.866349 0.227954
vt 0.916769 0.964889
vt 0.916131 0.964972
vt 0.916131 0.951259
vt 0.118411 0.898693
vt 0.117315 0.899440
vt 0.117261 0.884949
vt 0.239440 0.806649
vt 0.238054 0.806331
vt 0.238114 0.835021
vt 0.238091 0.823896
vt 0.239416 0.823796
vt 0.239169 0.834509
vt 0.238733 0.856615
vt 0.975620 0.335265
vt 0.975956 0.347062
vt 0.975205 0.349899
vt 0.975743 0.358168
vt 0.975094 0.360231
vt 0.238646 0.801199
vt 0.239070 0.797867
vt 0.239300 0.801341
vt 0.970573 0.385694
vt 0.970921 0.386226
vt 0.968317 0.387083
vt 0.939898 0.014031
vt 0.940041 0.010299
vt 0.940838 0.010754
vt 0.088188 0.874289
vt 0.089036 0.878012
vt 0.087430 0.874009
vt 0.090077 0.880474
vt 0.092912 0.884206
vt 0.071293 0.893414
vt 0.070883 0.893672
vt 0.070183 0.888234
vt 0.072486 0.896568
vt 0.072193 0.896917
vt 0.223692 0.807408
vt 0.223739 0.801995
vt 0.224785 0.807148
vt 0.076816 0.899362
vt 0.074089 0.898683
vt 0.074366 0.898330
vt 0.080496 0.899107
vt 0.075733 0.895714
vt 0.082328 0.897264
vt 0.918077 0.964491
vt 0.917815 0.951930
vt 0.917712 0.965753
vt 0.924222 0.965198
vt 0.930197 0.372549
vt 0.118938 0.899142
vt 0.118401 0.885135
vt 0.119006 0.885429
vt 0.118821 0.884196
vt 0.115074 0.884910
vt 0.115513 0.899218
vt 0.085793 0.898146
vt 0.091798 0.885397
vt 0.073079 0.887117
vt 0.087686 0.882697
vt 0.089245 0.897040
vt 0.091532 0.889927
vt 0.118423 0.899952
vt 0.875090 0.204523
vt 0.866163 0.203684
vt 0.875283 0.203767
vt 0.865893 0.204435
vt 0.865847 0.205019
vt 0.864309 0.205661
vt 0.863059 0.204914
vt 0.741227 0.490379
vt 0.732172 0.486847
vt 0.741324 0.486859
vt 0.732100 0.490332
vt 0.732056 0.495262
vt 0.729956 0.498334
vt 0.729970 0.520161
vt 0.952068 0.014474
vt 0.952130 0.008377
vt 0.952094 0.010790
vt 0.943091 0.010835
vt 0.876022 0.229330
vt 0.875096 0.229846
vt 0.867686 0.229718
vt 0.925437 0.949613
vt 0.926924 0.949937
vt 0.924439 0.949952
vt 0.924218 0.963750
vt 0.926037 0.964995
vt 0.093510 0.884967
vt 0.741075 0.498358
vt 0.729333 0.498468
vt 0.729343 0.494495
vt 0.730054 0.494294
vt 0.729332 0.490625
vt 0.730036 0.490420
vt 0.729305 0.487174
vt 0.967730 0.386595
vt 0.964880 0.387594
vt 0.964397 0.387039
vt 0.961044 0.387846
vt 0.960728 0.387291
vt 0.957115 0.387934
vt 0.932517 0.371761
vt 0.946361 0.371310
vt 0.951349 0.371352
vt 0.100843 0.883747
vt 0.104334 0.883759
vt 0.104107 0.884216
vt 0.866558 0.215455
vt 0.866992 0.209732
vt 0.866795 0.225749
vt 0.866100 0.215011
vt 0.865743 0.211533
vt 0.866139 0.210971
vt 0.741129 0.508774
vt 0.741662 0.510874
vt 0.741259 0.514429
vt 0.108713 0.899978
vt 0.108029 0.899359
vt 0.108258 0.900309
vt 0.112102 0.900284
vt 0.104849 0.898511
vt 0.100622 0.898581
vt 0.100687 0.885638
vt 0.104180 0.885548
vt 0.108243 0.885447
vt 0.868596 0.221567
vt 0.732144 0.524770
vt 0.938706 0.386040
vt 0.954431 0.386826
vt 0.935902 0.373153
vt 0.740660 0.512063
vt 0.096389 0.884743
vt 0.095426 0.883615
vt 0.098178 0.884560
vt 0.094474 0.883802
vt 0.098337 0.883726
vt 0.100631 0.884356
vt 0.865104 0.209098
vt 0.864351 0.207481
vt 0.864901 0.207008
vt 0.863739 0.206367
vt 0.743461 0.503543
vt 0.744520 0.501833
vt 0.743869 0.504269
vt 0.742132 0.506582
vt 0.742166 0.508333
vt 0.098119 0.899842
vt 0.098053 0.900341
vt 0.093737 0.900194
vt 0.093805 0.899257
vt 0.091637 0.898895
vt 0.094074 0.896377
vt 0.939755 0.033121
vt 0.940648 0.054658
vt 0.939933 0.025923
vt 0.940550 0.026120
vt 0.939810 0.019375
vt 0.940960 0.014530
vt 0.957475 0.356646
vt 0.957581 0.350097
vt 0.958184 0.347153
vt 0.086732 0.855054
vt 0.087334 0.855304
vt 0.087221 0.862628
vt 0.954876 0.014451
vt 0.955567 0.014160
vt 0.955604 0.019320
vt 0.954696 0.019577
vt 0.955561 0.025814
vt 0.224739 0.835718
vt 0.223922 0.835251
vt 0.223765 0.824583
vt 0.224853 0.814933
vt 0.223756 0.815100
vt 0.224830 0.824467
vt 0.069659 0.860344
vt 0.069176 0.859498
vt 0.069172 0.847727
vt 0.959551 0.368576
vt 0.958292 0.356586
vt 0.958569 0.349292
vt 0.071162 0.856452
vt 0.072241 0.832252
vt 0.236602 0.856931
vt 0.227821 0.835384
vt 0.692018 0.514248
vt 0.690911 0.526555
vt 0.689803 0.513604
vt 0.087170 0.815556
vt 0.088110 0.816489
vt 0.224438 0.857880
vt 0.225587 0.857899
vt 0.300810 0.965290
vt 0.307112 0.966537
vt 0.300831 0.966635
vt 0.973999 0.295687
vt 0.973361 0.303672
vt 0.970960 0.288436
vt 0.090599 0.808752
vt 0.090134 0.812064
vt 0.227110 0.892875
vt 0.226995 0.890151
vt 0.236043 0.889715
vt 0.701315 0.529360
vt 0.700716 0.526735
vt 0.700682 0.500466
vt 0.701395 0.500449
vt 0.928368 0.298068
vt 0.930384 0.297622
vt 0.931073 0.298845
vt 0.930250 0.284240
vt 0.309681 0.952291
vt 0.310228 0.966553
vt 0.309631 0.965879
vt 0.309636 0.967283
vt 0.887944 0.511185
vt 0.887194 0.509673
vt 0.889298 0.509890
vt 0.889045 0.511322
vt 0.887139 0.511706
vt 0.080391 0.796249
vt 0.080094 0.795705
vt 0.083942 0.795456
vt 0.084116 0.795996
vt 0.087777 0.795379
vt 0.087883 0.795913
vt 0.091177 0.795386
vt 0.117240 0.796514
vt 0.118381 0.797815
vt 0.116999 0.810096
vt 0.119006 0.810510
vt 0.118357 0.796462
vt 0.118916 0.797111
vt 0.118790 0.795839
vt 0.698392 0.530768
vt 0.698317 0.531251
vt 0.690993 0.531249
vt 0.974860 0.302824
vt 0.975479 0.302670
vt 0.975733 0.312443
vt 0.975104 0.312759
vt 0.975620 0.323565
vt 0.239393 0.856948
vt 0.239233 0.867648
vt 0.238597 0.867875
vt 0.239148 0.876950
vt 0.238485 0.877175
vt 0.239126 0.884117
vt 0.238362 0.884608
vt 0.238948 0.888894
vt 0.974478 0.289342
vt 0.973927 0.289759
vt 0.972816 0.286370
vt 0.972258 0.286711
vt 0.957929 0.311216
vt 0.956819 0.308699
vt 0.955972 0.304990
vt 0.957425 0.306940
vt 0.954932 0.302535
vt 0.940841 0.070759
vt 0.940207 0.071044
vt 0.940063 0.067328
vt 0.090053 0.814977
vt 0.089013 0.817433
vt 0.088612 0.817101
vt 0.070143 0.807474
vt 0.070849 0.802052
vt 0.071147 0.802385
vt 0.072157 0.798828
vt 0.072450 0.799177
vt 0.074328 0.797422
vt 0.074051 0.797068
vt 0.076778 0.796389
vt 0.223380 0.884868
vt 0.224504 0.877449
vt 0.225313 0.885458
vt 0.299934 0.952851
vt 0.301857 0.952597
vt 0.953750 0.299289
vt 0.955737 0.298294
vt 0.954717 0.301022
vt 0.072181 0.805293
vt 0.074046 0.800276
vt 0.081652 0.797910
vt 0.308934 0.952884
vt 0.927320 0.284350
vt 0.928343 0.283863
vt 0.090740 0.803277
vt 0.092346 0.802538
vt 0.093383 0.807214
vt 0.964810 0.286376
vt 0.310243 0.952641
vt 0.890009 0.487672
vt 0.881928 0.499863
vt 0.880651 0.487182
vt 0.892585 0.487801
vt 0.889888 0.487063
vt 0.892719 0.487002
vt 0.698507 0.492368
vt 0.698356 0.497297
vt 0.689370 0.492374
vt 0.307305 0.965118
vt 0.698332 0.488825
vt 0.689285 0.486171
vt 0.698433 0.486148
vt 0.879877 0.507778
vt 0.879582 0.510076
vt 0.691778 0.526950
vt 0.698074 0.529651
vt 0.692001 0.529674
vt 0.307189 0.953628
vt 0.307377 0.952212
vt 0.093388 0.811612
vt 0.092504 0.810776
vt 0.092547 0.808657
vt 0.689503 0.500342
vt 0.698260 0.518489
vt 0.689102 0.496376
vt 0.701389 0.489307
vt 0.701389 0.492767
vt 0.700587 0.492370
vt 0.701391 0.496626
vt 0.700636 0.496646
vt 0.935479 0.298249
vt 0.952266 0.298353
vt 0.104027 0.811236
vt 0.104307 0.811676
vt 0.100816 0.811691
vt 0.889989 0.493528
vt 0.889612 0.496997
vt 0.889273 0.493753
vt 0.888790 0.493357
vt 0.888869 0.507657
vt 0.108240 0.811659
vt 0.108638 0.811328
vt 0.112069 0.811633
vt 0.689333 0.516492
vt 0.688905 0.512914
vt 0.689746 0.524376
vt 0.689660 0.520492
vt 0.100586 0.797165
vt 0.104232 0.796651
vt 0.100661 0.809808
vt 0.104810 0.809878
vt 0.115246 0.796557
vt 0.887287 0.504327
vt 0.096357 0.811302
vt 0.096274 0.809074
vt 0.098087 0.809767
vt 0.095264 0.810552
vt 0.094184 0.811516
vt 0.688412 0.507022
vt 0.688896 0.509178
vt 0.700036 0.522808
vt 0.878371 0.487125
vt 0.877793 0.492521
vt 0.877681 0.486849
vt 0.951338 0.299239
vt 0.094732 0.811846
vt 0.096597 0.811731
vt 0.095449 0.811738
vt 0.890299 0.490031
vt 0.890630 0.491105
vt 0.891453 0.488084
vt 0.891406 0.489497
vt 0.098314 0.811707
vt 0.100760 0.811159
vt 0.098107 0.811094
vt 0.686814 0.504643
vt 0.686695 0.506268
vt 0.686187 0.503796
vt 0.688242 0.510337
vt 0.935460 0.296786
vt 0.093949 0.802878
vt 0.091597 0.797691
vt 0.097850 0.797237
vt 0.886195 0.499610
vt 0.939770 0.055703
vt 0.939919 0.048399
vt 0.957665 0.327621
vt 0.957733 0.320315
vt 0.958172 0.328404
vt 0.939814 0.062177
vt 0.940805 0.067127
vt 0.940751 0.062032
vt 0.954878 0.067022
vt 0.955605 0.062155
vt 0.955691 0.067454
vt 0.954661 0.062007
vt 0.955440 0.055596
vt 0.087461 0.826288
vt 0.087410 0.832846
vt 0.086633 0.836604
vt 0.225467 0.868599
vt 0.223589 0.868286
vt 0.223648 0.857720
vt 0.069959 0.815064
vt 0.069391 0.824987
vt 0.069498 0.815130
vt 0.223688 0.877708
vt 0.960263 0.323195
vt 0.959248 0.335642
vt 0.958420 0.320034
vt 0.959523 0.306488
vt 0.071393 0.817363
vt 0.655104 0.264048
vt 0.655811 0.251117
vt 0.662234 0.259768
vt 0.775231 0.242650
vt 0.772847 0.221856
vt 0.775107 0.226192
vt 0.762662 0.226745
vt 0.773143 0.246977
vt 0.772716 0.209403
vt 0.774305 0.214190
vt 0.764001 0.213919
vt 0.040518 0.876512
vt 0.038325 0.874640
vt 0.040187 0.861066
vt 0.041198 0.831539
vt 0.039049 0.862526
vt 0.207787 0.821970
vt 0.207711 0.833208
vt 0.195334 0.821999
vt 0.027830 0.965801
vt 0.027781 0.964679
vt 0.034164 0.965583
vt 0.137019 0.894395
vt 0.144621 0.898214
vt 0.139503 0.897303
vt 0.034966 0.886854
vt 0.035741 0.882669
vt 0.053540 0.886484
vt 0.036566 0.965542
vt 0.035711 0.964844
vt 0.036627 0.951831
vt 0.037111 0.965137
vt 0.031286 0.883747
vt 0.031925 0.883837
vt 0.031992 0.884844
vt 0.048474 0.899057
vt 0.048688 0.899539
vt 0.045161 0.899871
vt 0.006488 0.884877
vt 0.007005 0.899864
vt 0.006463 0.899176
vt 0.035400 0.950976
vt 0.034097 0.951380
vt 0.026882 0.950596
vt 0.193982 0.812342
vt 0.195349 0.811937
vt 0.194548 0.833755
vt 0.193916 0.822232
vt 0.193882 0.833238
vt 0.194767 0.804315
vt 0.194091 0.804452
vt 0.194251 0.799174
vt 0.133408 0.893912
vt 0.133961 0.893488
vt 0.135266 0.896725
vt 0.150418 0.873417
vt 0.151059 0.874288
vt 0.151906 0.878011
vt 0.151456 0.879477
vt 0.153388 0.882178
vt 0.151887 0.883365
vt 0.150483 0.876105
vt 0.152945 0.880475
vt 0.775599 0.209125
vt 0.774823 0.206088
vt 0.775449 0.205795
vt 0.037225 0.874284
vt 0.038349 0.872064
vt 0.036376 0.878006
vt 0.036778 0.878339
vt 0.035334 0.880467
vt 0.209863 0.804507
vt 0.209841 0.799064
vt 0.210206 0.799394
vt 0.054496 0.893677
vt 0.053185 0.896921
vt 0.052895 0.896572
vt 0.208878 0.804372
vt 0.051017 0.898333
vt 0.051291 0.898686
vt 0.155344 0.884752
vt 0.044694 0.899149
vt 0.042896 0.897083
vt 0.048506 0.897535
vt 0.033462 0.896282
vt 0.036686 0.898476
vt 0.034098 0.899316
vt 0.026794 0.951734
vt 0.028705 0.951613
vt 0.151188 0.887382
vt 0.149130 0.875686
vt 0.035929 0.951808
vt 0.179508 0.899454
vt 0.180546 0.885188
vt 0.180549 0.898763
vt 0.033899 0.889684
vt 0.135811 0.885335
vt 0.236739 0.908500
vt 0.236978 0.909122
vt 0.233166 0.909045
vt 0.226508 0.921608
vt 0.225103 0.908816
vt 0.662305 0.229575
vt 0.662134 0.233539
vt 0.653163 0.229593
vt 0.033216 0.964248
vt 0.763679 0.209074
vt 0.763502 0.203735
vt 0.772491 0.206130
vt 0.763422 0.205759
vt 0.772253 0.202952
vt 0.763105 0.202600
vt 0.655143 0.266715
vt 0.661805 0.266389
vt 0.150205 0.897517
vt 0.652781 0.234740
vt 0.664508 0.234459
vt 0.665210 0.229930
vt 0.665219 0.233797
vt 0.664367 0.229649
vt 0.665213 0.226442
vt 0.172705 0.884814
vt 0.176211 0.884177
vt 0.177731 0.884998
vt 0.021344 0.884184
vt 0.021065 0.883744
vt 0.024554 0.883733
vt 0.235114 0.913250
vt 0.235521 0.915035
vt 0.235150 0.918511
vt 0.653687 0.250803
vt 0.653240 0.253614
vt 0.652800 0.250045
vt 0.176718 0.898595
vt 0.172417 0.886402
vt 0.024744 0.898482
vt 0.021113 0.899077
vt 0.024726 0.885591
vt 0.021159 0.885481
vt 0.017138 0.898625
vt 0.008514 0.898583
vt 0.017067 0.885551
vt 0.234415 0.929083
vt 0.232620 0.925003
vt 0.234670 0.916122
vt 0.028929 0.884242
vt 0.029075 0.885511
vt 0.027296 0.885655
vt 0.030254 0.884543
vt 0.030806 0.887028
vt 0.652765 0.246375
vt 0.652263 0.244150
vt 0.663278 0.237540
vt 0.156370 0.883815
vt 0.223131 0.908234
vt 0.223505 0.908705
vt 0.223293 0.913486
vt 0.028781 0.883710
vt 0.029931 0.883699
vt 0.027111 0.884266
vt 0.027057 0.883721
vt 0.024609 0.884265
vt 0.235929 0.910978
vt 0.236157 0.912604
vt 0.236835 0.910110
vt 0.236929 0.910987
vt 0.237703 0.909953
vt 0.650669 0.241830
vt 0.650566 0.243423
vt 0.649903 0.240987
vt 0.652126 0.247468
vt 0.031585 0.899265
vt 0.031656 0.900178
vt 0.027386 0.900101
vt 0.169320 0.898451
vt 0.031512 0.894666
vt 0.029498 0.890361
vt 0.031418 0.890315
vt 0.233782 0.913122
vt 0.775159 0.220640
vt 0.775937 0.220048
vt 0.775826 0.227080
vt 0.774941 0.209447
vt 0.775868 0.213906
vt 0.149708 0.854957
vt 0.150215 0.855316
vt 0.150147 0.862625
vt 0.038726 0.859531
vt 0.037940 0.869119
vt 0.037999 0.862537
vt 0.760969 0.213643
vt 0.762315 0.219755
vt 0.760778 0.221197
vt 0.760761 0.208873
vt 0.760043 0.213261
vt 0.760063 0.208507
vt 0.760240 0.219557
vt 0.761061 0.241127
vt 0.760236 0.241078
vt 0.760161 0.226387
vt 0.208866 0.833199
vt 0.208596 0.856142
vt 0.209694 0.822192
vt 0.209655 0.833292
vt 0.207794 0.811987
vt 0.209758 0.812398
vt 0.148590 0.863158
vt 0.148486 0.847758
vt 0.149432 0.862673
vt 0.135385 0.867550
vt 0.053445 0.877410
vt 0.054198 0.858968
vt 0.147114 0.866288
vt 0.149044 0.819525
vt 0.764016 0.246665
vt 0.196690 0.833601
vt 0.205607 0.856440
vt 0.176855 0.810057
vt 0.172039 0.797855
vt 0.179237 0.797050
vt 0.105002 0.935791
vt 0.111209 0.930695
vt 0.111493 0.937454
vt 0.113594 0.931141
vt 0.112382 0.915300
vt 0.687488 0.259430
vt 0.689361 0.264086
vt 0.687700 0.266165
vt 0.689294 0.249539
vt 0.681077 0.237493
vt 0.681375 0.259504
vt 0.689892 0.234427
vt 0.134225 0.843954
vt 0.134492 0.820249
vt 0.136046 0.807200
vt 0.038367 0.820911
vt 0.039335 0.819254
vt 0.052842 0.804422
vt 0.037673 0.810646
vt 0.207657 0.877879
vt 0.205918 0.885766
vt 0.196830 0.885745
vt 0.772587 0.267915
vt 0.772424 0.268990
vt 0.763394 0.268679
vt 0.034562 0.809822
vt 0.035736 0.812903
vt 0.205805 0.891044
vt 0.180392 0.811478
vt 0.179444 0.810812
vt 0.180546 0.796818
vt 0.008426 0.811271
vt 0.010017 0.810522
vt 0.017242 0.811418
vt 0.008528 0.795808
vt 0.007115 0.796413
vt 0.007092 0.795678
vt 0.285694 0.953266
vt 0.284930 0.966093
vt 0.284678 0.953410
vt 0.031221 0.811536
vt 0.032138 0.810707
vt 0.031984 0.811603
vt 0.104199 0.937879
vt 0.103272 0.935449
vt 0.277851 0.952764
vt 0.275955 0.952059
vt 0.283153 0.952824
vt 0.006463 0.796533
vt 0.007105 0.810670
vt 0.132795 0.822847
vt 0.131932 0.835941
vt 0.132145 0.824895
vt 0.132625 0.834940
vt 0.132070 0.847708
vt 0.194151 0.856736
vt 0.195229 0.856727
vt 0.195227 0.868170
vt 0.193923 0.867778
vt 0.133402 0.801891
vt 0.135266 0.798986
vt 0.133961 0.802201
vt 0.137313 0.797584
vt 0.136965 0.797054
vt 0.139567 0.796202
vt 0.775107 0.263657
vt 0.776018 0.260196
vt 0.775903 0.264011
vt 0.036841 0.817095
vt 0.036437 0.817427
vt 0.035401 0.814970
vt 0.038111 0.822286
vt 0.037279 0.821137
vt 0.054191 0.802718
vt 0.054589 0.802057
vt 0.055282 0.807455
vt 0.052861 0.799123
vt 0.053285 0.798832
vt 0.051119 0.797425
vt 0.048672 0.796391
vt 0.051394 0.797071
vt 0.208710 0.885425
vt 0.209697 0.885289
vt 0.209652 0.890680
vt 0.036219 0.798898
vt 0.040424 0.797315
vt 0.036692 0.803688
vt 0.037395 0.796257
vt 0.276888 0.965174
vt 0.276910 0.953528
vt 0.282964 0.953669
vt 0.051483 0.800368
vt 0.044207 0.798356
vt 0.047948 0.797078
vt 0.285685 0.966692
vt 0.286230 0.966301
vt 0.275144 0.952685
vt 0.275671 0.953379
vt 0.275391 0.966180
vt 0.006563 0.810572
vt 0.033844 0.797758
vt 0.033016 0.803199
vt 0.034861 0.803627
vt 0.151974 0.809637
vt 0.102227 0.915453
vt 0.099217 0.915568
vt 0.099162 0.914798
vt 0.101688 0.914913
vt 0.678917 0.238113
vt 0.679588 0.259094
vt 0.763928 0.259419
vt 0.764134 0.254323
vt 0.772964 0.259814
vt 0.763441 0.267576
vt 0.196782 0.891002
vt 0.283414 0.951933
vt 0.284514 0.952426
vt 0.112671 0.939372
vt 0.111470 0.938950
vt 0.113938 0.938826
vt 0.283251 0.965990
vt 0.145025 0.798775
vt 0.153033 0.796505
vt 0.111330 0.914277
vt 0.111087 0.914859
vt 0.102229 0.914346
vt 0.032404 0.806601
vt 0.033229 0.807632
vt 0.031682 0.808533
vt 0.678305 0.237407
vt 0.678164 0.233639
vt 0.154018 0.795560
vt 0.150279 0.795896
vt 0.150635 0.795379
vt 0.140276 0.796708
vt 0.143146 0.795871
vt 0.678159 0.229780
vt 0.678995 0.233097
vt 0.678290 0.226170
vt 0.678920 0.229536
vt 0.113877 0.915103
vt 0.114156 0.919653
vt 0.114261 0.934850
vt 0.024627 0.811677
vt 0.021138 0.811661
vt 0.021418 0.811220
vt 0.101962 0.921364
vt 0.102375 0.919822
vt 0.102385 0.924824
vt 0.102854 0.925424
vt 0.102971 0.920425
vt 0.690070 0.249603
vt 0.690528 0.249918
vt 0.690261 0.253481
vt 0.017239 0.795406
vt 0.016943 0.795828
vt 0.013400 0.795428
vt 0.156344 0.811617
vt 0.168984 0.809817
vt 0.173043 0.811256
vt 0.021215 0.796627
vt 0.017140 0.809847
vt 0.017307 0.797050
vt 0.021222 0.809910
vt 0.105007 0.930943
vt 0.030252 0.810875
vt 0.029151 0.809250
vt 0.691897 0.243094
vt 0.690709 0.246332
vt 0.678819 0.263261
vt 0.678327 0.259463
vt 0.114261 0.914401
vt 0.030847 0.811841
vt 0.030004 0.811727
vt 0.029187 0.811178
vt 0.028851 0.811721
vt 0.101290 0.918949
vt 0.101719 0.917933
vt 0.100491 0.917352
vt 0.100647 0.916176
vt 0.027131 0.811695
vt 0.027199 0.811154
vt 0.024686 0.811145
vt 0.693111 0.238894
vt 0.693382 0.240780
vt 0.692879 0.243252
vt 0.031763 0.795550
vt 0.031747 0.796347
vt 0.027387 0.795896
vt 0.027441 0.795386
vt 0.024933 0.795858
vt 0.024791 0.795389
vt 0.691176 0.247341
vt 0.031564 0.803232
vt 0.024847 0.797222
vt 0.027517 0.797252
vt 0.027358 0.809708
vt 0.776186 0.241606
vt 0.775918 0.248656
vt 0.775176 0.248795
vt 0.775910 0.254901
vt 0.150908 0.820991
vt 0.150552 0.826408
vt 0.149899 0.828494
vt 0.775114 0.259946
vt 0.775137 0.254920
vt 0.761164 0.254261
vt 0.760373 0.254284
vt 0.760382 0.248039
vt 0.761013 0.259296
vt 0.760319 0.259480
vt 0.037782 0.826404
vt 0.038933 0.839565
vt 0.038029 0.832841
vt 0.038498 0.828403
vt 0.209600 0.867629
vt 0.207655 0.867586
vt 0.209424 0.856764
vt 0.056235 0.847733
vt 0.055792 0.834203
vt 0.056246 0.835989
vt 0.055452 0.815901
vt 0.055942 0.815170
vt 0.056034 0.825122
vt 0.209442 0.877579
vt 0.149717 0.825769
vt 0.054442 0.838085
vt 0.195231 0.877832
vt 0.195165 0.885646
vt 0.873610 0.221169
vt 0.876318 0.220903
vt 0.108252 0.883978
vt 0.974797 0.347273
vt 0.974786 0.325849
vt 0.087477 0.869124
vt 0.086425 0.862696
vt 0.227543 0.824269
vt 0.973927 0.381045
vt 0.973149 0.380021
vt 0.974780 0.375762
vt 0.973993 0.375144
vt 0.876233 0.202773
vt 0.877436 0.203694
vt 0.940992 0.008264
vt 0.942386 0.006875
vt 0.943148 0.008379
vt 0.227602 0.801559
vt 0.227179 0.798081
vt 0.236074 0.797639
vt 0.926616 0.965708
vt 0.926654 0.964970
vt 0.866455 0.229042
vt 0.117155 0.883966
vt 0.740678 0.527357
vt 0.738181 0.527255
vt 0.952854 0.370399
vt 0.952654 0.371098
vt 0.952106 0.370914
vt 0.877961 0.202383
vt 0.927418 0.371744
vt 0.862754 0.205561
vt 0.862227 0.204660
vt 0.080227 0.899871
vt 0.077506 0.898651
vt 0.084043 0.900121
vt 0.084360 0.899412
vt 0.091219 0.900192
vt 0.088097 0.899491
vt 0.729910 0.527329
vt 0.732353 0.527543
vt 0.975287 0.367886
vt 0.239504 0.814346
vt 0.238330 0.797595
vt 0.972621 0.384283
vt 0.956124 0.365734
vt 0.958013 0.361763
vt 0.955850 0.367712
vt 0.954932 0.368032
vt 0.091166 0.881982
vt 0.073028 0.894007
vt 0.073012 0.896012
vt 0.224536 0.801759
vt 0.074800 0.897799
vt 0.953779 0.371237
vt 0.953916 0.372877
vt 0.956633 0.369331
vt 0.927382 0.387216
vt 0.927314 0.386313
vt 0.118245 0.884088
vt 0.959361 0.386096
vt 0.863796 0.204087
vt 0.867451 0.205609
vt 0.875289 0.205296
vt 0.917141 0.949940
vt 0.917233 0.950491
vt 0.923100 0.951237
vt 0.236594 0.801126
vt 0.953808 0.387580
vt 0.957091 0.387377
vt 0.741482 0.494348
vt 0.729933 0.486923
vt 0.877876 0.228186
vt 0.877976 0.210022
vt 0.878124 0.224022
vt 0.866121 0.218975
vt 0.866307 0.222838
vt 0.740912 0.518451
vt 0.117084 0.900178
vt 0.095155 0.884553
vt 0.094654 0.886676
vt 0.742547 0.504018
vt 0.877442 0.205266
vt 0.878124 0.204945
vt 0.100633 0.900105
vt 0.097880 0.898485
vt 0.092113 0.894596
vt 0.093780 0.890624
vt 0.098142 0.885819
vt 0.095910 0.890562
vt 0.093167 0.888976
vt 0.956971 0.361994
vt 0.957816 0.342896
vt 0.954731 0.025764
vt 0.070889 0.887668
vt 0.069672 0.880364
vt 0.070347 0.879799
vt 0.069414 0.870552
vt 0.070068 0.870288
vt 0.069828 0.840099
vt 0.070712 0.843018
vt 0.935368 0.284027
vt 0.935499 0.285615
vt 0.879356 0.503209
vt 0.117080 0.811363
vt 0.108099 0.810705
vt 0.942815 0.055568
vt 0.087237 0.820268
vt 0.087967 0.820993
vt 0.086660 0.825839
vt 0.086360 0.832716
vt 0.227441 0.877892
vt 0.236444 0.868102
vt 0.299404 0.966406
vt 0.973223 0.290631
vt 0.974774 0.294989
vt 0.090868 0.812974
vt 0.689115 0.488839
vt 0.224126 0.890072
vt 0.878003 0.509922
vt 0.690185 0.529609
vt 0.952640 0.299466
vt 0.952854 0.300174
vt 0.952106 0.299660
vt 0.927341 0.298262
vt 0.927314 0.297662
vt 0.892019 0.486062
vt 0.892946 0.485937
vt 0.893490 0.486061
vt 0.893520 0.485274
vt 0.893216 0.487376
vt 0.893544 0.486620
vt 0.879358 0.511691
vt 0.091358 0.795880
vt 0.698505 0.526821
vt 0.238200 0.889454
vt 0.237953 0.892186
vt 0.238591 0.891832
vt 0.091141 0.813471
vt 0.092131 0.812613
vt 0.074755 0.797951
vt 0.077294 0.797100
vt 0.088574 0.797317
vt 0.085270 0.797538
vt 0.300013 0.951685
vt 0.956442 0.303544
vt 0.927515 0.283425
vt 0.118377 0.810076
vt 0.118530 0.811251
vt 0.889840 0.485579
vt 0.889818 0.486378
vt 0.235907 0.892432
vt 0.878448 0.511376
vt 0.691838 0.530774
vt 0.954143 0.283937
vt 0.959914 0.284813
vt 0.954747 0.283485
vt 0.686479 0.500209
vt 0.957166 0.283107
vt 0.935008 0.283359
vt 0.928689 0.283255
vt 0.667081 0.520467
vt 0.666677 0.517909
vt 0.667081 0.501828
vt 0.877881 0.507071
vt 0.878328 0.502622
vt 0.889426 0.500947
vt 0.889358 0.504811
vt 0.100622 0.795616
vt 0.104221 0.795574
vt 0.108556 0.795842
vt 0.117025 0.795786
vt 0.108219 0.795424
vt 0.112063 0.795448
vt 0.108172 0.797079
vt 0.093699 0.795559
vt 0.097970 0.795621
vt 0.093737 0.796449
vt 0.094129 0.797995
vt 0.957479 0.313843
vt 0.087128 0.840031
vt 0.954752 0.055935
vt 0.069317 0.836027
vt 0.070092 0.825462
vt 0.070837 0.808078
vt 0.954751 0.047819
vt 0.176710 0.899479
vt 0.010138 0.885362
vt 0.133980 0.887899
vt 0.132601 0.880328
vt 0.133407 0.879617
vt 0.132346 0.870440
vt 0.133172 0.870156
vt 0.132268 0.859435
vt 0.132932 0.855897
vt 0.039832 0.848119
vt 0.197007 0.803968
vt 0.206097 0.804011
vt 0.026594 0.965109
vt 0.134628 0.892311
vt 0.133115 0.888215
vt 0.772525 0.204083
vt 0.037093 0.879334
vt 0.665052 0.266507
vt 0.663902 0.263445
vt 0.664729 0.263158
vt 0.179207 0.900206
vt 0.036544 0.966147
vt 0.035459 0.966161
vt 0.008329 0.884020
vt 0.008144 0.885411
vt 0.026016 0.950445
vt 0.026082 0.951257
vt 0.665234 0.237612
vt 0.155226 0.883546
vt 0.155022 0.882842
vt 0.155770 0.883357
vt 0.223859 0.907885
vt 0.180300 0.884219
vt 0.179495 0.884896
vt 0.238994 0.907560
vt 0.238431 0.907463
vt 0.238995 0.906802
vt 0.238604 0.908732
vt 0.238350 0.909271
vt 0.226156 0.928901
vt 0.232738 0.931255
vt 0.041349 0.900118
vt 0.041035 0.899408
vt 0.195003 0.798759
vt 0.134726 0.897172
vt 0.034397 0.882566
vt 0.034246 0.881974
vt 0.033255 0.882832
vt 0.238322 0.906027
vt 0.237497 0.907596
vt 0.209047 0.798790
vt 0.050519 0.897770
vt 0.034275 0.952265
vt 0.052486 0.893505
vt 0.180362 0.899827
vt 0.039557 0.898360
vt 0.032704 0.890456
vt 0.032195 0.888488
vt 0.965989 0.718653
vt 0.965426 0.719309
vt 0.965426 0.704668
vt 0.007014 0.885084
vt 0.235217 0.907944
vt 0.653045 0.226005
vt 0.662211 0.226025
vt 0.225010 0.933271
vt 0.223719 0.932560
vt 0.226289 0.932788
vt 0.225296 0.931647
vt 0.224653 0.932753
vt 0.150959 0.899470
vt 0.150710 0.900196
vt 0.147362 0.899403
vt 0.226062 0.907985
vt 0.032942 0.884750
vt 0.650316 0.237415
vt 0.650104 0.233567
vt 0.664445 0.226086
vt 0.223572 0.931610
vt 0.223131 0.928354
vt 0.234913 0.926337
vt 0.234972 0.931400
vt 0.235122 0.922467
vt 0.653800 0.266486
vt 0.224732 0.928685
vt 0.030712 0.883691
vt 0.027683 0.898639
vt 0.150406 0.869106
vt 0.149765 0.847383
vt 0.149853 0.840059
vt 0.038291 0.855334
vt 0.055985 0.870561
vt 0.054995 0.880127
vt 0.055288 0.870079
vt 0.055858 0.848407
vt 0.054984 0.844426
vt 0.056075 0.859461
vt 0.069172 0.953441
vt 0.069585 0.952757
vt 0.069585 0.964487
vt 0.172623 0.796435
vt 0.132601 0.815249
vt 0.133881 0.808382
vt 0.133101 0.836424
vt 0.133621 0.841449
vt 0.773151 0.254665
vt 0.039989 0.834356
vt 0.139920 0.797967
vt 0.136358 0.801181
vt 0.037424 0.816564
vt 0.034563 0.812934
vt 0.681271 0.221214
vt 0.690332 0.221216
vt 0.690153 0.223149
vt 0.206208 0.894261
vt 0.197283 0.894238
vt 0.285666 0.967297
vt 0.284578 0.967316
vt 0.678569 0.267532
vt 0.679823 0.266326
vt 0.680010 0.267761
vt 0.113821 0.939234
vt 0.965981 0.656512
vt 0.965442 0.656642
vt 0.966112 0.655735
vt 0.103124 0.938893
vt 0.102860 0.937611
vt 0.275208 0.952011
vt 0.103237 0.939299
vt 0.104016 0.939440
vt 0.678301 0.266574
vt 0.155022 0.812616
vt 0.155241 0.811904
vt 0.155770 0.812103
vt 0.032947 0.810727
vt 0.276929 0.951644
vt 0.045266 0.795879
vt 0.044636 0.796583
vt 0.104909 0.938989
vt 0.041455 0.795627
vt 0.041140 0.796338
vt 0.693921 0.237452
vt 0.010323 0.797045
vt 0.008236 0.797050
vt 0.008211 0.810546
vt 0.193920 0.885223
vt 0.193847 0.877419
vt 0.134727 0.798547
vt 0.136036 0.799717
vt 0.152023 0.815303
vt 0.152945 0.814978
vt 0.151754 0.817266
vt 0.154314 0.811395
vt 0.153887 0.813296
vt 0.760192 0.269154
vt 0.760524 0.267557
vt 0.761098 0.269145
vt 0.034315 0.813464
vt 0.050680 0.797959
vt 0.208857 0.890951
vt 0.276813 0.966466
vt 0.151323 0.813644
vt 0.965442 0.642036
vt 0.681110 0.233392
vt 0.681004 0.223165
vt 0.151144 0.796250
vt 0.143796 0.796611
vt 0.146947 0.795625
vt 0.113481 0.914688
vt 0.954000 0.793867
vt 0.954000 0.775963
vt 0.954451 0.787551
vt 0.013384 0.811612
vt 0.020478 0.811878
vt 0.689942 0.257482
vt 0.689681 0.253986
vt 0.689864 0.261366
vt 0.689947 0.266327
vt 0.024794 0.809809
vt 0.691972 0.237593
vt 0.034383 0.795829
vt 0.031392 0.797423
vt 0.150106 0.820672
vt 0.761095 0.248266
vt 0.209875 0.858547
vt 0.055417 0.836219
vt 0.054325 0.819412
vt 0.086410 0.847697
vt 0.952574 0.006883
vt 0.865905 0.202695
vt 0.741269 0.484255
vt 0.744259 0.484444
vt 0.744311 0.487070
vt 0.226881 0.795842
vt 0.224296 0.798315
vt 0.223896 0.796075
vt 0.235887 0.795388
vt 0.732126 0.484220
vt 0.927168 0.965408
vt 0.729324 0.528638
vt 0.729514 0.528283
vt 0.729731 0.528479
vt 0.729833 0.529033
vt 0.729254 0.527359
vt 0.730538 0.528626
vt 0.927573 0.387752
vt 0.877523 0.229283
vt 0.927169 0.950899
vt 0.926636 0.950680
vt 0.925720 0.950868
vt 0.866658 0.229593
vt 0.916145 0.950027
vt 0.916206 0.965786
vt 0.729314 0.520486
vt 0.877433 0.204429
vt 0.878024 0.204195
vt 0.878026 0.203436
vt 0.862861 0.203950
vt 0.862300 0.204044
vt 0.862302 0.203286
vt 0.092157 0.882840
vt 0.092906 0.883354
vt 0.093502 0.883847
vt 0.745141 0.487415
vt 0.745169 0.490838
vt 0.744334 0.490574
vt 0.745114 0.494675
vt 0.744300 0.494374
vt 0.744104 0.498195
vt 0.744917 0.498487
vt 0.087846 0.900199
vt 0.732151 0.528676
vt 0.924033 0.965765
vt 0.732426 0.529185
vt 0.738712 0.528709
vt 0.973159 0.384730
vt 0.971224 0.386471
vt 0.729254 0.484587
vt 0.729845 0.484367
vt 0.940381 0.008013
vt 0.940622 0.006463
vt 0.953904 0.369592
vt 0.955046 0.010692
vt 0.955710 0.010445
vt 0.955221 0.008244
vt 0.955886 0.007991
vt 0.955437 0.006721
vt 0.956070 0.006493
vt 0.862302 0.202281
vt 0.862978 0.202512
vt 0.223509 0.798513
vt 0.223164 0.796282
vt 0.744948 0.484668
vt 0.238096 0.795379
vt 0.738816 0.529250
vt 0.740439 0.528687
vt 0.112096 0.883802
vt 0.740824 0.522330
vt 0.104213 0.900114
vt 0.096622 0.883721
vt 0.958503 0.335233
vt 0.955425 0.033139
vt 0.954747 0.033069
vt 0.942931 0.061815
vt 0.942871 0.067016
vt 0.236469 0.877468
vt 0.236293 0.884862
vt 0.968147 0.283935
vt 0.970000 0.285527
vt 0.968516 0.285915
vt 0.967481 0.284668
vt 0.878425 0.485528
vt 0.878445 0.484431
vt 0.880635 0.484575
vt 0.880706 0.485636
vt 0.940994 0.073260
vt 0.943349 0.073132
vt 0.943330 0.074641
vt 0.941151 0.074798
vt 0.943107 0.070708
vt 0.686232 0.486329
vt 0.686227 0.489012
vt 0.686297 0.484374
vt 0.689521 0.484223
vt 0.223913 0.892848
vt 0.309644 0.951687
vt 0.310151 0.951718
vt 0.700854 0.530571
vt 0.701163 0.530577
vt 0.700739 0.531112
vt 0.927574 0.283168
vt 0.700667 0.529710
vt 0.700049 0.530721
vt 0.928605 0.299101
vt 0.927577 0.298941
vt 0.310132 0.967234
vt 0.878010 0.510975
vt 0.300992 0.967211
vt 0.299168 0.967150
vt 0.689875 0.530583
vt 0.690285 0.530601
vt 0.690173 0.531128
vt 0.118203 0.795767
vt 0.689826 0.529389
vt 0.689645 0.529427
vt 0.880687 0.486409
vt 0.878401 0.486287
vt 0.877796 0.486061
vt 0.877826 0.485274
vt 0.308680 0.967175
vt 0.092879 0.812099
vt 0.685792 0.500414
vt 0.685593 0.496557
vt 0.686280 0.496341
vt 0.685526 0.492665
vt 0.686234 0.492551
vt 0.685374 0.489328
vt 0.299155 0.953007
vt 0.299225 0.951737
vt 0.307234 0.951644
vt 0.701273 0.484592
vt 0.701395 0.486682
vt 0.700680 0.486310
vt 0.700580 0.484365
vt 0.700659 0.488969
vt 0.970734 0.284788
vt 0.953844 0.301031
vt 0.877876 0.484220
vt 0.940567 0.075023
vt 0.940383 0.073508
vt 0.955712 0.071022
vt 0.955049 0.070781
vt 0.955888 0.073487
vt 0.955224 0.073239
vt 0.892907 0.484430
vt 0.893570 0.484220
vt 0.956072 0.075001
vt 0.955439 0.074779
vt 0.071682 0.802917
vt 0.072976 0.799734
vt 0.685532 0.486536
vt 0.685548 0.484612
vt 0.223131 0.892590
vt 0.223387 0.889867
vt 0.889867 0.484579
vt 0.951874 0.067008
vt 0.952114 0.070666
vt 0.951829 0.061796
vt 0.952400 0.073130
vt 0.952452 0.074622
vt 0.698470 0.484220
vt 0.960520 0.283891
vt 0.964186 0.284151
vt 0.963604 0.284951
vt 0.964737 0.283429
vt 0.960934 0.283182
vt 0.117018 0.795534
vt 0.892179 0.488465
vt 0.667029 0.497391
vt 0.955549 0.048410
vt 0.017161 0.883984
vt 0.039084 0.847677
vt 0.139738 0.899349
vt 0.137887 0.897751
vt 0.140404 0.898614
vt 0.136036 0.895993
vt 0.223859 0.907151
vt 0.223831 0.906111
vt 0.226097 0.906264
vt 0.226214 0.907237
vt 0.774667 0.204010
vt 0.774514 0.202851
vt 0.650069 0.223447
vt 0.653076 0.223287
vt 0.650050 0.226185
vt 0.650179 0.221363
vt 0.653213 0.221222
vt 0.206153 0.798699
vt 0.209297 0.795570
vt 0.206275 0.795425
vt 0.197112 0.798637
vt 0.197425 0.795379
vt 0.662193 0.221214
vt 0.662231 0.223284
vt 0.036553 0.950842
vt 0.037084 0.951045
vt 0.665137 0.267636
vt 0.664639 0.267971
vt 0.179349 0.883968
vt 0.180261 0.884026
vt 0.180786 0.884208
vt 0.180922 0.884880
vt 0.223555 0.932572
vt 0.223934 0.933129
vt 0.234443 0.931724
vt 0.234756 0.932503
vt 0.006582 0.884134
vt 0.007206 0.884062
vt 0.026110 0.965655
vt 0.026013 0.964969
vt 0.653953 0.267779
vt 0.655055 0.267862
vt 0.654915 0.268310
vt 0.223269 0.907649
vt 0.223270 0.906891
vt 0.239066 0.908163
vt 0.032508 0.883345
vt 0.232852 0.932750
vt 0.234496 0.933091
vt 0.232729 0.933271
vt 0.649356 0.226335
vt 0.650053 0.229755
vt 0.649207 0.229959
vt 0.649281 0.233826
vt 0.649404 0.237703
vt 0.037490 0.899962
vt 0.034178 0.900184
vt 0.663529 0.268279
vt 0.137152 0.898491
vt 0.136660 0.898913
vt 0.664504 0.223418
vt 0.665234 0.223759
vt 0.775274 0.203729
vt 0.223273 0.905889
vt 0.775095 0.202593
vt 0.154032 0.881983
vt 0.759912 0.205178
vt 0.760582 0.205503
vt 0.759737 0.203112
vt 0.760408 0.203442
vt 0.033909 0.881747
vt 0.034992 0.880216
vt 0.238998 0.905800
vt 0.055200 0.888240
vt 0.053668 0.892814
vt 0.054519 0.887612
vt 0.054201 0.893345
vt 0.052372 0.896015
vt 0.210078 0.795809
vt 0.649377 0.223636
vt 0.649438 0.221583
vt 0.235420 0.907178
vt 0.235359 0.906192
vt 0.760197 0.202281
vt 0.195235 0.795490
vt 0.664447 0.221348
vt 0.143145 0.899861
vt 0.143698 0.899137
vt 0.146947 0.900115
vt 0.013311 0.883781
vt 0.653577 0.257613
vt 0.008326 0.900114
vt 0.016881 0.899868
vt 0.017133 0.900290
vt 0.023853 0.900570
vt 0.021129 0.900145
vt 0.024725 0.900104
vt 0.055722 0.880352
vt 0.114134 0.937557
vt 0.176680 0.795854
vt 0.682400 0.266259
vt 0.038308 0.840016
vt 0.133109 0.807443
vt 0.134742 0.802898
vt 0.774651 0.269263
vt 0.774841 0.268125
vt 0.772621 0.266182
vt 0.774978 0.266346
vt 0.772837 0.263573
vt 0.690267 0.225843
vt 0.693301 0.223309
vt 0.693311 0.225991
vt 0.693232 0.221351
vt 0.209090 0.894131
vt 0.180272 0.795758
vt 0.180786 0.795856
vt 0.180922 0.796527
vt 0.678851 0.268104
vt 0.679929 0.268251
vt 0.175798 0.795481
vt 0.179374 0.795761
vt 0.180244 0.811422
vt 0.179169 0.811566
vt 0.285670 0.952482
vt 0.950069 0.531165
vt 0.950069 0.531684
vt 0.949931 0.531372
vt 0.114161 0.938631
vt 0.008435 0.811526
vt 0.007116 0.811420
vt 0.006683 0.811238
vt 0.689370 0.266773
vt 0.689564 0.267718
vt 0.774536 0.269943
vt 0.772393 0.269730
vt 0.113485 0.914144
vt 0.114083 0.913885
vt 0.775273 0.269405
vt 0.775158 0.270111
vt 0.098918 0.913907
vt 0.098327 0.914561
vt 0.098370 0.913983
vt 0.099852 0.914033
vt 0.098342 0.913266
vt 0.098690 0.915264
vt 0.033327 0.812605
vt 0.032580 0.812091
vt 0.034285 0.795379
vt 0.037656 0.795546
vt 0.693276 0.233358
vt 0.694114 0.233628
vt 0.693313 0.229535
vt 0.694167 0.226308
vt 0.694175 0.229769
vt 0.194062 0.890458
vt 0.194722 0.890777
vt 0.136662 0.796815
vt 0.678881 0.225981
vt 0.678279 0.223526
vt 0.678855 0.223319
vt 0.775587 0.268427
vt 0.775589 0.266547
vt 0.760870 0.263136
vt 0.760204 0.263279
vt 0.760720 0.265780
vt 0.760052 0.265930
vt 0.759737 0.268788
vt 0.759889 0.267683
vt 0.054606 0.808077
vt 0.694004 0.223515
vt 0.209475 0.895880
vt 0.209876 0.893894
vt 0.210206 0.895640
vt 0.276828 0.966995
vt 0.282140 0.966712
vt 0.275144 0.966824
vt 0.111214 0.913550
vt 0.102091 0.913654
vt 0.681183 0.229372
vt 0.681116 0.225817
vt 0.690365 0.229366
vt 0.763812 0.263182
vt 0.763555 0.265827
vt 0.678953 0.221371
vt 0.195028 0.894113
vt 0.687695 0.267776
vt 0.687775 0.268251
vt 0.102740 0.932620
vt 0.102479 0.928741
vt 0.021235 0.795558
vt 0.161500 0.811718
vt 0.099705 0.916326
vt 0.884709 0.940999
vt 0.885739 0.952887
vt 0.883022 0.954775
vt 0.884011 0.955975
vt 0.889750 0.942295
vt 0.888119 0.943624
vt 0.888214 0.941694
vt 0.889833 0.944586
vt 0.889120 0.940802
vt 0.891782 0.941179
vt 0.150520 0.932868
vt 0.150269 0.925100
vt 0.150643 0.927733
vt 0.150609 0.926215
vt 0.147708 0.931468
vt 0.147587 0.924677
vt 0.145423 0.917447
vt 0.145440 0.918575
vt 0.144343 0.916937
vt 0.142990 0.918370
vt 0.142473 0.920048
vt 0.141337 0.918374
vt 0.141526 0.923449
vt 0.142114 0.921751
vt 0.143723 0.923294
vt 0.144022 0.921595
vt 0.145830 0.923009
vt 0.145768 0.920070
vt 0.146212 0.921419
vt 0.150478 0.936936
vt 0.149754 0.938905
vt 0.150202 0.938160
vt 0.836263 0.530386
vt 0.835797 0.529265
vt 0.836911 0.528903
vt 0.836985 0.530999
vt 0.837082 0.530318
vt 0.834999 0.530361
vt 0.834990 0.528750
vt 0.835811 0.531044
vt 0.842458 0.513639
vt 0.841562 0.513295
vt 0.842496 0.512488
vt 0.840412 0.511447
vt 0.841212 0.512118
vt 0.839366 0.510715
vt 0.839363 0.512289
vt 0.837761 0.510942
vt 0.839825 0.512820
vt 0.100396 0.964960
vt 0.098918 0.963519
vt 0.100226 0.963465
vt 0.098417 0.961586
vt 0.100206 0.961594
vt 0.099287 0.957748
vt 0.098366 0.957627
vt 0.100270 0.957826
vt 0.100342 0.956073
vt 0.098364 0.955850
vt 0.838139 0.505290
vt 0.838876 0.506325
vt 0.838414 0.507035
vt 0.838570 0.502861
vt 0.839218 0.503301
vt 0.839032 0.500526
vt 0.839654 0.500306
vt 0.839779 0.497072
vt 0.840510 0.497743
vt 0.839016 0.496163
vt 0.837713 0.502769
vt 0.837198 0.505367
vt 0.147293 0.923507
vt 0.146575 0.922527
vt 0.889724 0.956498
vt 0.891533 0.956371
vt 0.892612 0.956518
vt 0.889490 0.937612
vt 0.888492 0.937491
vt 0.888816 0.936620
vt 0.888130 0.938419
vt 0.840527 0.510331
vt 0.841177 0.511045
vt 0.887641 0.939244
vt 0.886889 0.940269
vt 0.882538 0.947106
vt 0.882569 0.951715
vt 0.882417 0.951159
vt 0.882529 0.944739
vt 0.882677 0.943253
vt 0.820275 0.265184
vt 0.819978 0.263139
vt 0.820365 0.261604
vt 0.840453 0.500498
vt 0.840042 0.502940
vt 0.839844 0.505045
vt 0.839834 0.506695
vt 0.149362 0.923868
vt 0.149749 0.924332
vt 0.148767 0.923719
vt 0.149043 0.939269
vt 0.146798 0.939173
vt 0.098327 0.963432
vt 0.098352 0.959620
vt 0.150746 0.933470
vt 0.150556 0.935325
vt 0.150746 0.929507
vt 0.835814 0.506895
vt 0.836582 0.505245
vt 0.836360 0.507087
vt 0.836976 0.502991
vt 0.837304 0.500813
vt 0.835997 0.505036
vt 0.836374 0.502777
vt 0.843260 0.513382
vt 0.841855 0.514407
vt 0.144364 0.915632
vt 0.144458 0.914513
vt 0.145480 0.915401
vt 0.143416 0.914273
vt 0.143955 0.913332
vt 0.144577 0.913543
vt 0.049306 0.934855
vt 0.050002 0.935116
vt 0.049200 0.936018
vt 0.143254 0.913202
vt 0.142158 0.913131
vt 0.142174 0.916780
vt 0.141962 0.915416
vt 0.839179 0.509584
vt 0.839773 0.508908
vt 0.840068 0.509676
vt 0.837595 0.508380
vt 0.837164 0.507208
vt 0.835949 0.508214
vt 0.839487 0.508062
vt 0.822249 0.252176
vt 0.823035 0.254377
vt 0.822285 0.257968
vt 0.840578 0.489944
vt 0.839923 0.494782
vt 0.840463 0.493907
vt 0.840792 0.494768
vt 0.841297 0.491699
vt 0.841467 0.494814
vt 0.841834 0.488569
vt 0.842172 0.491723
vt 0.843260 0.485303
vt 0.841332 0.496809
vt 0.842319 0.493683
vt 0.841354 0.497910
vt 0.820050 0.254689
vt 0.820374 0.252182
vt 0.820401 0.257968
vt 0.819792 0.257987
vt 0.819730 0.252940
vt 0.842931 0.488527
vt 0.841099 0.484995
vt 0.838672 0.492477
vt 0.839159 0.487829
vt 0.838388 0.491034
vt 0.837876 0.490828
vt 0.893509 0.944855
vt 0.891212 0.954427
vt 0.887692 0.955920
vt 0.891027 0.937647
vt 0.890141 0.936759
vt 0.891559 0.936836
vt 0.891473 0.938684
vt 0.892979 0.937686
vt 0.890597 0.939771
vt 0.893179 0.939865
vt 0.144615 0.932163
vt 0.144620 0.927021
vt 0.146261 0.924631
vt 0.048566 0.934596
vt 0.048647 0.933014
vt 0.049376 0.933226
vt 0.048701 0.931030
vt 0.049419 0.931187
vt 0.050130 0.926165
vt 0.049445 0.928794
vt 0.049463 0.926102
vt 0.048737 0.928692
vt 0.951965 0.716583
vt 0.952358 0.719736
vt 0.951650 0.719835
vt 0.952312 0.713929
vt 0.144080 0.939559
vt 0.141320 0.939687
vt 0.139754 0.939522
vt 0.148184 0.939598
vt 0.146718 0.939713
vt 0.142336 0.939069
vt 0.821334 0.267106
vt 0.821382 0.268199
vt 0.820070 0.267674
vt 0.821158 0.269107
vt 0.820342 0.268686
vt 0.048761 0.924967
vt 0.049497 0.921499
vt 0.050163 0.920973
vt 0.050779 0.913544
vt 0.050214 0.913525
vt 0.902684 0.944903
vt 0.902173 0.942322
vt 0.902549 0.943382
vt 0.900074 0.953367
vt 0.902029 0.954926
vt 0.898727 0.954676
vt 0.894961 0.941007
vt 0.893474 0.942671
vt 0.897051 0.944037
vt 0.897799 0.941988
vt 0.898818 0.940728
vt 0.824732 0.265987
vt 0.824675 0.264680
vt 0.826102 0.265690
vt 0.824696 0.262965
vt 0.826001 0.264397
vt 0.825697 0.260871
vt 0.825745 0.258521
vt 0.826306 0.262855
vt 0.825193 0.260285
vt 0.824490 0.260988
vt 0.824548 0.257850
vt 0.823823 0.257941
vt 0.823046 0.260204
vt 0.137371 0.932212
vt 0.135839 0.938983
vt 0.134861 0.931559
vt 0.138958 0.939040
vt 0.141225 0.932674
vt 0.138689 0.917315
vt 0.138139 0.918547
vt 0.139732 0.921566
vt 0.139315 0.923236
vt 0.137541 0.922800
vt 0.140652 0.925213
vt 0.131935 0.935104
vt 0.132032 0.930339
vt 0.132364 0.937911
vt 0.354697 0.951644
vt 0.355695 0.952396
vt 0.353834 0.952705
vt 0.355973 0.951713
vt 0.990193 0.284365
vt 0.989008 0.285961
vt 0.988938 0.284417
vt 0.863519 0.268125
vt 0.864180 0.268452
vt 0.863033 0.268540
vt 0.863751 0.269252
vt 0.864306 0.267695
vt 0.865237 0.269401
vt 0.864298 0.269894
vt 0.865798 0.267457
vt 0.866340 0.268623
vt 0.868637 0.267091
vt 0.867653 0.267891
vt 0.866783 0.267444
vt 0.865754 0.266670
vt 0.951747 0.705404
vt 0.952468 0.704873
vt 0.952501 0.705453
vt 0.353804 0.965311
vt 0.355597 0.964278
vt 0.355791 0.965445
vt 0.355537 0.960854
vt 0.355536 0.962648
vt 0.353882 0.960713
vt 0.353683 0.957019
vt 0.354835 0.956929
vt 0.355542 0.956804
vt 0.355571 0.955032
vt 0.868349 0.261230
vt 0.868753 0.260192
vt 0.869230 0.262821
vt 0.867427 0.258259
vt 0.867828 0.261550
vt 0.866884 0.258960
vt 0.866332 0.260534
vt 0.866254 0.256182
vt 0.899904 0.956258
vt 0.894898 0.955962
vt 0.897056 0.956459
vt 0.890939 0.955982
vt 0.865087 0.267184
vt 0.902623 0.947210
vt 0.902689 0.951287
vt 0.902490 0.952021
vt 0.353620 0.961674
vt 0.353720 0.962653
vt 0.988925 0.316312
vt 0.989032 0.318042
vt 0.988881 0.318619
vt 0.901687 0.955692
vt 0.900994 0.956086
vt 0.866433 0.262217
vt 0.867333 0.262004
vt 0.865907 0.258455
vt 0.864652 0.254219
vt 0.865490 0.256116
vt 0.132236 0.925970
vt 0.132448 0.924860
vt 0.132870 0.924186
vt 0.132833 0.938746
vt 0.134249 0.939449
vt 0.275245 0.985004
vt 0.275144 0.982570
vt 0.275245 0.980242
vt 0.355761 0.960219
vt 0.355619 0.958849
vt 0.131962 0.932674
vt 0.131932 0.928344
vt 0.870818 0.261593
vt 0.870220 0.261376
vt 0.870365 0.259203
vt 0.870990 0.259571
vt 0.870465 0.257407
vt 0.869765 0.254951
vt 0.867778 0.256338
vt 0.868704 0.257585
vt 0.869724 0.262240
vt 0.990273 0.285499
vt 0.139079 0.915333
vt 0.140120 0.914466
vt 0.138966 0.916264
vt 0.140991 0.914276
vt 0.048102 0.935585
vt 0.047810 0.934360
vt 0.140991 0.913300
vt 0.871530 0.264314
vt 0.871013 0.265422
vt 0.870306 0.264478
vt 0.871387 0.263023
vt 0.870930 0.263131
vt 0.867691 0.266219
vt 0.867119 0.266154
vt 0.867738 0.265512
vt 0.868632 0.263591
vt 0.868585 0.264748
vt 0.867769 0.263594
vt 0.867518 0.264700
vt 0.866525 0.265422
vt 0.866647 0.264601
vt 0.825186 0.253424
vt 0.824385 0.246270
vt 0.825055 0.246267
vt 0.865456 0.253348
vt 0.864546 0.250414
vt 0.826413 0.246505
vt 0.826176 0.255382
vt 0.825819 0.254414
vt 0.868452 0.252458
vt 0.868925 0.252207
vt 0.867510 0.249503
vt 0.862227 0.244224
vt 0.864341 0.243755
vt 0.869144 0.256767
vt 0.894957 0.953505
vt 0.894292 0.938657
vt 0.895079 0.937635
vt 0.895493 0.939740
vt 0.897088 0.938457
vt 0.897557 0.939354
vt 0.896526 0.940727
vt 0.896688 0.937526
vt 0.896181 0.936695
vt 0.137943 0.924610
vt 0.135533 0.923398
vt 0.135044 0.925011
vt 0.134724 0.923960
vt 0.137693 0.926693
vt 0.046190 0.925924
vt 0.046695 0.927931
vt 0.046131 0.928421
vt 0.951970 0.710994
vt 0.952382 0.708031
vt 0.135797 0.939596
vt 0.893943 0.936252
vt 0.892900 0.936884
vt 0.892491 0.936271
vt 0.824515 0.268300
vt 0.825016 0.267588
vt 0.825536 0.267961
vt 0.826161 0.266604
vt 0.824721 0.266979
vt 0.046800 0.913516
vt 0.047437 0.919253
vt 0.046808 0.920038
vt 0.046297 0.916825
vt 0.046775 0.923107
vt 0.047374 0.924920
vt 0.046270 0.920046
vt 0.670188 0.956797
vt 0.671603 0.945720
vt 0.671372 0.956866
vt 0.672053 0.957172
vt 0.671487 0.959125
vt 0.670943 0.959525
vt 0.672136 0.954492
vt 0.667767 0.947038
vt 0.666448 0.945785
vt 0.667656 0.945194
vt 0.666519 0.949658
vt 0.664958 0.947804
vt 0.663528 0.946135
vt 0.012902 0.935014
vt 0.012234 0.934356
vt 0.013087 0.933510
vt 0.012476 0.927610
vt 0.011983 0.928771
vt 0.011966 0.925190
vt 0.170800 0.939062
vt 0.173254 0.932686
vt 0.174200 0.939075
vt 0.166914 0.939026
vt 0.168475 0.932207
vt 0.166337 0.930900
vt 0.163861 0.927617
vt 0.167425 0.924826
vt 0.170220 0.926945
vt 0.169307 0.917392
vt 0.170400 0.916900
vt 0.169263 0.918517
vt 0.172350 0.918370
vt 0.172573 0.920039
vt 0.168914 0.919996
vt 0.170904 0.923304
vt 0.168569 0.921372
vt 0.172523 0.921748
vt 0.164261 0.930842
vt 0.163733 0.935184
vt 0.989874 0.890602
vt 0.990620 0.890093
vt 0.990659 0.890690
vt 0.989441 0.889934
vt 0.988616 0.890578
vt 0.988620 0.889629
vt 0.960446 0.125171
vt 0.959634 0.124334
vt 0.960255 0.124254
vt 0.856186 0.512563
vt 0.856905 0.511925
vt 0.856930 0.513091
vt 0.857691 0.512463
vt 0.857624 0.511309
vt 0.859608 0.512459
vt 0.859452 0.511713
vt 0.860180 0.511884
vt 0.858450 0.513309
vt 0.859099 0.511094
vt 0.857543 0.513995
vt 0.960676 0.138128
vt 0.960427 0.138993
vt 0.958693 0.138104
vt 0.958906 0.135405
vt 0.959458 0.133608
vt 0.960681 0.135398
vt 0.958848 0.129737
vt 0.960067 0.129658
vt 0.861361 0.502216
vt 0.860164 0.504719
vt 0.860536 0.502260
vt 0.861113 0.500300
vt 0.860221 0.499597
vt 0.859542 0.502598
vt 0.860270 0.494921
vt 0.860009 0.497395
vt 0.861618 0.498848
vt 0.862324 0.502914
vt 0.862610 0.505173
vt 0.862572 0.507023
vt 0.861694 0.505034
vt 0.861400 0.506812
vt 0.167261 0.923429
vt 0.168044 0.922454
vt 0.170221 0.924633
vt 0.164949 0.924054
vt 0.990187 0.126075
vt 0.990316 0.124254
vt 0.990316 0.127150
vt 0.664320 0.957999
vt 0.666278 0.959378
vt 0.663108 0.959460
vt 0.670325 0.944350
vt 0.670744 0.944550
vt 0.669207 0.944312
vt 0.858978 0.509894
vt 0.858369 0.510643
vt 0.667437 0.944135
vt 0.668126 0.942800
vt 0.668495 0.943696
vt 0.958983 0.133340
vt 0.958797 0.134222
vt 0.958974 0.131661
vt 0.671844 0.958375
vt 0.958799 0.136901
vt 0.859315 0.497370
vt 0.859732 0.494501
vt 0.859451 0.500154
vt 0.960775 0.131572
vt 0.960749 0.133571
vt 0.960702 0.129545
vt 0.163720 0.931358
vt 0.163720 0.933358
vt 0.863896 0.506749
vt 0.863353 0.506923
vt 0.863223 0.505075
vt 0.863805 0.504885
vt 0.862937 0.502804
vt 0.862698 0.500389
vt 0.863536 0.502609
vt 0.862630 0.497144
vt 0.863131 0.500002
vt 0.990536 0.892086
vt 0.989403 0.891704
vt 0.990109 0.892556
vt 0.856283 0.513328
vt 0.169390 0.916198
vt 0.170409 0.915598
vt 0.172621 0.916752
vt 0.170342 0.914474
vt 0.169299 0.915345
vt 0.171171 0.914277
vt 0.170253 0.913503
vt 0.170882 0.913302
vt 0.942063 0.109299
vt 0.942163 0.110464
vt 0.941365 0.109551
vt 0.171590 0.913183
vt 0.172738 0.913131
vt 0.172829 0.915419
vt 0.859871 0.507587
vt 0.859978 0.506397
vt 0.861975 0.508178
vt 0.859747 0.510145
vt 0.859888 0.509345
vt 0.009878 0.921546
vt 0.010678 0.919393
vt 0.010597 0.925193
vt 0.012171 0.913605
vt 0.012745 0.913630
vt 0.012027 0.919396
vt 0.860913 0.497480
vt 0.860903 0.494422
vt 0.859958 0.489957
vt 0.857810 0.484753
vt 0.858383 0.488035
vt 0.858827 0.494403
vt 0.858990 0.491278
vt 0.858255 0.494547
vt 0.857681 0.490565
vt 0.858870 0.496470
vt 0.013087 0.919370
vt 0.012500 0.922361
vt 0.862017 0.493887
vt 0.863195 0.496924
vt 0.940229 0.097692
vt 0.940247 0.094538
vt 0.940747 0.097666
vt 0.859654 0.484601
vt 0.668866 0.959393
vt 0.667193 0.955682
vt 0.667503 0.940143
vt 0.666151 0.941115
vt 0.665945 0.940301
vt 0.667698 0.940978
vt 0.667876 0.941911
vt 0.170483 0.930058
vt 0.173993 0.927345
vt 0.942806 0.109050
vt 0.942007 0.107670
vt 0.942738 0.107467
vt 0.941985 0.105630
vt 0.942704 0.105483
vt 0.941985 0.103237
vt 0.942694 0.103144
vt 0.941332 0.100599
vt 0.941998 0.100545
vt 0.951971 0.648524
vt 0.950304 0.649470
vt 0.950320 0.647734
vt 0.170276 0.939523
vt 0.173042 0.939697
vt 0.167615 0.939633
vt 0.011479 0.934358
vt 0.011422 0.935451
vt 0.012671 0.936087
vt 0.011638 0.936360
vt 0.666756 0.939621
vt 0.941349 0.097636
vt 0.942017 0.095908
vt 0.942703 0.099528
vt 0.942724 0.093467
vt 0.940764 0.094521
vt 0.941367 0.093797
vt 0.940832 0.087970
vt 0.941394 0.087959
vt 0.657019 0.958215
vt 0.656879 0.945652
vt 0.657667 0.944420
vt 0.659068 0.956464
vt 0.658842 0.944395
vt 0.656011 0.946781
vt 0.656229 0.945657
vt 0.661526 0.947969
vt 0.006739 0.932902
vt 0.006833 0.931659
vt 0.007773 0.931808
vt 0.177163 0.932318
vt 0.179713 0.931516
vt 0.178261 0.938256
vt 0.173719 0.923497
vt 0.174955 0.921649
vt 0.175778 0.923309
vt 0.174039 0.918361
vt 0.181696 0.938898
vt 0.182345 0.936950
vt 0.325045 0.951882
vt 0.324628 0.952445
vt 0.323962 0.951644
vt 0.323283 0.952548
vt 0.988917 0.367561
vt 0.988958 0.366071
vt 0.989695 0.367588
vt 0.659335 0.943309
vt 0.659643 0.942370
vt 0.660222 0.942797
vt 0.208432 0.935499
vt 0.207470 0.935048
vt 0.208421 0.934220
vt 0.205456 0.932619
vt 0.204945 0.933640
vt 0.203757 0.932907
vt 0.661138 0.940983
vt 0.660079 0.941157
vt 0.952416 0.660349
vt 0.951732 0.659699
vt 0.952516 0.659629
vt 0.325273 0.965377
vt 0.323449 0.964394
vt 0.325366 0.964271
vt 0.324469 0.957010
vt 0.323566 0.960929
vt 0.323638 0.956897
vt 0.325448 0.961257
vt 0.325426 0.962704
vt 0.323603 0.962766
vt 0.323489 0.955195
vt 0.323568 0.953643
vt 0.325301 0.952687
vt 0.325401 0.953823
vt 0.204602 0.929365
vt 0.204655 0.927568
vt 0.205101 0.927965
vt 0.206140 0.926344
vt 0.203877 0.929373
vt 0.203289 0.929017
vt 0.204063 0.927713
vt 0.205063 0.924163
vt 0.206257 0.921829
vt 0.204099 0.924594
vt 0.206575 0.924374
vt 0.660555 0.959898
vt 0.659628 0.959385
vt 0.662071 0.957989
vt 0.662354 0.941085
vt 0.661589 0.940109
vt 0.660683 0.941908
vt 0.656242 0.957247
vt 0.656405 0.958363
vt 0.655999 0.949938
vt 0.655914 0.948270
vt 0.658135 0.959822
vt 0.657355 0.959493
vt 0.207423 0.921243
vt 0.177575 0.922945
vt 0.177745 0.921470
vt 0.178200 0.922511
vt 0.182146 0.938126
vt 0.182237 0.932050
vt 0.182556 0.935310
vt 0.182641 0.933467
vt 0.323550 0.958935
vt 0.182611 0.927728
vt 0.182688 0.931468
vt 0.202124 0.924809
vt 0.203598 0.921661
vt 0.202654 0.925260
vt 0.203671 0.924184
vt 0.204551 0.920651
vt 0.209398 0.934428
vt 0.209462 0.935134
vt 0.992193 0.941691
vt 0.992692 0.942291
vt 0.992374 0.942854
vt 0.176063 0.917264
vt 0.174935 0.915672
vt 0.175929 0.916236
vt 0.202253 0.932235
vt 0.201436 0.931244
vt 0.202494 0.931234
vt 0.173822 0.914292
vt 0.173863 0.913319
vt 0.200906 0.930144
vt 0.202202 0.930264
vt 0.201075 0.928836
vt 0.201560 0.928927
vt 0.660901 0.939057
vt 0.661481 0.938692
vt 0.661973 0.939424
vt 0.204470 0.932065
vt 0.204767 0.931297
vt 0.205392 0.931936
vt 0.203031 0.932064
vt 0.203923 0.931331
vt 0.006647 0.933827
vt 0.007753 0.933108
vt 0.007105 0.921393
vt 0.007913 0.913496
vt 0.007635 0.924844
vt 0.008382 0.921549
vt 0.008308 0.927675
vt 0.008578 0.913500
vt 0.205035 0.921122
vt 0.207922 0.916205
vt 0.207020 0.919138
vt 0.208098 0.909558
vt 0.210206 0.910029
vt 0.208290 0.919202
vt 0.204914 0.915323
vt 0.203983 0.918275
vt 0.203482 0.918041
vt 0.205423 0.911980
vt 0.206464 0.908805
vt 0.206960 0.909048
vt 0.663439 0.949628
vt 0.662892 0.940262
vt 0.176648 0.924691
vt 0.944754 0.102426
vt 0.944115 0.103004
vt 0.944101 0.099434
vt 0.951966 0.654104
vt 0.952371 0.657070
vt 0.951664 0.657179
vt 0.174615 0.939557
vt 0.181052 0.939286
vt 0.178597 0.939697
vt 0.009912 0.934814
vt 0.009559 0.935453
vt 0.009107 0.934523
vt 0.007785 0.934830
vt 0.007982 0.935422
vt 0.007267 0.935184
vt 0.008079 0.934208
vt 0.944752 0.087992
vt 0.944104 0.093719
vt 0.944126 0.087973
vt 0.944720 0.096153
vt 0.945269 0.097592
vt 0.613073 0.936495
vt 0.613434 0.948164
vt 0.611471 0.950272
vt 0.613432 0.951662
vt 0.617711 0.937794
vt 0.616205 0.939122
vt 0.616285 0.937192
vt 0.617841 0.940082
vt 0.615511 0.949956
vt 0.617104 0.936301
vt 0.619584 0.936679
vt 0.936068 0.929826
vt 0.935705 0.922060
vt 0.936153 0.924690
vt 0.936067 0.923173
vt 0.933026 0.928440
vt 0.932856 0.921649
vt 0.930044 0.914441
vt 0.930224 0.915565
vt 0.928932 0.913935
vt 0.927592 0.915372
vt 0.927145 0.917049
vt 0.925821 0.915383
vt 0.926286 0.920451
vt 0.926848 0.918752
vt 0.928637 0.920285
vt 0.928894 0.918586
vt 0.930909 0.919990
vt 0.930657 0.917056
vt 0.931208 0.918401
vt 0.935992 0.933895
vt 0.935230 0.935866
vt 0.935702 0.935120
vt 0.989699 0.334126
vt 0.990166 0.335246
vt 0.989052 0.335611
vt 0.988978 0.333518
vt 0.988881 0.334198
vt 0.990964 0.334150
vt 0.990973 0.335759
vt 0.990152 0.333469
vt 0.848525 0.231423
vt 0.847657 0.231062
vt 0.848572 0.230261
vt 0.846526 0.229200
vt 0.847312 0.229879
vt 0.845491 0.228462
vt 0.845501 0.230033
vt 0.843920 0.228674
vt 0.845972 0.230557
vt 0.340397 0.964211
vt 0.338941 0.962778
vt 0.340215 0.962706
vt 0.338453 0.960849
vt 0.340191 0.960831
vt 0.339299 0.956993
vt 0.338405 0.956886
vt 0.340257 0.957058
vt 0.340335 0.955307
vt 0.338411 0.955112
vt 0.844214 0.223059
vt 0.844959 0.224088
vt 0.844501 0.224801
vt 0.844633 0.220627
vt 0.845286 0.221062
vt 0.845087 0.218286
vt 0.845711 0.218060
vt 0.845823 0.214822
vt 0.846565 0.215485
vt 0.845062 0.213913
vt 0.843780 0.220537
vt 0.843278 0.223138
vt 0.932489 0.920481
vt 0.931649 0.919507
vt 0.617733 0.951996
vt 0.619384 0.951870
vt 0.620430 0.952017
vt 0.617292 0.933115
vt 0.616398 0.932993
vt 0.616610 0.932125
vt 0.616126 0.933920
vt 0.846645 0.228076
vt 0.847285 0.228796
vt 0.615766 0.934742
vt 0.615151 0.935764
vt 0.611040 0.942603
vt 0.611049 0.947214
vt 0.610925 0.946656
vt 0.611056 0.940235
vt 0.611196 0.938749
vt 0.032159 0.918636
vt 0.032455 0.920677
vt 0.032065 0.922209
vt 0.846527 0.218238
vt 0.846121 0.220687
vt 0.845934 0.222794
vt 0.845948 0.224432
vt 0.934735 0.920832
vt 0.935173 0.921294
vt 0.934088 0.920686
vt 0.934503 0.936233
vt 0.932108 0.936147
vt 0.338374 0.962704
vt 0.338391 0.958882
vt 0.936258 0.930427
vt 0.936104 0.932282
vt 0.936260 0.926464
vt 0.841925 0.224657
vt 0.842669 0.223014
vt 0.842459 0.224855
vt 0.843053 0.220757
vt 0.843374 0.218575
vt 0.842096 0.222799
vt 0.842463 0.220537
vt 0.842980 0.217949
vt 0.843603 0.215115
vt 0.849302 0.231180
vt 0.847958 0.232171
vt 0.928817 0.912633
vt 0.928734 0.911518
vt 0.929816 0.912402
vt 0.927601 0.911284
vt 0.927927 0.910347
vt 0.928601 0.910555
vt 0.256860 0.923668
vt 0.256164 0.923412
vt 0.256968 0.922506
vt 0.927172 0.910220
vt 0.925997 0.910154
vt 0.926584 0.913789
vt 0.926221 0.912429
vt 0.845295 0.227335
vt 0.845886 0.226655
vt 0.846185 0.227421
vt 0.843698 0.226144
vt 0.843254 0.224978
vt 0.842080 0.225966
vt 0.845585 0.225818
vt 0.030166 0.931626
vt 0.029383 0.929426
vt 0.030138 0.925841
vt 0.846602 0.207680
vt 0.845960 0.212529
vt 0.846496 0.211650
vt 0.846831 0.212508
vt 0.847325 0.209434
vt 0.847521 0.212541
vt 0.847851 0.206296
vt 0.848216 0.209441
vt 0.849302 0.203009
vt 0.847403 0.214533
vt 0.848402 0.211379
vt 0.847445 0.215622
vt 0.032373 0.929114
vt 0.032044 0.931621
vt 0.032025 0.925842
vt 0.032636 0.925817
vt 0.032691 0.930859
vt 0.848964 0.206237
vt 0.844727 0.210213
vt 0.843049 0.214871
vt 0.847116 0.202713
vt 0.845217 0.205538
vt 0.844458 0.208751
vt 0.843971 0.208529
vt 0.617904 0.946998
vt 0.619846 0.950199
vt 0.618710 0.933151
vt 0.617798 0.932265
vt 0.619110 0.932343
vt 0.619198 0.934186
vt 0.620531 0.933191
vt 0.618438 0.935272
vt 0.620850 0.935366
vt 0.929702 0.929145
vt 0.929675 0.924006
vt 0.931421 0.921609
vt 0.257601 0.923921
vt 0.257524 0.925501
vt 0.256794 0.925295
vt 0.257477 0.927483
vt 0.256759 0.927332
vt 0.256075 0.932356
vt 0.256744 0.929723
vt 0.256739 0.932414
vt 0.257452 0.929820
vt 0.950837 0.679835
vt 0.950443 0.676682
vt 0.951152 0.676582
vt 0.950490 0.682489
vt 0.933570 0.936566
vt 0.931975 0.936688
vt 0.927788 0.936547
vt 0.927320 0.936064
vt 0.031101 0.916719
vt 0.031053 0.915628
vt 0.032367 0.916150
vt 0.031277 0.914723
vt 0.032095 0.915141
vt 0.257447 0.933544
vt 0.256730 0.937015
vt 0.256069 0.937546
vt 0.255495 0.944976
vt 0.256057 0.944990
vt 0.629912 0.940401
vt 0.629428 0.937819
vt 0.629788 0.938879
vt 0.627387 0.948867
vt 0.629254 0.950425
vt 0.626116 0.950175
vt 0.622562 0.936507
vt 0.621190 0.938170
vt 0.624561 0.939537
vt 0.625267 0.937486
vt 0.626263 0.936226
vt 0.027701 0.917830
vt 0.027757 0.919134
vt 0.026332 0.918121
vt 0.027734 0.920846
vt 0.026432 0.919410
vt 0.026732 0.922931
vt 0.026682 0.925278
vt 0.026128 0.920947
vt 0.027234 0.923520
vt 0.027938 0.922821
vt 0.027875 0.925953
vt 0.028599 0.925866
vt 0.029380 0.923607
vt 0.921965 0.929231
vt 0.920397 0.936007
vt 0.919293 0.928592
vt 0.923714 0.936050
vt 0.926076 0.929676
vt 0.922851 0.914340
vt 0.922401 0.915571
vt 0.924303 0.918578
vt 0.923923 0.920248
vt 0.922040 0.919820
vt 0.925398 0.922218
vt 0.916151 0.932147
vt 0.916295 0.927385
vt 0.916647 0.934951
vt 0.385112 0.951644
vt 0.386161 0.952423
vt 0.384254 0.952709
vt 0.386408 0.951723
vt 0.989944 0.466632
vt 0.991129 0.465033
vt 0.991199 0.466580
vt 0.992915 0.152231
vt 0.993391 0.151919
vt 0.993391 0.153010
vt 0.891446 0.529237
vt 0.891979 0.530032
vt 0.890979 0.530292
vt 0.890790 0.528719
vt 0.890812 0.529636
vt 0.892803 0.528788
vt 0.892811 0.529872
vt 0.891314 0.527301
vt 0.892634 0.527425
vt 0.892362 0.524631
vt 0.892610 0.525903
vt 0.891789 0.526439
vt 0.624477 0.932531
vt 0.623493 0.932200
vt 0.624521 0.931656
vt 0.951052 0.691012
vt 0.950329 0.691539
vt 0.950298 0.690962
vt 0.384227 0.965295
vt 0.386089 0.964300
vt 0.386260 0.965452
vt 0.386043 0.960890
vt 0.386037 0.962679
vt 0.384357 0.960738
vt 0.384149 0.957044
vt 0.385328 0.956966
vt 0.386048 0.956847
vt 0.386073 0.955076
vt 0.909903 0.502845
vt 0.910464 0.501888
vt 0.910524 0.504553
vt 0.909456 0.499776
vt 0.909341 0.503068
vt 0.908812 0.500368
vt 0.908030 0.501795
vt 0.908622 0.497545
vt 0.627249 0.951758
vt 0.622523 0.951463
vt 0.624580 0.951958
vt 0.618817 0.951481
vt 0.624064 0.933029
vt 0.629830 0.942708
vt 0.629890 0.946786
vt 0.629684 0.947519
vt 0.384085 0.961689
vt 0.384189 0.962669
vt 0.630008 0.942131
vt 0.628934 0.951192
vt 0.628278 0.951585
vt 0.907873 0.503441
vt 0.908784 0.503421
vt 0.907932 0.499693
vt 0.907352 0.495338
vt 0.907881 0.497343
vt 0.916441 0.923013
vt 0.916645 0.921902
vt 0.917127 0.921225
vt 0.917154 0.935784
vt 0.918674 0.936481
vt 0.299254 0.984975
vt 0.299155 0.982538
vt 0.299254 0.980208
vt 0.386260 0.960252
vt 0.386125 0.958889
vt 0.916231 0.929716
vt 0.916162 0.925387
vt 0.912293 0.503553
vt 0.911731 0.503266
vt 0.912220 0.501121
vt 0.912786 0.501550
vt 0.912606 0.499332
vt 0.912299 0.496802
vt 0.910102 0.497942
vt 0.910824 0.499303
vt 0.911103 0.504055
vt 0.989865 0.465497
vt 0.922984 0.912363
vt 0.924105 0.911492
vt 0.923016 0.913291
vt 0.925016 0.911298
vt 0.258068 0.922932
vt 0.258360 0.924152
vt 0.924778 0.910328
vt 0.912584 0.506283
vt 0.911898 0.507306
vt 0.911332 0.506337
vt 0.912637 0.505023
vt 0.912162 0.505091
vt 0.908473 0.507661
vt 0.909268 0.508686
vt 0.907921 0.507495
vt 0.908634 0.506952
vt 0.909815 0.505211
vt 0.909587 0.506344
vt 0.908966 0.505058
vt 0.908546 0.506102
vt 0.907459 0.506632
vt 0.907711 0.505830
vt 0.027233 0.930372
vt 0.028023 0.937520
vt 0.027354 0.937519
vt 0.908275 0.494632
vt 0.907522 0.488383
vt 0.907833 0.491603
vt 0.906496 0.485134
vt 0.026013 0.937268
vt 0.026248 0.928408
vt 0.026602 0.929380
vt 0.911385 0.494173
vt 0.911898 0.493967
vt 0.910915 0.491116
vt 0.908672 0.485004
vt 0.911389 0.498551
vt 0.622572 0.949004
vt 0.621839 0.934160
vt 0.622510 0.933139
vt 0.623027 0.935241
vt 0.624507 0.933958
vt 0.624999 0.934853
vt 0.624037 0.936227
vt 0.922509 0.921627
vt 0.919906 0.920426
vt 0.919453 0.922041
vt 0.919106 0.920991
vt 0.922274 0.923711
vt 0.260023 0.932571
vt 0.259504 0.930568
vt 0.260069 0.930075
vt 0.950831 0.685425
vt 0.950419 0.688387
vt 0.920301 0.936621
vt 0.923129 0.936512
vt 0.621235 0.931762
vt 0.620365 0.932391
vt 0.619865 0.931782
vt 0.027917 0.915527
vt 0.027416 0.916233
vt 0.026896 0.915864
vt 0.026273 0.917210
vt 0.027712 0.916841
vt 0.259474 0.944975
vt 0.258803 0.939244
vt 0.259431 0.938457
vt 0.259963 0.941665
vt 0.259448 0.935389
vt 0.258837 0.933579
vt 0.259974 0.938446
vt 0.701862 0.956535
vt 0.703635 0.945444
vt 0.703273 0.956597
vt 0.704119 0.956894
vt 0.703432 0.958853
vt 0.702782 0.959259
vt 0.704219 0.954213
vt 0.699032 0.946799
vt 0.697453 0.945559
vt 0.698889 0.944957
vt 0.697545 0.949433
vt 0.695643 0.948041
vt 0.694014 0.945935
vt 0.841284 0.248670
vt 0.841951 0.249329
vt 0.841102 0.250168
vt 0.841716 0.256064
vt 0.842207 0.254905
vt 0.842226 0.258481
vt 0.075453 0.939222
vt 0.077382 0.932822
vt 0.078340 0.939194
vt 0.072166 0.939230
vt 0.073324 0.932396
vt 0.071494 0.931115
vt 0.069330 0.927862
vt 0.072285 0.925029
vt 0.074684 0.927116
vt 0.073277 0.917598
vt 0.074242 0.917091
vt 0.073419 0.918715
vt 0.076023 0.918532
vt 0.076345 0.920193
vt 0.073225 0.920194
vt 0.075135 0.923470
vt 0.073038 0.921571
vt 0.076418 0.921899
vt 0.069754 0.931083
vt 0.069332 0.935431
vt 0.989913 0.482534
vt 0.989170 0.483055
vt 0.989125 0.482456
vt 0.990352 0.483197
vt 0.991171 0.482542
vt 0.991175 0.483495
vt 0.069603 0.925204
vt 0.069383 0.924372
vt 0.070168 0.924287
vt 0.819623 0.231136
vt 0.820346 0.230458
vt 0.820374 0.231641
vt 0.821137 0.230979
vt 0.821066 0.229814
vt 0.823068 0.230887
vt 0.822903 0.230170
vt 0.823636 0.230318
vt 0.821911 0.231766
vt 0.822544 0.229565
vt 0.821000 0.232494
vt 0.371015 0.965415
vt 0.370747 0.966268
vt 0.369105 0.965437
vt 0.369349 0.962759
vt 0.369890 0.960957
vt 0.371062 0.962713
vt 0.369292 0.957098
vt 0.370477 0.956998
vt 0.824753 0.220721
vt 0.823573 0.223207
vt 0.823928 0.220766
vt 0.824495 0.218812
vt 0.823599 0.218115
vt 0.822945 0.221063
vt 0.823620 0.213454
vt 0.823374 0.215920
vt 0.824992 0.217358
vt 0.825721 0.221405
vt 0.826020 0.223652
vt 0.825994 0.225490
vt 0.825103 0.223526
vt 0.824820 0.225294
vt 0.072058 0.923638
vt 0.072652 0.922656
vt 0.074615 0.924805
vt 0.695770 0.959635
vt 0.697432 0.959761
vt 0.694719 0.959782
vt 0.694919 0.957794
vt 0.697227 0.959156
vt 0.693496 0.959266
vt 0.991901 0.008130
vt 0.991775 0.008716
vt 0.991775 0.006463
vt 0.822421 0.228349
vt 0.821812 0.229125
vt 0.698605 0.943901
vt 0.699411 0.942560
vt 0.699899 0.943451
vt 0.369430 0.960701
vt 0.369237 0.961576
vt 0.369420 0.959021
vt 0.703862 0.958100
vt 0.369230 0.964247
vt 0.822682 0.215885
vt 0.823081 0.213038
vt 0.822836 0.218648
vt 0.371159 0.958892
vt 0.371132 0.960889
vt 0.371091 0.956870
vt 0.069277 0.931604
vt 0.069306 0.933603
vt 0.827322 0.225183
vt 0.826777 0.225375
vt 0.826635 0.223540
vt 0.827219 0.223332
vt 0.826335 0.221281
vt 0.826084 0.218872
vt 0.826937 0.221067
vt 0.826000 0.215622
vt 0.826516 0.218470
vt 0.819495 0.231969
vt 0.073224 0.916408
vt 0.074094 0.915795
vt 0.076096 0.916918
vt 0.073838 0.914681
vt 0.072953 0.915566
vt 0.074524 0.914475
vt 0.073488 0.913724
vt 0.074011 0.913516
vt 0.943209 0.125974
vt 0.943098 0.124814
vt 0.943904 0.125710
vt 0.074605 0.913389
vt 0.075576 0.913323
vt 0.076120 0.915589
vt 0.823302 0.226038
vt 0.823399 0.224868
vt 0.825406 0.226638
vt 0.823190 0.228604
vt 0.823326 0.227804
vt 0.844315 0.262125
vt 0.843516 0.264275
vt 0.843593 0.258480
vt 0.842029 0.270052
vt 0.841457 0.270025
vt 0.842169 0.264266
vt 0.824279 0.216001
vt 0.824252 0.212947
vt 0.823281 0.208502
vt 0.821105 0.203321
vt 0.821696 0.206594
vt 0.822178 0.212927
vt 0.822321 0.209823
vt 0.841329 0.260366
vt 0.841113 0.264289
vt 0.841102 0.258344
vt 0.841695 0.261306
vt 0.825371 0.212393
vt 0.826568 0.215377
vt 0.945214 0.137542
vt 0.945243 0.140695
vt 0.944692 0.137576
vt 0.822949 0.203151
vt 0.700288 0.959147
vt 0.698316 0.955452
vt 0.698410 0.939920
vt 0.696872 0.940902
vt 0.696511 0.940095
vt 0.698760 0.940748
vt 0.699053 0.941676
vt 0.074976 0.930226
vt 0.077893 0.927470
vt 0.942470 0.126235
vt 0.943284 0.127600
vt 0.942556 0.127814
vt 0.943334 0.129637
vt 0.942616 0.129796
vt 0.943367 0.132028
vt 0.942660 0.132132
vt 0.944061 0.134654
vt 0.943395 0.134719
vt 0.640048 0.901039
vt 0.641714 0.900096
vt 0.641698 0.901827
vt 0.075009 0.939689
vt 0.077318 0.939832
vt 0.072721 0.939832
vt 0.842704 0.249330
vt 0.842760 0.248239
vt 0.841513 0.247601
vt 0.842543 0.247332
vt 0.697338 0.939414
vt 0.944088 0.137615
vt 0.943444 0.139351
vt 0.942704 0.135747
vt 0.942773 0.141805
vt 0.944722 0.140719
vt 0.944127 0.141455
vt 0.944751 0.147267
vt 0.944187 0.147287
vt 0.686383 0.958072
vt 0.686283 0.945507
vt 0.687260 0.944266
vt 0.688773 0.956306
vt 0.688587 0.944233
vt 0.685304 0.946641
vt 0.685561 0.945517
vt 0.692500 0.947918
vt 0.847447 0.250782
vt 0.847355 0.252022
vt 0.846413 0.251875
vt 0.080706 0.932403
vt 0.082873 0.931571
vt 0.081788 0.938327
vt 0.077527 0.923630
vt 0.078485 0.921771
vt 0.079281 0.923417
vt 0.077462 0.918503
vt 0.084688 0.938928
vt 0.085220 0.936971
vt 0.008387 0.950931
vt 0.007918 0.951461
vt 0.007272 0.950670
vt 0.006553 0.951549
vt 0.990872 0.383068
vt 0.990829 0.384557
vt 0.990094 0.383040
vt 0.954583 0.897142
vt 0.954000 0.896299
vt 0.954583 0.896193
vt 0.935312 0.526379
vt 0.934348 0.525978
vt 0.935260 0.525068
vt 0.932269 0.523628
vt 0.931797 0.524708
vt 0.930596 0.524037
vt 0.934301 0.523816
vt 0.934108 0.524667
vt 0.639595 0.889213
vt 0.640285 0.889864
vt 0.639498 0.889934
vt 0.008668 0.963313
vt 0.006840 0.961763
vt 0.008706 0.961732
vt 0.007718 0.956008
vt 0.006798 0.959920
vt 0.006867 0.955881
vt 0.008731 0.960284
vt 0.006725 0.954181
vt 0.006815 0.952633
vt 0.008614 0.951720
vt 0.008695 0.952847
vt 0.931225 0.520414
vt 0.931144 0.518621
vt 0.931631 0.518975
vt 0.932581 0.517260
vt 0.930486 0.520485
vt 0.929867 0.520177
vt 0.930554 0.518814
vt 0.931300 0.515198
vt 0.932332 0.512777
vt 0.930366 0.515699
vt 0.932868 0.515267
vt 0.690543 0.959724
vt 0.689425 0.959220
vt 0.692466 0.957703
vt 0.692416 0.940905
vt 0.691044 0.940811
vt 0.691464 0.939938
vt 0.830891 0.992684
vt 0.831643 0.992999
vt 0.830891 0.993477
vt 0.933571 0.523306
vt 0.685511 0.957108
vt 0.685702 0.958224
vt 0.685256 0.949801
vt 0.685187 0.948132
vt 0.687720 0.959669
vt 0.686798 0.959347
vt 0.933478 0.512088
vt 0.080819 0.923031
vt 0.080836 0.921558
vt 0.081288 0.922592
vt 0.085054 0.938152
vt 0.006780 0.957922
vt 0.085055 0.932037
vt 0.085270 0.927749
vt 0.085391 0.933487
vt 0.085402 0.931488
vt 0.928446 0.516033
vt 0.929680 0.512794
vt 0.928987 0.516460
vt 0.929915 0.515317
vt 0.930550 0.511713
vt 0.936225 0.525221
vt 0.936293 0.525954
vt 0.992638 0.706543
vt 0.992143 0.705942
vt 0.992460 0.705378
vt 0.079054 0.917387
vt 0.077947 0.915815
vt 0.078782 0.916368
vt 0.929119 0.523425
vt 0.928247 0.522485
vt 0.929235 0.522445
vt 0.076780 0.914458
vt 0.076564 0.913496
vt 0.927651 0.521418
vt 0.928882 0.521493
vt 0.927698 0.520120
vt 0.928161 0.520195
vt 0.932185 0.522930
vt 0.933057 0.522777
vt 0.931254 0.523140
vt 0.931520 0.522335
vt 0.929819 0.523243
vt 0.930664 0.522441
vt 0.847537 0.249860
vt 0.846431 0.250579
vt 0.847092 0.262271
vt 0.846288 0.270162
vt 0.846557 0.258828
vt 0.845812 0.262123
vt 0.845881 0.256003
vt 0.845621 0.270159
vt 0.931054 0.512167
vt 0.933592 0.507043
vt 0.932900 0.510037
vt 0.934147 0.503866
vt 0.935466 0.500705
vt 0.934214 0.509978
vt 0.930569 0.506352
vt 0.929846 0.509368
vt 0.929357 0.509152
vt 0.930868 0.502957
vt 0.931683 0.499711
vt 0.932169 0.499936
vt 0.933307 0.500387
vt 0.692931 0.940083
vt 0.080087 0.924787
vt 0.940617 0.132887
vt 0.941244 0.132297
vt 0.941310 0.135864
vt 0.640053 0.895458
vt 0.639647 0.892493
vt 0.640354 0.892385
vt 0.078692 0.939672
vt 0.084180 0.939322
vt 0.082057 0.939765
vt 0.844269 0.248877
vt 0.844621 0.248241
vt 0.845075 0.249168
vt 0.846396 0.248862
vt 0.846196 0.248275
vt 0.846911 0.248512
vt 0.846103 0.249482
vt 0.940832 0.147310
vt 0.941391 0.141578
vt 0.941455 0.147318
vt 0.940742 0.139154
vt 0.940176 0.137727
vt 0.883034 0.942256
vt 0.883425 0.941468
vt 0.886135 0.940744
vt 0.819781 0.266174
vt 0.820737 0.265799
vt 0.821358 0.265585
vt 0.822054 0.266823
vt 0.820905 0.262775
vt 0.821467 0.262818
vt 0.822074 0.265352
vt 0.822833 0.266542
vt 0.822846 0.265120
vt 0.823631 0.266285
vt 0.822138 0.263498
vt 0.822903 0.263324
vt 0.823635 0.264910
vt 0.822215 0.261288
vt 0.823808 0.262717
vt 0.821561 0.257909
vt 0.820923 0.257964
vt 0.835841 0.531657
vt 0.834950 0.531468
vt 0.835000 0.531015
vt 0.837082 0.531611
vt 0.098611 0.953203
vt 0.098682 0.952415
vt 0.099460 0.952365
vt 0.100645 0.952759
vt 0.100531 0.953567
vt 0.841908 0.511726
vt 0.145866 0.919432
vt 0.840932 0.513707
vt 0.098549 0.966250
vt 0.100559 0.966068
vt 0.100645 0.966850
vt 0.098675 0.966975
vt 0.952398 0.722994
vt 0.950323 0.723056
vt 0.950299 0.722388
vt 0.951713 0.722334
vt 0.952448 0.721341
vt 0.951701 0.721403
vt 0.952501 0.722277
vt 0.950349 0.720043
vt 0.950312 0.721362
vt 0.098468 0.965039
vt 0.100391 0.954582
vt 0.098526 0.954331
vt 0.842602 0.515226
vt 0.885034 0.956316
vt 0.887485 0.956466
vt 0.886351 0.956440
vt 0.884045 0.941037
vt 0.882601 0.953643
vt 0.100269 0.959732
vt 0.100411 0.958438
vt 0.100348 0.962490
vt 0.882411 0.946490
vt 0.883348 0.955576
vt 0.820041 0.258972
vt 0.840504 0.502057
vt 0.819702 0.264161
vt 0.150720 0.931503
vt 0.988106 0.522888
vt 0.988185 0.525342
vt 0.988106 0.526960
vt 0.051622 0.933937
vt 0.051151 0.935563
vt 0.050626 0.935359
vt 0.051213 0.933815
vt 0.834950 0.506352
vt 0.835470 0.504771
vt 0.835338 0.506641
vt 0.051657 0.931727
vt 0.050685 0.933644
vt 0.051243 0.931632
vt 0.835029 0.504482
vt 0.835818 0.502517
vt 0.836942 0.499401
vt 0.835344 0.502244
vt 0.836332 0.499949
vt 0.836959 0.497137
vt 0.835838 0.499700
vt 0.834984 0.501992
vt 0.836456 0.496911
vt 0.835458 0.499483
vt 0.145366 0.916252
vt 0.836851 0.528152
vt 0.050528 0.936575
vt 0.051550 0.935706
vt 0.051612 0.936915
vt 0.992492 0.247646
vt 0.992644 0.246565
vt 0.993341 0.247646
vt 0.145641 0.914701
vt 0.049903 0.936308
vt 0.838343 0.510080
vt 0.836254 0.509266
vt 0.836805 0.510132
vt 0.819952 0.269749
vt 0.820903 0.252175
vt 0.821538 0.252143
vt 0.822901 0.246283
vt 0.822148 0.246302
vt 0.821437 0.246325
vt 0.820801 0.246349
vt 0.819500 0.246636
vt 0.842458 0.491815
vt 0.819552 0.252984
vt 0.819495 0.249740
vt 0.837650 0.494151
vt 0.837141 0.493939
vt 0.836063 0.496726
vt 0.836938 0.492921
vt 0.840521 0.484800
vt 0.839944 0.484582
vt 0.838645 0.487626
vt 0.839431 0.484379
vt 0.839011 0.484220
vt 0.889001 0.935938
vt 0.890266 0.936139
vt 0.140554 0.927334
vt 0.144064 0.924890
vt 0.050064 0.933442
vt 0.050099 0.931349
vt 0.050715 0.931502
vt 0.051254 0.929094
vt 0.050728 0.929005
vt 0.050737 0.926227
vt 0.051260 0.926281
vt 0.050117 0.928902
vt 0.950313 0.717366
vt 0.950300 0.715634
vt 0.822896 0.267573
vt 0.822108 0.267886
vt 0.823010 0.268298
vt 0.822207 0.268631
vt 0.889159 0.935356
vt 0.890501 0.935695
vt 0.891591 0.936247
vt 0.822317 0.269149
vt 0.821097 0.269688
vt 0.823150 0.268800
vt 0.050741 0.922376
vt 0.051273 0.923273
vt 0.048820 0.919022
vt 0.051314 0.916867
vt 0.049554 0.913507
vt 0.048861 0.913496
vt 0.902465 0.953784
vt 0.900840 0.942565
vt 0.895810 0.942308
vt 0.825637 0.262852
vt 0.137634 0.920038
vt 0.140194 0.919936
vt 0.137097 0.921365
vt 0.990985 0.284405
vt 0.991012 0.286151
vt 0.132053 0.936736
vt 0.990972 0.283741
vt 0.990169 0.283717
vt 0.990201 0.283107
vt 0.991012 0.283291
vt 0.988890 0.283789
vt 0.988881 0.283195
vt 0.353992 0.951918
vt 0.864957 0.267943
vt 0.353928 0.966076
vt 0.355973 0.966270
vt 0.950335 0.705360
vt 0.950359 0.704668
vt 0.950303 0.706450
vt 0.951725 0.706340
vt 0.950374 0.707709
vt 0.951672 0.707923
vt 0.952477 0.706406
vt 0.353695 0.964170
vt 0.353686 0.955288
vt 0.355679 0.953511
vt 0.353734 0.953766
vt 0.901675 0.941537
vt 0.863287 0.270135
vt 0.863070 0.269463
vt 0.950324 0.710597
vt 0.950298 0.713761
vt 0.950308 0.712156
vt 0.136495 0.922412
vt 0.898652 0.956518
vt 0.900564 0.940925
vt 0.901228 0.941065
vt 0.862227 0.268625
vt 0.353632 0.957596
vt 0.353678 0.958912
vt 0.986189 0.187664
vt 0.986224 0.189972
vt 0.986189 0.194784
vt 0.902715 0.952268
vt 0.989030 0.319935
vt 0.864752 0.256458
vt 0.866634 0.263574
vt 0.133439 0.923834
vt 0.134052 0.923563
vt 0.133355 0.939260
vt 0.355689 0.955891
vt 0.871308 0.261444
vt 0.870412 0.263277
vt 0.989806 0.286142
vt 0.990924 0.286819
vt 0.989877 0.286746
vt 0.047904 0.932823
vt 0.046939 0.935230
vt 0.047077 0.934150
vt 0.046410 0.933968
vt 0.046268 0.935026
vt 0.045849 0.933815
vt 0.045963 0.932383
vt 0.046523 0.932507
vt 0.140316 0.913497
vt 0.871770 0.262988
vt 0.870025 0.265453
vt 0.866241 0.266061
vt 0.869418 0.266304
vt 0.868599 0.265554
vt 0.826398 0.260815
vt 0.981978 0.972357
vt 0.983572 0.972101
vt 0.983572 0.980428
vt 0.983114 0.979525
vt 0.823649 0.246274
vt 0.826413 0.256481
vt 0.864102 0.253262
vt 0.046235 0.923106
vt 0.045849 0.920051
vt 0.866962 0.246140
vt 0.868337 0.249043
vt 0.867979 0.249246
vt 0.865377 0.243256
vt 0.864897 0.243502
vt 0.865910 0.242963
vt 0.866245 0.242771
vt 0.894394 0.936833
vt 0.895018 0.936169
vt 0.896113 0.935975
vt 0.047970 0.930892
vt 0.047183 0.932654
vt 0.048018 0.928605
vt 0.047262 0.930771
vt 0.047321 0.928533
vt 0.048046 0.925096
vt 0.046612 0.930667
vt 0.046056 0.930580
vt 0.823703 0.267287
vt 0.823834 0.267993
vt 0.896001 0.935420
vt 0.894638 0.935700
vt 0.826344 0.267269
vt 0.048114 0.919227
vt 0.048160 0.913496
vt 0.047483 0.913503
vt 0.672043 0.948292
vt 0.671263 0.944925
vt 0.671913 0.946796
vt 0.666165 0.944468
vt 0.663648 0.944669
vt 0.011467 0.932837
vt 0.012088 0.933055
vt 0.010761 0.934070
vt 0.012746 0.931295
vt 0.011415 0.930925
vt 0.010752 0.932599
vt 0.009983 0.933783
vt 0.009982 0.932362
vt 0.009187 0.933522
vt 0.010703 0.930745
vt 0.009938 0.930566
vt 0.009195 0.932146
vt 0.009159 0.930406
vt 0.009822 0.927373
vt 0.010642 0.928534
vt 0.011354 0.928657
vt 0.011324 0.925143
vt 0.013050 0.928980
vt 0.163921 0.926073
vt 0.164284 0.924962
vt 0.989456 0.889325
vt 0.164308 0.937923
vt 0.163866 0.936792
vt 0.988594 0.892166
vt 0.990650 0.889428
vt 0.958516 0.124647
vt 0.958553 0.125447
vt 0.860427 0.510449
vt 0.168846 0.919258
vt 0.861730 0.510678
vt 0.950315 0.642742
vt 0.950340 0.642036
vt 0.952413 0.642126
vt 0.951728 0.642769
vt 0.958516 0.138852
vt 0.952462 0.643764
vt 0.952369 0.645373
vt 0.951660 0.645267
vt 0.951715 0.643700
vt 0.952516 0.642827
vt 0.950361 0.645058
vt 0.950325 0.643739
vt 0.960655 0.137004
vt 0.958810 0.128021
vt 0.960733 0.127830
vt 0.958741 0.126524
vt 0.960559 0.126286
vt 0.990659 0.893146
vt 0.856782 0.514780
vt 0.670145 0.959838
vt 0.665028 0.959847
vt 0.668176 0.959971
vt 0.666399 0.959987
vt 0.669072 0.959953
vt 0.858770 0.497485
vt 0.012839 0.926233
vt 0.165813 0.923608
vt 0.165278 0.939152
vt 0.166137 0.939494
vt 0.164587 0.938790
vt 0.163672 0.929330
vt 0.864743 0.506216
vt 0.864366 0.506505
vt 0.864326 0.504632
vt 0.940741 0.109786
vt 0.940216 0.109982
vt 0.939766 0.108351
vt 0.940171 0.108234
vt 0.864756 0.504345
vt 0.864085 0.502362
vt 0.940698 0.108070
vt 0.939755 0.106140
vt 0.940165 0.106051
vt 0.863692 0.499768
vt 0.940181 0.103513
vt 0.939798 0.100734
vt 0.940208 0.100700
vt 0.940704 0.103431
vt 0.864547 0.502093
vt 0.939771 0.103572
vt 0.940690 0.105928
vt 0.864172 0.499524
vt 0.882555 0.993507
vt 0.882411 0.992433
vt 0.883261 0.992433
vt 0.939820 0.110120
vt 0.940831 0.111003
vt 0.939755 0.111329
vt 0.169164 0.914643
vt 0.941458 0.110744
vt 0.943310 0.110029
vt 0.863685 0.508050
vt 0.863320 0.509080
vt 0.861489 0.509959
vt 0.862721 0.509912
vt 0.976105 0.268393
vt 0.976105 0.270055
vt 0.976006 0.269345
vt 0.012868 0.923299
vt 0.011389 0.919361
vt 0.010070 0.913525
vt 0.010823 0.913549
vt 0.011534 0.913577
vt 0.856186 0.485008
vt 0.862607 0.494050
vt 0.863683 0.496704
vt 0.863137 0.493697
vt 0.864052 0.496513
vt 0.860862 0.487711
vt 0.860228 0.484425
vt 0.861430 0.487506
vt 0.862547 0.490550
vt 0.940263 0.091285
vt 0.939869 0.087994
vt 0.940277 0.087985
vt 0.860796 0.484220
vt 0.861927 0.487309
vt 0.862926 0.490388
vt 0.664232 0.941152
vt 0.664468 0.940349
vt 0.664031 0.942151
vt 0.665797 0.942114
vt 0.665887 0.943255
vt 0.859127 0.508803
vt 0.663828 0.943330
vt 0.173868 0.925236
vt 0.941318 0.107876
vt 0.941305 0.105783
vt 0.940728 0.100653
vt 0.941314 0.103336
vt 0.952312 0.651175
vt 0.010697 0.935133
vt 0.010593 0.935877
vt 0.012844 0.937030
vt 0.012800 0.937745
vt 0.011694 0.936941
vt 0.010477 0.936394
vt 0.665723 0.939720
vt 0.664822 0.939753
vt 0.009429 0.935965
vt 0.942053 0.087950
vt 0.942745 0.087948
vt 0.659195 0.943948
vt 0.661101 0.945522
vt 0.660040 0.946513
vt 0.661259 0.944282
vt 0.008441 0.931960
vt 0.007748 0.930157
vt 0.008413 0.930268
vt 0.006674 0.930061
vt 0.008426 0.933294
vt 0.006943 0.925733
vt 0.006612 0.928116
vt 0.007708 0.928147
vt 0.009078 0.927699
vt 0.009120 0.921310
vt 0.174484 0.919977
vt 0.176630 0.918630
vt 0.177066 0.920032
vt 0.178932 0.924510
vt 0.177462 0.926239
vt 0.182145 0.925100
vt 0.990905 0.365588
vt 0.990902 0.367447
vt 0.989709 0.368241
vt 0.990849 0.368213
vt 0.989712 0.368854
vt 0.990905 0.368796
vt 0.988883 0.368790
vt 0.988881 0.368197
vt 0.323168 0.951777
vt 0.207268 0.933757
vt 0.206211 0.934287
vt 0.206714 0.933121
vt 0.206742 0.932415
vt 0.323374 0.965559
vt 0.325090 0.966087
vt 0.323168 0.966308
vt 0.660674 0.940390
vt 0.950341 0.660430
vt 0.950318 0.659766
vt 0.950330 0.658784
vt 0.951712 0.658764
vt 0.950362 0.657392
vt 0.952464 0.658699
vt 0.325446 0.955318
vt 0.325449 0.957070
vt 0.205997 0.928082
vt 0.205816 0.929385
vt 0.991905 0.943563
vt 0.992917 0.943563
vt 0.179186 0.923551
vt 0.950298 0.651341
vt 0.950319 0.654505
vt 0.950305 0.652946
vt 0.664096 0.959987
vt 0.659228 0.959945
vt 0.657004 0.944435
vt 0.656561 0.944876
vt 0.662243 0.942082
vt 0.661956 0.943189
vt 0.210206 0.934308
vt 0.209085 0.933857
vt 0.655957 0.954215
vt 0.655942 0.955663
vt 0.655792 0.951922
vt 0.655825 0.950018
vt 0.656807 0.959099
vt 0.006463 0.924955
vt 0.181233 0.923978
vt 0.181794 0.924345
vt 0.180618 0.923696
vt 0.201661 0.927395
vt 0.201142 0.927263
vt 0.201450 0.925395
vt 0.202100 0.928651
vt 0.201964 0.923234
vt 0.202652 0.920783
vt 0.202794 0.928171
vt 0.992052 0.745174
vt 0.992052 0.747180
vt 0.991803 0.745912
vt 0.175740 0.915383
vt 0.943566 0.108825
vt 0.943485 0.107286
vt 0.174706 0.914499
vt 0.944436 0.109706
vt 0.944303 0.108624
vt 0.944975 0.108451
vt 0.945112 0.109511
vt 0.944874 0.106989
vt 0.945440 0.106872
vt 0.945542 0.108305
vt 0.200654 0.928824
vt 0.174538 0.913527
vt 0.205938 0.931221
vt 0.206246 0.931863
vt 0.203817 0.930470
vt 0.204559 0.930538
vt 0.205804 0.930420
vt 0.009308 0.913510
vt 0.982898 0.037759
vt 0.982898 0.029648
vt 0.984395 0.029974
vt 0.006728 0.922732
vt 0.006566 0.913724
vt 0.201675 0.922583
vt 0.204417 0.915083
vt 0.203511 0.916479
vt 0.205919 0.912223
vt 0.207527 0.909315
vt 0.945279 0.091312
vt 0.945294 0.088011
vt 0.662933 0.939619
vt 0.943438 0.105354
vt 0.944210 0.107127
vt 0.943415 0.103068
vt 0.944149 0.105243
vt 0.943429 0.099578
vt 0.944804 0.105148
vt 0.945313 0.102909
vt 0.945365 0.105068
vt 0.945282 0.100411
vt 0.180159 0.939576
vt 0.663563 0.939675
vt 0.662328 0.938856
vt 0.663519 0.939171
vt 0.006463 0.934482
vt 0.943424 0.093682
vt 0.943447 0.087957
vt 0.611522 0.937751
vt 0.611092 0.949140
vt 0.611889 0.936963
vt 0.614437 0.936239
vt 0.621235 0.940354
vt 0.032656 0.917646
vt 0.031698 0.918023
vt 0.031075 0.918236
vt 0.030380 0.917001
vt 0.031526 0.921041
vt 0.030963 0.920999
vt 0.030358 0.918469
vt 0.029600 0.917281
vt 0.029586 0.918700
vt 0.028802 0.917535
vt 0.030292 0.920320
vt 0.029526 0.920493
vt 0.028797 0.918908
vt 0.030212 0.922527
vt 0.028621 0.921097
vt 0.030863 0.925900
vt 0.031501 0.925845
vt 0.990123 0.332860
vt 0.991013 0.333050
vt 0.990963 0.333498
vt 0.988881 0.332911
vt 0.338688 0.952481
vt 0.338797 0.951714
vt 0.339539 0.951644
vt 0.340695 0.952024
vt 0.340556 0.952817
vt 0.848003 0.229485
vt 0.844745 0.229620
vt 0.847055 0.231459
vt 0.338619 0.965541
vt 0.340587 0.965337
vt 0.340695 0.966135
vt 0.338777 0.966286
vt 0.950400 0.673418
vt 0.952474 0.673355
vt 0.952497 0.674045
vt 0.951088 0.674082
vt 0.950353 0.675076
vt 0.951100 0.675014
vt 0.950298 0.674138
vt 0.952452 0.676374
vt 0.952528 0.675158
vt 0.338520 0.964316
vt 0.340394 0.953819
vt 0.338578 0.953595
vt 0.848662 0.233021
vt 0.615645 0.951964
vt 0.614590 0.951938
vt 0.612489 0.936532
vt 0.340256 0.958967
vt 0.340404 0.957676
vt 0.340336 0.961730
vt 0.340443 0.962286
vt 0.612407 0.951477
vt 0.611776 0.951074
vt 0.032387 0.924837
vt 0.846601 0.219785
vt 0.032734 0.919654
vt 0.930662 0.916421
vt 0.936245 0.928460
vt 0.254557 0.924604
vt 0.255018 0.922975
vt 0.255541 0.923174
vt 0.254962 0.924721
vt 0.841102 0.224086
vt 0.841586 0.222523
vt 0.841466 0.224393
vt 0.254532 0.926813
vt 0.255487 0.924887
vt 0.254941 0.926902
vt 0.841170 0.222217
vt 0.841925 0.220265
vt 0.841475 0.219976
vt 0.842430 0.217691
vt 0.841961 0.217426
vt 0.254532 0.929378
vt 0.255466 0.927028
vt 0.254942 0.929439
vt 0.254951 0.932250
vt 0.254541 0.932215
vt 0.255464 0.929523
vt 0.929876 0.913249
vt 0.989112 0.336357
vt 0.255639 0.921960
vt 0.254623 0.922837
vt 0.254564 0.921631
vt 0.992757 0.821783
vt 0.992049 0.822602
vt 0.992049 0.821317
vt 0.929723 0.911708
vt 0.256264 0.922222
vt 0.844470 0.227829
vt 0.842400 0.227010
vt 0.842963 0.227867
vt 0.032487 0.914081
vt 0.031513 0.931628
vt 0.030877 0.931658
vt 0.029505 0.937512
vt 0.030258 0.937494
vt 0.030970 0.937470
vt 0.031607 0.937446
vt 0.164986 0.985946
vt 0.163672 0.980089
vt 0.165265 0.980089
vt 0.165265 0.985996
vt 0.848514 0.209523
vt 0.032906 0.937152
vt 0.032871 0.930813
vt 0.032923 0.934053
vt 0.842570 0.214629
vt 0.843730 0.211877
vt 0.843246 0.211648
vt 0.842210 0.214421
vt 0.843074 0.210605
vt 0.846551 0.202511
vt 0.845992 0.202281
vt 0.844729 0.205319
vt 0.254947 0.941660
vt 0.254538 0.941650
vt 0.254951 0.938409
vt 0.255486 0.936148
vt 0.254940 0.944959
vt 0.254532 0.944949
vt 0.616676 0.931445
vt 0.617803 0.931648
vt 0.925324 0.924339
vt 0.929045 0.921879
vt 0.256106 0.925084
vt 0.256080 0.927175
vt 0.255470 0.932299
vt 0.256073 0.929621
vt 0.952488 0.679052
vt 0.952500 0.680783
vt 0.029538 0.916252
vt 0.030326 0.915940
vt 0.926187 0.936688
vt 0.029424 0.915529
vt 0.030228 0.915197
vt 0.031338 0.914146
vt 0.032462 0.913496
vt 0.619028 0.931757
vt 0.030117 0.914683
vt 0.029283 0.915030
vt 0.254953 0.935256
vt 0.257419 0.939486
vt 0.256715 0.945002
vt 0.257408 0.945008
vt 0.629677 0.949283
vt 0.628144 0.938066
vt 0.623384 0.937807
vt 0.026794 0.920954
vt 0.921932 0.917063
vt 0.924711 0.916948
vt 0.921473 0.918389
vt 0.989152 0.466594
vt 0.989125 0.464846
vt 0.916288 0.933779
vt 0.989165 0.467260
vt 0.989968 0.467282
vt 0.989936 0.467895
vt 0.989125 0.467715
vt 0.991247 0.467211
vt 0.991256 0.467809
vt 0.384377 0.951903
vt 0.891351 0.528289
vt 0.890699 0.527769
vt 0.624082 0.929856
vt 0.384330 0.966046
vt 0.386408 0.966254
vt 0.952463 0.691054
vt 0.952437 0.691743
vt 0.952496 0.689965
vt 0.951075 0.690077
vt 0.952427 0.688708
vt 0.951129 0.688495
vt 0.950323 0.690011
vt 0.384147 0.964174
vt 0.384143 0.955311
vt 0.386159 0.953544
vt 0.384180 0.953785
vt 0.628956 0.937034
vt 0.892589 0.530913
vt 0.891869 0.530754
vt 0.952476 0.685820
vt 0.952503 0.682657
vt 0.952493 0.684261
vt 0.920900 0.919437
vt 0.626099 0.952017
vt 0.627917 0.936422
vt 0.628547 0.936562
vt 0.890699 0.531061
vt 0.629988 0.944024
vt 0.630077 0.945827
vt 0.985487 0.499711
vt 0.985522 0.502020
vt 0.985487 0.506833
vt 0.629947 0.947765
vt 0.026033 0.922982
vt 0.907858 0.504814
vt 0.917726 0.920871
vt 0.918359 0.920598
vt 0.917725 0.936295
vt 0.386190 0.955933
vt 0.916131 0.924530
vt 0.912807 0.503449
vt 0.911623 0.505176
vt 0.990330 0.464851
vt 0.258269 0.925687
vt 0.259235 0.923279
vt 0.259096 0.924357
vt 0.259767 0.924536
vt 0.259910 0.923479
vt 0.260333 0.924686
vt 0.260222 0.926116
vt 0.259657 0.925995
vt 0.924074 0.910528
vt 0.913031 0.505005
vt 0.910899 0.507264
vt 0.906496 0.507772
vt 0.907075 0.507236
vt 0.910166 0.508013
vt 0.909474 0.507147
vt 0.028758 0.937518
vt 0.026013 0.927306
vt 0.906961 0.494289
vt 0.259992 0.935388
vt 0.260400 0.938440
vt 0.910905 0.487686
vt 0.911820 0.490717
vt 0.911425 0.490903
vt 0.909782 0.484635
vt 0.909265 0.484824
vt 0.910362 0.484393
vt 0.910731 0.484220
vt 0.621773 0.932340
vt 0.622260 0.931679
vt 0.623328 0.931483
vt 0.258210 0.927617
vt 0.258993 0.925852
vt 0.258173 0.929902
vt 0.258921 0.927733
vt 0.258872 0.929970
vt 0.258162 0.933409
vt 0.259574 0.927833
vt 0.260135 0.927918
vt 0.028730 0.916536
vt 0.028600 0.915833
vt 0.623081 0.930932
vt 0.621748 0.931214
vt 0.026089 0.916548
vt 0.258125 0.939275
vt 0.258109 0.945004
vt 0.258789 0.944992
vt 0.704158 0.948012
vt 0.702655 0.944280
vt 0.700492 0.943836
vt 0.703274 0.944650
vt 0.704010 0.946517
vt 0.697093 0.944246
vt 0.694129 0.944470
vt 0.842718 0.250847
vt 0.842098 0.250628
vt 0.843422 0.249618
vt 0.841444 0.252382
vt 0.842771 0.252756
vt 0.843432 0.251087
vt 0.844199 0.249906
vt 0.844202 0.251325
vt 0.844995 0.250167
vt 0.843483 0.252938
vt 0.844248 0.253117
vt 0.844990 0.251539
vt 0.845027 0.253277
vt 0.844367 0.256305
vt 0.843546 0.255146
vt 0.842834 0.255021
vt 0.842867 0.258529
vt 0.841143 0.254692
vt 0.069309 0.926319
vt 0.989482 0.480821
vt 0.069933 0.938159
vt 0.069482 0.937036
vt 0.990342 0.483809
vt 0.991175 0.480952
vt 0.989145 0.483723
vt 0.368898 0.951978
vt 0.369983 0.951644
vt 0.370794 0.952478
vt 0.368960 0.952792
vt 0.823873 0.228891
vt 0.073046 0.919463
vt 0.825185 0.229074
vt 0.641698 0.906821
vt 0.641671 0.907527
vt 0.639598 0.907437
vt 0.640288 0.906794
vt 0.368898 0.966167
vt 0.639556 0.905800
vt 0.639649 0.904191
vt 0.640358 0.904297
vt 0.640303 0.905863
vt 0.639498 0.906736
vt 0.641657 0.904505
vt 0.641691 0.905825
vt 0.371026 0.964310
vt 0.369251 0.955382
vt 0.371109 0.955150
vt 0.369173 0.953882
vt 0.370932 0.953606
vt 0.820233 0.233342
vt 0.701846 0.959579
vt 0.699534 0.959729
vt 0.700596 0.959703
vt 0.704227 0.949728
vt 0.822144 0.215967
vt 0.822235 0.214974
vt 0.841356 0.257436
vt 0.070869 0.923832
vt 0.070771 0.939376
vt 0.071491 0.939709
vt 0.070144 0.939025
vt 0.069172 0.929578
vt 0.828176 0.224593
vt 0.827795 0.224915
vt 0.827743 0.223053
vt 0.944527 0.125466
vt 0.945052 0.125262
vt 0.945528 0.126885
vt 0.945119 0.127008
vt 0.828177 0.222733
vt 0.827489 0.220794
vt 0.944591 0.127179
vt 0.945570 0.129094
vt 0.945156 0.129188
vt 0.827080 0.218210
vt 0.827565 0.217932
vt 0.827061 0.215122
vt 0.827929 0.217665
vt 0.827955 0.220491
vt 0.945591 0.131660
vt 0.945176 0.131725
vt 0.944628 0.129319
vt 0.072565 0.914878
vt 0.072266 0.913719
vt 0.072600 0.913266
vt 0.944425 0.124254
vt 0.943801 0.124522
vt 0.941959 0.125267
vt 0.827121 0.226463
vt 0.826764 0.227478
vt 0.824934 0.228390
vt 0.826172 0.228302
vt 0.989030 0.270053
vt 0.989030 0.268393
vt 0.989129 0.269101
vt 0.842806 0.264305
vt 0.844129 0.270136
vt 0.843376 0.270112
vt 0.842665 0.270082
vt 0.821015 0.209080
vt 0.819495 0.203510
vt 0.821614 0.213038
vt 0.825960 0.212495
vt 0.826497 0.212126
vt 0.827436 0.214888
vt 0.824178 0.206228
vt 0.823526 0.202955
vt 0.824750 0.205997
vt 0.825889 0.208992
vt 0.825252 0.205765
vt 0.824097 0.202723
vt 0.824599 0.202492
vt 0.824999 0.202281
vt 0.826275 0.208788
vt 0.694604 0.940956
vt 0.694767 0.940156
vt 0.694460 0.941953
vt 0.696543 0.941900
vt 0.696718 0.943037
vt 0.698466 0.938873
vt 0.694291 0.943131
vt 0.077724 0.925365
vt 0.943971 0.127382
vt 0.944013 0.129473
vt 0.944650 0.131814
vt 0.945191 0.134536
vt 0.944668 0.134591
vt 0.944039 0.131919
vt 0.639707 0.898388
vt 0.740759 0.270101
vt 0.740759 0.265475
vt 0.740888 0.267107
vt 0.843484 0.248558
vt 0.843587 0.247816
vt 0.841338 0.246660
vt 0.841381 0.245947
vt 0.842485 0.246754
vt 0.843701 0.247302
vt 0.696105 0.939522
vt 0.695043 0.939563
vt 0.844748 0.247732
vt 0.945276 0.143945
vt 0.943527 0.147306
vt 0.942834 0.147320
vt 0.689027 0.943781
vt 0.691174 0.945343
vt 0.690545 0.947019
vt 0.691333 0.944103
vt 0.845743 0.251725
vt 0.846440 0.253524
vt 0.845774 0.253414
vt 0.847517 0.253615
vt 0.845757 0.250394
vt 0.847251 0.257937
vt 0.847581 0.255555
vt 0.846482 0.255530
vt 0.845110 0.255980
vt 0.845074 0.262361
vt 0.077973 0.920109
vt 0.079665 0.918741
vt 0.080115 0.920135
vt 0.082056 0.924577
vt 0.080832 0.926323
vt 0.084821 0.925127
vt 0.988881 0.385037
vt 0.988884 0.383183
vt 0.990080 0.382388
vt 0.988939 0.382417
vt 0.990075 0.381779
vt 0.988881 0.381838
vt 0.990903 0.381846
vt 0.990907 0.382435
vt 0.006463 0.950792
vt 0.689713 0.942193
vt 0.690594 0.941737
vt 0.933080 0.525280
vt 0.933544 0.524049
vt 0.006638 0.964576
vt 0.008586 0.964428
vt 0.008435 0.965158
vt 0.006463 0.965344
vt 0.641669 0.889133
vt 0.641695 0.889796
vt 0.641686 0.890779
vt 0.640306 0.890799
vt 0.641654 0.892171
vt 0.639553 0.890864
vt 0.006673 0.963399
vt 0.008731 0.954338
vt 0.008726 0.956087
vt 0.932576 0.518996
vt 0.932483 0.520313
vt 0.992926 0.704668
vt 0.991924 0.704668
vt 0.082201 0.923618
vt 0.641719 0.898222
vt 0.641699 0.895059
vt 0.641712 0.896618
vt 0.689017 0.959782
vt 0.686513 0.944285
vt 0.685979 0.944730
vt 0.692373 0.941899
vt 0.690116 0.942627
vt 0.692103 0.943006
vt 0.937006 0.525055
vt 0.935926 0.524636
vt 0.685208 0.954078
vt 0.685194 0.955526
vt 0.685061 0.951784
vt 0.685088 0.949881
vt 0.686164 0.958957
vt 0.847733 0.258714
vt 0.084004 0.924017
vt 0.084496 0.924376
vt 0.083456 0.923743
vt 0.006513 0.958463
vt 0.928160 0.518653
vt 0.927660 0.518540
vt 0.927840 0.516649
vt 0.928665 0.519891
vt 0.928205 0.514451
vt 0.928721 0.511951
vt 0.929316 0.519366
vt 0.991804 0.762111
vt 0.991804 0.760105
vt 0.992052 0.761373
vt 0.941714 0.126473
vt 0.941813 0.128008
vt 0.077554 0.914654
vt 0.940840 0.125610
vt 0.940982 0.126686
vt 0.940315 0.126872
vt 0.940170 0.125816
vt 0.940433 0.128330
vt 0.939874 0.128457
vt 0.939755 0.127028
vt 0.927314 0.520113
vt 0.940867 0.124804
vt 0.939988 0.125083
vt 0.932721 0.522148
vt 0.930502 0.521586
vt 0.931262 0.521589
vt 0.932540 0.521350
vt 0.844890 0.270151
vt 0.934777 0.508755
vt 0.937006 0.501089
vt 0.847469 0.260934
vt 0.939755 0.137732
vt 0.940122 0.134910
vt 0.940221 0.140784
vt 0.939800 0.140782
vt 0.930083 0.506129
vt 0.931353 0.503183
vt 0.932733 0.500176
vt 0.940259 0.144003
vt 0.940294 0.147302
vt 0.939838 0.143998
vt 0.691782 0.939255
vt 0.692854 0.939444
vt 0.941886 0.129937
vt 0.941093 0.128180
vt 0.941941 0.132221
vt 0.941178 0.130061
vt 0.941978 0.135709
vt 0.940528 0.130168
vt 0.940055 0.132415
vt 0.939973 0.130258
vt 0.083411 0.939624
vt 0.693577 0.939496
vt 0.692019 0.938692
vt 0.693355 0.938999
vt 0.847719 0.249209
vt 0.942070 0.141599
vt 0.942133 0.147322
vt 0.631243 0.100910
vt 0.631238 0.112525
vt 0.630515 0.100909
vt 0.630509 0.112461
vt 0.631530 0.124504
vt 0.630493 0.123924
vt 0.913274 0.380274
vt 0.913631 0.368390
vt 0.914351 0.379945
vt 0.914388 0.368403
vt 0.913615 0.356893
vt 0.914373 0.356843
vt 0.911443 0.356909
vt 0.911458 0.368386
vt 0.909311 0.368390
vt 0.909274 0.379869
vt 0.909296 0.356893
vt 0.598409 0.048165
vt 0.592237 0.038461
vt 0.599034 0.047808
vt 0.592827 0.038051
vt 0.585243 0.029331
vt 0.585796 0.028871
vt 0.635257 0.112114
vt 0.636276 0.112461
vt 0.636260 0.123924
vt 0.586348 0.028405
vt 0.593820 0.037877
vt 0.635262 0.100482
vt 0.636281 0.100909
vt 0.635547 0.124050
vt 0.631195 0.135398
vt 0.294972 0.284913
vt 0.294787 0.285606
vt 0.283496 0.283107
vt 0.306062 0.288403
vt 0.305817 0.289077
vt 0.913362 0.402423
vt 0.913504 0.391242
vt 0.914119 0.402623
vt 0.914261 0.391380
vt 0.911332 0.391196
vt 0.911191 0.402357
vt 0.909184 0.391242
vt 0.909043 0.402423
vt 0.577480 0.020846
vt 0.569007 0.013069
vt 0.577990 0.020340
vt 0.569471 0.012520
vt 0.578500 0.019828
vt 0.635180 0.146147
vt 0.635520 0.135398
vt 0.636198 0.146236
vt 0.633360 0.135461
vt 0.631159 0.146483
vt 0.316806 0.292848
vt 0.316502 0.293498
vt 0.327121 0.298211
vt 0.326762 0.298831
vt 0.913170 0.413327
vt 0.326401 0.299459
vt 0.316197 0.294155
vt 0.305570 0.289758
vt 0.912929 0.423872
vt 0.909157 0.412858
vt 0.908918 0.423404
vt 0.560130 0.006463
vt 0.967324 0.435007
vt 0.966347 0.435752
vt 0.966347 0.424787
vt 0.082510 0.964243
vt 0.082510 0.952757
vt 0.083434 0.963853
vt 0.636151 0.156915
vt 0.969973 0.039446
vt 0.968998 0.040253
vt 0.968998 0.029648
vt 0.635134 0.156912
vt 0.636096 0.167167
vt 0.615988 0.906444
vt 0.610925 0.916931
vt 0.615313 0.905694
vt 0.631112 0.157220
vt 0.631056 0.167528
vt 0.635078 0.167253
vt 0.336930 0.304453
vt 0.336518 0.305040
vt 0.346158 0.311526
vt 0.345696 0.312075
vt 0.912640 0.433975
vt 0.345231 0.312631
vt 0.336103 0.305635
vt 0.910470 0.433851
vt 0.912307 0.443562
vt 0.908299 0.443104
vt 0.908321 0.433975
vt 0.614311 0.905730
vt 0.618695 0.894644
vt 0.619377 0.894868
vt 0.621504 0.883940
vt 0.622484 0.883730
vt 0.620065 0.895092
vt 0.623190 0.883893
vt 0.635316 0.177327
vt 0.633156 0.177465
vt 0.635243 0.186544
vt 0.630991 0.177327
vt 0.630918 0.186544
vt 0.633082 0.186699
vt 0.354733 0.319377
vt 0.354224 0.319883
vt 0.362592 0.327945
vt 0.362042 0.328405
vt 0.911601 0.452756
vt 0.361488 0.328872
vt 0.353883 0.320837
vt 0.235948 0.983858
vt 0.233773 0.983858
vt 0.235388 0.975738
vt 0.907611 0.452557
vt 0.841572 0.731058
vt 0.837554 0.730618
vt 0.839435 0.722363
vt 0.841598 0.722516
vt 0.623896 0.872261
vt 0.625016 0.860815
vt 0.624607 0.872363
vt 0.625733 0.860854
vt 0.625324 0.872464
vt 0.626456 0.860893
vt 0.635161 0.195107
vt 0.635071 0.202954
vt 0.633000 0.195278
vt 0.630836 0.195107
vt 0.632911 0.203139
vt 0.630746 0.202954
vt 0.369674 0.337166
vt 0.369085 0.337576
vt 0.375927 0.346968
vt 0.375304 0.347325
vt 0.837273 0.722516
vt 0.837297 0.713334
vt 0.374678 0.347689
vt 0.368493 0.337993
vt 0.841313 0.713580
vt 0.837318 0.703585
vt 0.839480 0.703466
vt 0.624958 0.849750
vt 0.841643 0.703585
vt 0.625850 0.849291
vt 0.624247 0.837848
vt 0.624960 0.837762
vt 0.626573 0.849267
vt 0.625679 0.837674
vt 0.634975 0.210022
vt 0.632814 0.210219
vt 0.793450 0.544820
vt 0.793316 0.552455
vt 0.791286 0.544627
vt 0.630650 0.210022
vt 0.788991 0.552446
vt 0.789125 0.544811
vt 0.791152 0.552276
vt 0.381299 0.357279
vt 0.380647 0.357580
vt 0.385755 0.368017
vt 0.385078 0.368260
vt 0.837336 0.693340
vt 0.384400 0.368511
vt 0.379993 0.357888
vt 0.839498 0.693241
vt 0.837351 0.682680
vt 0.839513 0.682600
vt 0.841661 0.693340
vt 0.841676 0.682680
vt 0.622365 0.826503
vt 0.619502 0.815364
vt 0.623067 0.826354
vt 0.620189 0.815154
vt 0.623775 0.826205
vt 0.621189 0.815298
vt 0.793190 0.560826
vt 0.791025 0.560663
vt 0.792768 0.569410
vt 0.788865 0.560818
vt 0.788748 0.569859
vt 0.389255 0.379104
vt 0.388560 0.379287
vt 0.391778 0.390454
vt 0.391069 0.390575
vt 0.837362 0.671683
vt 0.390358 0.390705
vt 0.387863 0.379478
vt 0.839524 0.671623
vt 0.837371 0.660435
vt 0.839532 0.660395
vt 0.841688 0.671683
vt 0.841696 0.660435
vt 0.615678 0.804517
vt 0.610925 0.794045
vt 0.616344 0.804249
vt 0.611564 0.793719
vt 0.617353 0.804306
vt 0.966347 0.400859
vt 0.967305 0.401788
vt 0.966347 0.411861
vt 0.708598 0.218727
vt 0.710688 0.206844
vt 0.709314 0.218832
vt 0.792660 0.579047
vt 0.788641 0.579505
vt 0.790704 0.589576
vt 0.788544 0.589679
vt 0.792869 0.589687
vt 0.393300 0.401980
vt 0.392583 0.402039
vt 0.393814 0.413595
vt 0.393094 0.413592
vt 0.837375 0.649021
vt 0.392372 0.413596
vt 0.391864 0.402106
vt 0.839537 0.649002
vt 0.837377 0.637527
vt 0.839539 0.637529
vt 0.841701 0.649021
vt 0.841702 0.637527
vt 0.842419 0.660555
vt 0.842424 0.649078
vt 0.708149 0.230337
vt 0.842425 0.637522
vt 0.707426 0.230294
vt 0.707988 0.241899
vt 0.707265 0.241919
vt 0.792784 0.600313
vt 0.792711 0.611309
vt 0.790619 0.600221
vt 0.788459 0.600305
vt 0.790546 0.611237
vt 0.788386 0.611301
vt 0.393312 0.425211
vt 0.392595 0.425144
vt 0.391801 0.436738
vt 0.391092 0.436610
vt 0.837375 0.626042
vt 0.390381 0.436489
vt 0.391875 0.425086
vt 0.839537 0.626065
vt 0.837369 0.614652
vt 0.841387 0.615107
vt 0.841700 0.626042
vt 0.842423 0.625973
vt 0.966166 0.673442
vt 0.965453 0.684484
vt 0.965453 0.673355
vt 0.708838 0.253432
vt 0.842418 0.614521
vt 0.708120 0.253514
vt 0.710688 0.264846
vt 0.792651 0.622593
vt 0.792295 0.633631
vt 0.793334 0.634161
vt 0.790485 0.622542
vt 0.788326 0.622585
vt 0.788279 0.634070
vt 0.389289 0.448090
vt 0.388593 0.447900
vt 0.385831 0.459649
vt 0.788530 0.657733
vt 0.787514 0.657247
vt 0.787534 0.645686
vt 0.837360 0.603445
vt 0.384444 0.458688
vt 0.387896 0.447718
vt 0.385122 0.458930
vt 0.841378 0.603910
vt 0.837348 0.592505
vt 0.841366 0.592972
vt 0.842409 0.603253
vt 0.793301 0.645697
vt 0.842397 0.592253
vt 0.792570 0.645677
vt 0.792550 0.657302
vt 0.793281 0.657259
vt 0.790404 0.645667
vt 0.788245 0.645669
vt 0.788219 0.668855
vt 0.381354 0.469923
vt 0.380701 0.469615
vt 0.375942 0.480706
vt 0.788533 0.680727
vt 0.787516 0.680096
vt 0.787508 0.668746
vt 0.837333 0.581916
vt 0.374363 0.479796
vt 0.380047 0.469315
vt 0.375368 0.479875
vt 0.837620 0.571486
vt 0.839495 0.582020
vt 0.841658 0.581916
vt 0.841639 0.571758
vt 0.935453 0.755265
vt 0.934830 0.754906
vt 0.941075 0.745174
vt 0.930108 0.765449
vt 0.793275 0.668758
vt 0.929456 0.765145
vt 0.792544 0.668863
vt 0.934207 0.754541
vt 0.928804 0.764835
vt 0.790378 0.668895
vt 0.792552 0.680274
vt 0.788555 0.691907
vt 0.787538 0.691208
vt 0.788285 0.702289
vt 0.362676 0.499275
vt 0.362124 0.498808
vt 0.369159 0.489630
vt 0.361150 0.498556
vt 0.368164 0.489465
vt 0.837599 0.561871
vt 0.841618 0.562110
vt 0.837574 0.552841
vt 0.925673 0.776060
vt 0.841593 0.553042
vt 0.924996 0.775814
vt 0.922177 0.787016
vt 0.921482 0.786830
vt 0.924320 0.775562
vt 0.792574 0.691447
vt 0.920786 0.786638
vt 0.792609 0.702298
vt 0.790444 0.702390
vt 0.354824 0.507850
vt 0.354316 0.507337
vt 0.346257 0.515709
vt 0.345794 0.515154
vt 0.345330 0.514605
vt 0.353804 0.506831
vt 0.671320 0.283277
vt 0.671401 0.291763
vt 0.667298 0.283107
vt 0.841260 0.545064
vt 0.837241 0.544627
vt 0.669236 0.291917
vt 0.667076 0.291763
vt 0.919915 0.797846
vt 0.918112 0.809633
vt 0.918942 0.798111
vt 0.917394 0.809571
vt 0.792346 0.712456
vt 0.793388 0.712400
vt 0.793450 0.722307
vt 0.916676 0.809503
vt 0.918121 0.797523
vt 0.788334 0.712734
vt 0.790555 0.722832
vt 0.788396 0.722695
vt 0.792720 0.722704
vt 0.337036 0.522791
vt 0.336623 0.522197
vt 0.327233 0.529043
vt 0.326874 0.528415
vt 0.671473 0.300895
vt 0.326046 0.527846
vt 0.336208 0.521610
vt 0.667452 0.300652
vt 0.671231 0.311066
vt 0.917765 0.820691
vt 0.667213 0.310601
vt 0.916853 0.821122
vt 0.918036 0.832613
vt 0.917318 0.832676
vt 0.916131 0.821117
vt 0.916599 0.832734
vt 0.792795 0.732103
vt 0.790630 0.732248
vt 0.890081 0.463274
vt 0.889718 0.453924
vt 0.892231 0.463425
vt 0.788470 0.732094
vt 0.894037 0.453924
vt 0.894400 0.463274
vt 0.891867 0.454058
vt 0.316955 0.534486
vt 0.316619 0.533759
vt 0.306184 0.538871
vt 0.305938 0.538190
vt 0.305690 0.537516
vt 0.316280 0.533040
vt 0.971871 0.919598
vt 0.970832 0.920417
vt 0.970832 0.910154
vt 0.671472 0.320841
vt 0.667387 0.320840
vt 0.671638 0.331437
vt 0.669474 0.331519
vt 0.667314 0.331437
vt 0.919576 0.844006
vt 0.918790 0.844146
vt 0.921951 0.855256
vt 0.921254 0.855443
vt 0.918003 0.844278
vt 0.920557 0.855625
vt 0.889515 0.444044
vt 0.893595 0.444044
vt 0.889127 0.433599
vt 0.891275 0.433696
vt 0.893446 0.433599
vt 0.295097 0.542371
vt 0.294911 0.541671
vt 0.893222 0.422778
vt 0.893049 0.411629
vt 0.893978 0.422544
vt 0.893806 0.411455
vt 0.671674 0.342409
vt 0.283496 0.543474
vt 0.294723 0.540979
vt 0.283623 0.544181
vt 0.669509 0.342471
vt 0.671700 0.353640
vt 0.669535 0.353681
vt 0.667349 0.342409
vt 0.667375 0.353640
vt 0.925374 0.866236
vt 0.929739 0.876876
vt 0.924696 0.866483
vt 0.929085 0.877181
vt 0.924018 0.866724
vt 0.928430 0.877481
vt 0.888903 0.422778
vt 0.888730 0.411629
vt 0.891051 0.422856
vt 0.890877 0.411687
vt 0.892608 0.399839
vt 0.893685 0.400121
vt 0.892859 0.388681
vt 0.893617 0.388631
vt 0.671716 0.365044
vt 0.671721 0.376534
vt 0.672449 0.376535
vt 0.672428 0.353515
vt 0.672444 0.364982
vt 0.669551 0.365065
vt 0.667701 0.376106
vt 0.667391 0.365044
vt 0.935017 0.887094
vt 0.941075 0.896353
vt 0.934391 0.887455
vt 0.666682 0.376535
vt 0.666677 0.364982
vt 0.933766 0.887811
vt 0.940571 0.897229
vt 0.888838 0.389121
vt 0.888609 0.400234
vt 0.887858 0.388631
vt 0.892844 0.377059
vt 0.893601 0.377072
vt 0.892881 0.365454
vt 0.893639 0.365530
vt 0.671715 0.388023
vt 0.671390 0.399812
vt 0.672428 0.399550
vt 0.672444 0.388087
vt 0.667696 0.387579
vt 0.667375 0.399424
vt 0.666677 0.388087
vt 0.887842 0.377072
vt 0.726380 0.218304
vt 0.725664 0.218202
vt 0.727834 0.206844
vt 0.888821 0.377484
vt 0.887880 0.365530
vt 0.888857 0.365859
vt 0.892972 0.353957
vt 0.893729 0.354095
vt 0.892805 0.342189
vt 0.893871 0.342852
vt 0.739241 0.185849
vt 0.746812 0.193918
vt 0.738690 0.186308
vt 0.672402 0.410837
vt 0.671363 0.411015
vt 0.672365 0.421862
vt 0.671637 0.421615
vt 0.669473 0.421532
vt 0.667349 0.410650
vt 0.667313 0.421615
vt 0.725217 0.229746
vt 0.725055 0.241245
vt 0.724495 0.229706
vt 0.887970 0.354095
vt 0.724332 0.241269
vt 0.888946 0.354341
vt 0.723613 0.241288
vt 0.723614 0.229222
vt 0.888112 0.342852
vt 0.888796 0.342653
vt 0.893309 0.331630
vt 0.731090 0.177522
vt 0.731685 0.177107
vt 0.724878 0.167694
vt 0.725506 0.167333
vt 0.671281 0.432544
vt 0.726129 0.166977
vt 0.732184 0.176239
vt 0.672319 0.432541
vt 0.672264 0.442793
vt 0.671536 0.442432
vt 0.667519 0.441966
vt 0.667267 0.432235
vt 0.725896 0.252715
vt 0.725178 0.252801
vt 0.727834 0.263610
vt 0.972562 0.509131
vt 0.971544 0.509963
vt 0.971544 0.499711
vt 0.724226 0.252478
vt 0.558225 0.958245
vt 0.559191 0.958385
vt 0.558225 0.968945
vt 0.889279 0.331962
vt 0.592068 0.803740
vt 0.597999 0.793719
vt 0.592668 0.804545
vt 0.893553 0.320970
vt 0.889522 0.321271
vt 0.719548 0.157361
vt 0.720205 0.157056
vt 0.715137 0.146604
vt 0.715818 0.146357
vt 0.671472 0.452125
vt 0.716493 0.146116
vt 0.720857 0.156756
vt 0.669307 0.451986
vt 0.671399 0.461242
vt 0.669234 0.461088
vt 0.667147 0.452125
vt 0.593678 0.804594
vt 0.588370 0.815269
vt 0.667074 0.461242
vt 0.587703 0.814988
vt 0.584354 0.826046
vt 0.583665 0.825824
vt 0.587042 0.814707
vt 0.582983 0.825602
vt 0.889526 0.310756
vt 0.891674 0.310632
vt 0.889863 0.301065
vt 0.893845 0.310756
vt 0.894182 0.301065
vt 0.892012 0.300923
vt 0.711682 0.135502
vt 0.712382 0.135315
vt 0.708944 0.123754
vt 0.709919 0.124017
vt 0.671318 0.469713
vt 0.710626 0.123897
vt 0.713076 0.135134
vt 0.671230 0.477475
vt 0.669154 0.469543
vt 0.669066 0.477291
vt 0.666993 0.469713
vt 0.666905 0.477475
vt 0.581295 0.837132
vt 0.579211 0.848443
vt 0.580589 0.836971
vt 0.578494 0.848343
vt 0.579890 0.836809
vt 0.577783 0.848244
vt 0.890244 0.291971
vt 0.255129 0.735219
vt 0.255156 0.726583
vt 0.257293 0.735387
vt 0.892394 0.291813
vt 0.894563 0.291971
vt 0.894686 0.283107
vt 0.259176 0.726375
vt 0.707731 0.112610
vt 0.708452 0.112547
vt 0.707265 0.100993
vt 0.707989 0.100993
vt 0.671135 0.484466
vt 0.708898 0.100572
vt 0.709168 0.112489
vt 0.668971 0.484269
vt 0.855536 0.729886
vt 0.855964 0.721900
vt 0.857697 0.729698
vt 0.666810 0.484466
vt 0.859861 0.729886
vt 0.578123 0.859892
vt 0.859979 0.722333
vt 0.577401 0.859855
vt 0.578036 0.871392
vt 0.577312 0.871418
vt 0.576684 0.859818
vt 0.576595 0.871444
vt 0.255180 0.717301
vt 0.257344 0.717438
vt 0.255202 0.707446
vt 0.259506 0.717301
vt 0.259527 0.707446
vt 0.257365 0.707564
vt 0.707816 0.089379
vt 0.708536 0.089442
vt 0.709374 0.077858
vt 0.710086 0.077983
vt 0.710793 0.078113
vt 0.709479 0.089101
vt 0.856072 0.713604
vt 0.855861 0.705108
vt 0.858021 0.704965
vt 0.860088 0.714052
vt 0.860186 0.705108
vt 0.578952 0.882856
vt 0.580863 0.894197
vt 0.578234 0.882945
vt 0.580155 0.894348
vt 0.577522 0.883034
vt 0.579453 0.894499
vt 0.255220 0.697089
vt 0.257383 0.697189
vt 0.255235 0.686312
vt 0.259545 0.697089
vt 0.259560 0.686312
vt 0.257398 0.686392
vt 0.711933 0.066517
vt 0.712631 0.066703
vt 0.715436 0.054975
vt 0.259274 0.663434
vt 0.260299 0.663705
vt 0.260290 0.675014
vt 0.855949 0.695566
vt 0.716821 0.055939
vt 0.713324 0.066895
vt 0.716148 0.055687
vt 0.858108 0.695441
vt 0.856024 0.685503
vt 0.858184 0.685396
vt 0.860273 0.695566
vt 0.860349 0.685503
vt 0.583757 0.905328
vt 0.587607 0.916165
vt 0.583064 0.905540
vt 0.586936 0.916436
vt 0.582378 0.905751
vt 0.586271 0.916707
vt 0.255247 0.675195
vt 0.255255 0.663824
vt 0.257410 0.675255
vt 0.259572 0.675195
vt 0.259278 0.651872
vt 0.260303 0.652228
vt 0.259586 0.640666
vt 0.725362 0.034422
vt 0.725988 0.034782
vt 0.720612 0.045020
vt 0.856088 0.674991
vt 0.726608 0.035148
vt 0.721262 0.045330
vt 0.858247 0.674903
vt 0.856139 0.664114
vt 0.860152 0.664470
vt 0.860412 0.674991
vt 0.592390 0.926624
vt 0.597999 0.936164
vt 0.591745 0.926952
vt 0.254532 0.663705
vt 0.254537 0.652228
vt 0.861193 0.664318
vt 0.861142 0.675255
vt 0.255260 0.652285
vt 0.254538 0.640672
vt 0.255569 0.641092
vt 0.731646 0.024640
vt 0.732238 0.025053
vt 0.738756 0.015441
vt 0.739310 0.015904
vt 0.856176 0.652952
vt 0.856506 0.641145
vt 0.855489 0.641672
vt 0.732824 0.025471
vt 0.860190 0.653335
vt 0.860525 0.641591
vt 0.861231 0.653095
vt 0.254536 0.629124
vt 0.568847 0.215045
vt 0.569310 0.215600
vt 0.560130 0.222632
vt 0.255259 0.629055
vt 0.560543 0.223219
vt 0.569773 0.216150
vt 0.257423 0.629032
vt 0.255254 0.617540
vt 0.259584 0.629055
vt 0.257417 0.617497
vt 0.259579 0.617540
vt 0.746812 0.006463
vt 0.259263 0.605746
vt 0.260288 0.606403
vt 0.260297 0.617671
vt 0.259557 0.595151
vt 0.551025 0.926444
vt 0.551677 0.926138
vt 0.556983 0.936412
vt 0.856513 0.618204
vt 0.856211 0.630118
vt 0.855497 0.618574
vt 0.855500 0.630136
vt 0.557611 0.936057
vt 0.563670 0.945320
vt 0.858370 0.630111
vt 0.860536 0.630118
vt 0.860533 0.618619
vt 0.861256 0.641672
vt 0.861267 0.630136
vt 0.577841 0.207794
vt 0.861264 0.618574
vt 0.578351 0.208301
vt 0.586213 0.199736
vt 0.585661 0.199276
vt 0.255245 0.606211
vt 0.255232 0.595151
vt 0.257396 0.595067
vt 0.546612 0.915688
vt 0.547288 0.915440
vt 0.543152 0.904588
vt 0.543847 0.904400
vt 0.544546 0.904220
vt 0.547969 0.915199
vt 0.855481 0.607075
vt 0.552327 0.925373
vt 0.856192 0.607182
vt 0.856162 0.595895
vt 0.860208 0.607635
vt 0.858321 0.595951
vt 0.860487 0.595895
vt 0.861247 0.607075
vt 0.592707 0.190107
vt 0.598305 0.179995
vt 0.598929 0.180359
vt 0.593297 0.190517
vt 0.255217 0.584446
vt 0.599503 0.181181
vt 0.257380 0.584343
vt 0.255507 0.574449
vt 0.259542 0.584446
vt 0.259523 0.574177
vt 0.540674 0.893229
vt 0.541383 0.893103
vt 0.538969 0.881288
vt 0.539910 0.881633
vt 0.856422 0.584496
vt 0.540631 0.881576
vt 0.542210 0.892529
vt 0.855407 0.584613
vt 0.855351 0.573821
vt 0.856062 0.574109
vt 0.858222 0.574206
vt 0.860443 0.584843
vt 0.603622 0.169798
vt 0.860387 0.574109
vt 0.604276 0.170106
vt 0.608033 0.159177
vt 0.608710 0.159427
vt 0.604929 0.170408
vt 0.609387 0.159671
vt 0.255176 0.564423
vt 0.257339 0.564284
vt 0.255151 0.555257
vt 0.259501 0.564423
vt 0.259169 0.554808
vt 0.538727 0.870080
vt 0.539446 0.870079
vt 0.539271 0.858466
vt 0.539988 0.858528
vt 0.855994 0.563778
vt 0.540707 0.858596
vt 0.540168 0.870085
vt 0.855913 0.553925
vt 0.858153 0.563893
vt 0.858073 0.554057
vt 0.860318 0.563778
vt 0.860238 0.553925
vt 0.611499 0.148210
vt 0.613998 0.136984
vt 0.612195 0.148401
vt 0.614708 0.137113
vt 0.612891 0.148585
vt 0.615418 0.137236
vt 0.255124 0.546750
vt 0.635163 0.006632
vt 0.635244 0.015212
vt 0.633002 0.006463
vt 0.259449 0.546750
vt 0.257287 0.546578
vt 0.630838 0.006632
vt 0.633084 0.015058
vt 0.630919 0.015212
vt 0.540828 0.846944
vt 0.541536 0.847068
vt 0.543382 0.835602
vt 0.544076 0.835787
vt 0.855821 0.544627
vt 0.544773 0.835979
vt 0.542247 0.847199
vt 0.857981 0.544777
vt 0.912091 0.283107
vt 0.912450 0.292356
vt 0.909922 0.283258
vt 0.910280 0.292490
vt 0.860146 0.544627
vt 0.907772 0.283107
vt 0.615507 0.125583
vt 0.908131 0.292356
vt 0.616225 0.125650
vt 0.616019 0.114094
vt 0.616740 0.114098
vt 0.616944 0.125710
vt 0.617461 0.114095
vt 0.635318 0.024444
vt 0.633157 0.024306
vt 0.635383 0.034255
vt 0.630993 0.024444
vt 0.631058 0.034255
vt 0.633223 0.034135
vt 0.546916 0.824525
vt 0.547590 0.824771
vt 0.551410 0.813332
vt 0.631471 0.055656
vt 0.630432 0.055565
vt 0.630386 0.044878
vt 0.912766 0.302166
vt 0.552704 0.814412
vt 0.548269 0.825023
vt 0.552050 0.814102
vt 0.908734 0.301883
vt 0.913035 0.312461
vt 0.909004 0.312148
vt 0.615373 0.103047
vt 0.613921 0.091653
vt 0.616244 0.102545
vt 0.614744 0.091079
vt 0.616962 0.102480
vt 0.615454 0.090951
vt 0.635439 0.044574
vt 0.633278 0.044472
vt 0.635485 0.055319
vt 0.631114 0.044574
vt 0.631196 0.066412
vt 0.556804 0.803504
vt 0.557425 0.803863
vt 0.563082 0.793719
vt 0.563670 0.794131
vt 0.913256 0.323165
vt 0.913427 0.334194
vt 0.914184 0.334020
vt 0.914011 0.322930
vt 0.558050 0.804229
vt 0.909227 0.322821
vt 0.911255 0.334252
vt 0.909108 0.334194
vt 0.611480 0.080433
vt 0.908253 0.322930
vt 0.612249 0.079788
vt 0.908030 0.312168
vt 0.608104 0.068999
vt 0.608782 0.068756
vt 0.612946 0.079599
vt 0.609459 0.068507
vt 0.635521 0.066412
vt 0.635547 0.077765
vt 0.633361 0.066350
vt 0.633387 0.077723
vt 0.631222 0.077765
vt 0.631548 0.089705
vt 0.630494 0.077889
vt 0.630509 0.089356
vt 0.913547 0.345465
vt 0.914304 0.345353
vt 0.911375 0.345503
vt 0.909228 0.345465
vt 0.603711 0.058371
vt 0.604364 0.058070
vt 0.635563 0.089294
vt 0.605018 0.057763
vt 0.392338 0.567989
vt 0.391858 0.580749
vt 0.294856 0.581737
vt 0.391466 0.594907
vt 0.294469 0.610369
vt 0.289487 0.595818
vt 0.294363 0.569203
vt 0.772473 0.700753
vt 0.772700 0.714586
vt 0.675262 0.699888
vt 0.674648 0.713543
vt 0.171827 0.571452
vt 0.194432 0.587108
vt 0.133546 0.565061
vt 0.201861 0.723384
vt 0.222645 0.700002
vt 0.210391 0.724358
vt 0.207651 0.612142
vt 0.224183 0.665829
vt 0.110348 0.761638
vt 0.172630 0.752020
vt 0.142640 0.767645
vt 0.088834 0.763205
vt 0.115417 0.769212
vt 0.040523 0.716995
vt 0.065800 0.746558
vt 0.036101 0.617765
vt 0.023494 0.674223
vt 0.031026 0.065866
vt 0.022182 0.080406
vt 0.029257 0.064013
vt 0.083657 0.023257
vt 0.055417 0.041758
vt 0.068847 0.031514
vt 0.131164 0.008992
vt 0.114677 0.010812
vt 0.131334 0.006463
vt 0.254729 0.197541
vt 0.261397 0.182352
vt 0.256834 0.198952
vt 0.010818 0.145165
vt 0.013132 0.111987
vt 0.013573 0.129153
vt 0.844831 0.468552
vt 0.843975 0.457500
vt 0.847062 0.457534
vt 0.258063 0.842517
vt 0.257054 0.859552
vt 0.254954 0.842555
vt 0.254811 0.893036
vt 0.257469 0.908706
vt 0.254725 0.908604
vt 0.256994 0.876473
vt 0.257908 0.893213
vt 0.544897 0.165734
vt 0.540133 0.182296
vt 0.541774 0.165081
vt 0.845193 0.346907
vt 0.844103 0.330119
vt 0.847214 0.330178
vt 0.845100 0.445074
vt 0.847393 0.415087
vt 0.845883 0.398693
vt 0.847445 0.398825
vt 0.845214 0.430860
vt 0.844319 0.414656
vt 0.503581 0.040156
vt 0.515680 0.052044
vt 0.501728 0.042209
vt 0.895052 0.068091
vt 0.896162 0.085021
vt 0.893085 0.085053
vt 0.844987 0.313784
vt 0.891264 0.006463
vt 0.893378 0.020229
vt 0.891792 0.020214
vt 0.846807 0.283463
vt 0.844862 0.298155
vt 0.843727 0.283107
vt 0.374452 0.012829
vt 0.390798 0.008297
vt 0.375296 0.015453
vt 0.268205 0.297481
vt 0.269168 0.311837
vt 0.266057 0.311830
vt 0.895172 0.102082
vt 0.892654 0.136143
vt 0.893855 0.152437
vt 0.892281 0.152078
vt 0.895026 0.119209
vt 0.895715 0.136581
vt 0.286222 0.110995
vt 0.290472 0.094574
vt 0.288909 0.111569
vt 0.268150 0.429477
vt 0.269172 0.444641
vt 0.266061 0.444715
vt 0.268142 0.327126
vt 0.265971 0.360958
vt 0.268101 0.343588
vt 0.269046 0.361427
vt 0.267512 0.378456
vt 0.265946 0.378214
vt 0.327122 0.236488
vt 0.315026 0.224599
vt 0.328954 0.234442
vt 0.257059 0.825480
vt 0.268205 0.458845
vt 0.254632 0.761809
vt 0.256279 0.776303
vt 0.254708 0.776260
vt 0.256634 0.748312
vt 0.257709 0.762198
vt 0.456251 0.263815
vt 0.439908 0.268347
vt 0.455387 0.261198
vt 0.015692 0.112979
vt 0.020044 0.097065
vt 0.532788 0.560959
vt 0.545936 0.562767
vt 0.570869 0.571826
vt 0.506214 0.562660
vt 0.480784 0.570947
vt 0.493242 0.566017
vt 0.519472 0.560950
vt 0.458310 0.585231
vt 0.427588 0.694440
vt 0.433946 0.616447
vt 0.424396 0.681556
vt 0.422970 0.668316
vt 0.423261 0.654955
vt 0.425221 0.641697
vt 0.428799 0.628784
vt 0.456752 0.738446
vt 0.439248 0.718265
vt 0.432599 0.706726
vt 0.516758 0.764572
vt 0.478679 0.753704
vt 0.530075 0.764581
vt 0.556306 0.759514
vt 0.543333 0.762871
vt 0.591235 0.740301
vt 0.620748 0.696747
vt 0.608933 0.720610
vt 0.625152 0.643976
vt 0.615600 0.709083
vt 0.621957 0.631094
vt 0.616948 0.618805
vt 0.624326 0.683834
vt 0.626285 0.670579
vt 0.626577 0.657215
vt 0.671924 0.873032
vt 0.772483 0.888277
vt 0.671632 0.888082
vt 0.772093 0.902664
vt 0.787632 0.833489
vt 0.885825 0.817239
vt 0.886202 0.833510
vt 0.888379 0.849895
vt 0.801033 0.309238
vt 0.700355 0.324457
vt 0.702460 0.309727
vt 0.702739 0.296114
vt 0.801031 0.434325
vt 0.702738 0.447414
vt 0.702458 0.433819
vt 0.700354 0.419104
vt 0.390631 0.829606
vt 0.289886 0.846107
vt 0.292081 0.830091
vt 0.289945 0.814694
vt 0.771667 0.763484
vt 0.671488 0.778510
vt 0.673192 0.764320
vt 0.673006 0.751370
vt 0.547051 0.148703
vt 0.544511 0.165656
vt 0.490136 0.029431
vt 0.358442 0.019110
vt 0.283657 0.128001
vt 0.340567 0.247213
vt 0.472261 0.257534
vt 0.210743 0.249719
vt 0.195699 0.258406
vt 0.194001 0.256468
vt 0.006463 0.146097
vt 0.006463 0.128725
vt 0.008990 0.128224
vt 0.040022 0.050536
vt 0.041747 0.052519
vt 0.147988 0.009270
vt 0.165816 0.009435
vt 0.164967 0.011921
vt 0.255545 0.082381
vt 0.264318 0.097825
vt 0.261740 0.098335
vt 0.246076 0.211971
vt 0.237019 0.227328
vt 0.235291 0.225350
vt 0.129048 0.268605
vt 0.111218 0.268439
vt 0.112068 0.265953
vt 0.021488 0.195573
vt 0.012716 0.180048
vt 0.015294 0.179540
vt 0.115067 0.012779
vt 0.099187 0.016850
vt 0.236057 0.055544
vt 0.224645 0.043874
vt 0.237521 0.054267
vt 0.259516 0.181708
vt 0.263930 0.165920
vt 0.161984 0.265107
vt 0.177797 0.261058
vt 0.162315 0.266994
vt 0.040994 0.222342
vt 0.052406 0.234012
vt 0.039515 0.223577
vt 0.641508 0.843458
vt 0.641645 0.859659
vt 0.639534 0.843523
vt 0.641512 0.827002
vt 0.131287 0.010869
vt 0.245822 0.068635
vt 0.253060 0.196710
vt 0.145764 0.267018
vt 0.031230 0.209251
vt 0.675329 0.725774
vt 0.772278 0.726833
vt 0.771935 0.737598
vt 0.391677 0.610021
vt 0.674549 0.736297
vt 0.675250 0.620285
vt 0.773079 0.620045
vt 0.773086 0.636815
vt 0.772492 0.685463
vt 0.675319 0.684988
vt 0.675340 0.636902
vt 0.426008 0.887955
vt 0.522730 0.887753
vt 0.523173 0.904369
vt 0.772874 0.572371
vt 0.772972 0.587516
vt 0.675140 0.588072
vt 0.675128 0.573076
vt 0.425581 0.904399
vt 0.779576 0.161299
vt 0.876515 0.162047
vt 0.876759 0.176086
vt 0.522946 0.870990
vt 0.425352 0.871343
vt 0.778939 0.175106
vt 0.779573 0.034220
vt 0.876511 0.033450
vt 0.876813 0.048403
vt 0.876816 0.146973
vt 0.778992 0.146275
vt 0.778993 0.049125
vt 0.294754 0.658839
vt 0.391668 0.658838
vt 0.391954 0.675569
vt 0.294161 0.675407
vt 0.876755 0.019563
vt 0.778931 0.020564
vt 0.079407 0.569988
vt 0.068257 0.581005
vt 0.067344 0.576625
vt 0.092199 0.564881
vt 0.119066 0.559715
vt 0.219036 0.619672
vt 0.228265 0.673137
vt 0.228549 0.659371
vt 0.223962 0.632406
vt 0.168712 0.759081
vt 0.180775 0.752443
vt 0.201837 0.734985
vt 0.064506 0.750478
vt 0.076285 0.757607
vt 0.019854 0.655932
vt 0.019570 0.669697
vt 0.029079 0.709386
vt 0.021829 0.642295
vt 0.061195 0.567269
vt 0.058120 0.562908
vt 0.073175 0.556834
vt 0.050982 0.578344
vt 0.047724 0.574671
vt 0.063326 0.570634
vt 0.076017 0.562824
vt 0.045552 0.572138
vt 0.279058 0.584832
vt 0.284860 0.582911
vt 0.283799 0.596781
vt 0.279205 0.573077
vt 0.284168 0.570744
vt 0.275178 0.628467
vt 0.278889 0.612879
vt 0.278876 0.627620
vt 0.283831 0.626780
vt 0.284690 0.611223
vt 0.088857 0.554205
vt 0.090066 0.558007
vt 0.103906 0.553348
vt 0.103124 0.548507
vt 0.087422 0.549069
vt 0.666415 0.857366
vt 0.674583 0.857256
vt 0.665078 0.914699
vt 0.671112 0.902371
vt 0.673256 0.915420
vt 0.894238 0.833691
vt 0.894569 0.849678
vt 0.894184 0.865461
vt 0.886067 0.865907
vt 0.694551 0.339722
vt 0.702714 0.339790
vt 0.694153 0.324697
vt 0.694415 0.310285
vt 0.694414 0.433259
vt 0.694152 0.418862
vt 0.694584 0.403813
vt 0.702713 0.403782
vt 0.284138 0.830330
vt 0.283764 0.815168
vt 0.284206 0.800847
vt 0.292316 0.800194
vt 0.284058 0.862025
vt 0.292200 0.862275
vt 0.283706 0.846152
vt 0.665982 0.793434
vt 0.674170 0.793418
vt 0.665260 0.778828
vt 0.665135 0.764942
vt 0.020166 0.078950
vt 0.097453 0.012771
vt 0.114255 0.008271
vt 0.070454 0.033923
vt 0.084495 0.025838
vt 0.148785 0.006841
vt 0.227321 0.040350
vt 0.239461 0.052502
vt 0.258104 0.081952
vt 0.268312 0.166455
vt 0.263809 0.183257
vt 0.263518 0.132254
vt 0.266181 0.149018
vt 0.263487 0.148705
vt 0.247782 0.213875
vt 0.179580 0.265103
vt 0.162778 0.269592
vt 0.208078 0.246437
vt 0.193334 0.254683
vt 0.221356 0.236144
vt 0.128250 0.271033
vt 0.049786 0.237584
vt 0.037498 0.225277
vt 0.080209 0.252926
vt 0.065696 0.244280
vt 0.096505 0.259619
vt 0.018985 0.196095
vt 0.013536 0.145625
vt 0.008722 0.111418
vt 0.013236 0.094622
vt 0.015718 0.095519
vt 0.017490 0.096218
vt 0.010732 0.128576
vt 0.847273 0.444759
vt 0.847000 0.468503
vt 0.818553 0.509568
vt 0.818279 0.496508
vt 0.819853 0.495699
vt 0.254909 0.859639
vt 0.254863 0.876748
vt 0.537234 0.181482
vt 0.847144 0.313607
vt 0.847372 0.347138
vt 0.843992 0.381866
vt 0.843695 0.364555
vt 0.845288 0.364157
vt 0.847315 0.430403
vt 0.513662 0.054341
vt 0.892983 0.102228
vt 0.892863 0.067847
vt 0.895696 0.035268
vt 0.896311 0.051319
vt 0.894772 0.051478
vt 0.846983 0.297806
vt 0.894350 0.006832
vt 0.391769 0.011184
vt 0.265981 0.327371
vt 0.266031 0.297404
vt 0.895272 0.167120
vt 0.894982 0.180916
vt 0.893414 0.181694
vt 0.892908 0.119520
vt 0.293449 0.095168
vt 0.266044 0.458791
vt 0.265975 0.429089
vt 0.269404 0.395538
vt 0.269681 0.412544
vt 0.268095 0.413130
vt 0.265999 0.344009
vt 0.317021 0.222309
vt 0.254880 0.825214
vt 0.258240 0.791886
vt 0.258563 0.808365
vt 0.256987 0.808579
vt 0.254532 0.748757
vt 0.438913 0.265467
vt 0.610298 0.607267
vt 0.602190 0.596642
vt 0.558688 0.566442
vt 0.592795 0.587086
vt 0.582295 0.578761
vt 0.469063 0.577377
vt 0.490859 0.759089
vt 0.503611 0.762764
vt 0.467252 0.746770
vt 0.032755 0.066785
vt 0.043224 0.053424
vt 0.244047 0.211440
vt 0.233925 0.224323
vt 0.287972 0.642560
vt 0.287295 0.658840
vt 0.283796 0.642686
vt 0.667853 0.725118
vt 0.668352 0.735571
vt 0.664144 0.734409
vt 0.668669 0.713132
vt 0.664462 0.712143
vt 0.661577 0.683772
vt 0.664525 0.668813
vt 0.668188 0.684739
vt 0.664588 0.698751
vt 0.668897 0.699670
vt 0.668338 0.604102
vt 0.669046 0.620181
vt 0.664831 0.620405
vt 0.668349 0.653134
vt 0.664837 0.636657
vt 0.669150 0.636539
vt 0.661691 0.652342
vt 0.668938 0.588523
vt 0.664728 0.588991
vt 0.661407 0.561904
vt 0.664129 0.548153
vt 0.668001 0.559736
vt 0.664632 0.574311
vt 0.668944 0.573722
vt 0.418598 0.887916
vt 0.419432 0.904085
vt 0.415319 0.903870
vt 0.419436 0.935130
vt 0.415602 0.919508
vt 0.419812 0.919838
vt 0.416236 0.948542
vt 0.412967 0.933457
vt 0.419207 0.871599
vt 0.415099 0.871633
vt 0.412346 0.840657
vt 0.415391 0.824724
vt 0.418744 0.839278
vt 0.415166 0.855530
vt 0.419373 0.855377
vt 0.772105 0.160853
vt 0.772744 0.174499
vt 0.768544 0.173657
vt 0.412996 0.811212
vt 0.419449 0.809673
vt 0.416474 0.797353
vt 0.420703 0.796229
vt 0.772795 0.146164
vt 0.768599 0.145542
vt 0.765532 0.114064
vt 0.768390 0.097645
vt 0.772105 0.114089
vt 0.768616 0.130047
vt 0.772914 0.130574
vt 0.772102 0.034679
vt 0.772796 0.049251
vt 0.768596 0.049894
vt 0.772145 0.081147
vt 0.768614 0.065306
vt 0.772911 0.064752
vt 0.765518 0.081295
vt 0.772736 0.021183
vt 0.768540 0.022042
vt 0.280985 0.733773
vt 0.283725 0.720917
vt 0.287519 0.735415
vt 0.284166 0.747014
vt 0.288449 0.748190
vt 0.287976 0.675125
vt 0.283796 0.674999
vt 0.280802 0.705375
vt 0.287388 0.706873
vt 0.283830 0.690912
vt 0.288107 0.691151
vt 0.772768 0.873192
vt 0.787629 0.849800
vt 0.787631 0.817233
vt 0.800943 0.295608
vt 0.801115 0.323825
vt 0.801111 0.419725
vt 0.800944 0.447915
vt 0.390671 0.814247
vt 0.390617 0.845495
vt 0.771113 0.750523
vt 0.772147 0.777539
vt 0.544267 0.148247
vt 0.488396 0.031632
vt 0.359470 0.021710
vt 0.286415 0.128403
vt 0.342286 0.245018
vt 0.471212 0.254940
vt 0.098668 0.015013
vt 0.225914 0.042463
vt 0.265764 0.166387
vt 0.208851 0.247953
vt 0.178367 0.262861
vt 0.051120 0.235411
vt 0.008940 0.145341
vt 0.011271 0.111487
vt 0.958302 0.217130
vt 0.960208 0.233481
vt 0.958302 0.233639
vt 0.639652 0.859943
vt 0.639498 0.827086
vt 0.247382 0.067528
vt 0.960188 0.204205
vt 0.958302 0.203983
vt 0.960188 0.187664
vt 0.145959 0.268925
vt 0.029666 0.210378
vt 0.060501 0.576782
vt 0.056222 0.584693
vt 0.046284 0.594093
vt 0.037727 0.604711
vt 0.096642 0.559713
vt 0.105490 0.561430
vt 0.162152 0.558157
vt 0.154883 0.560570
vt 0.148011 0.553919
vt 0.188146 0.572026
vt 0.179264 0.571675
vt 0.175681 0.564202
vt 0.183613 0.578590
vt 0.159287 0.565871
vt 0.146176 0.561957
vt 0.132702 0.559857
vt 0.201152 0.588545
vt 0.199849 0.580949
vt 0.210260 0.591493
vt 0.235218 0.644340
vt 0.229503 0.639246
vt 0.231818 0.629974
vt 0.236205 0.673786
vt 0.232076 0.665915
vt 0.236747 0.659078
vt 0.227118 0.645710
vt 0.228410 0.693305
vt 0.234328 0.688382
vt 0.230403 0.702671
vt 0.217329 0.712616
vt 0.197115 0.750709
vt 0.198677 0.743209
vt 0.207856 0.740581
vt 0.172108 0.766286
vt 0.176868 0.758771
vt 0.185115 0.759403
vt 0.191890 0.744374
vt 0.151315 0.769292
vt 0.158528 0.771959
vt 0.144191 0.775704
vt 0.085945 0.770896
vt 0.093231 0.768494
vt 0.100087 0.775134
vt 0.059952 0.757027
vt 0.068849 0.757389
vt 0.072416 0.764851
vt 0.101943 0.767112
vt 0.046961 0.740519
vt 0.048249 0.748104
vt 0.037837 0.737560
vt 0.035781 0.721276
vt 0.012879 0.684713
vt 0.018610 0.689818
vt 0.016279 0.699079
vt 0.011894 0.655268
vt 0.016037 0.663150
vt 0.011350 0.669974
vt 0.021001 0.683358
vt 0.024167 0.696670
vt 0.019703 0.635760
vt 0.013769 0.640671
vt 0.017695 0.626382
vt 0.030790 0.616452
vt 0.034046 0.583010
vt 0.022634 0.594265
vt 0.031585 0.580797
vt 0.276670 0.599321
vt 0.659799 0.620764
vt 0.662217 0.604758
vt 0.659568 0.667884
vt 0.410505 0.903243
vt 0.412670 0.887728
vt 0.659183 0.550414
vt 0.763547 0.171687
vt 0.766012 0.159441
vt 0.410643 0.826180
vt 0.763598 0.051188
vt 0.766009 0.036112
vt 0.763464 0.097671
vt 0.278842 0.674586
vt 0.281241 0.658832
vt 0.278840 0.719279
vt 0.665765 0.872652
vt 0.669639 0.841493
vt 0.668447 0.825076
vt 0.675276 0.825021
vt 0.892172 0.895730
vt 0.891000 0.909512
vt 0.885361 0.895979
vt 0.894120 0.921204
vt 0.896993 0.908204
vt 0.665118 0.901856
vt 0.891060 0.880987
vt 0.892169 0.771560
vt 0.891055 0.786178
vt 0.885358 0.771303
vt 0.894029 0.801471
vt 0.897044 0.786429
vt 0.891002 0.757926
vt 0.696607 0.371790
vt 0.697739 0.355398
vt 0.703425 0.371790
vt 0.691726 0.356021
vt 0.697735 0.388182
vt 0.286393 0.775242
vt 0.287680 0.764650
vt 0.293200 0.774860
vt 0.694404 0.459195
vt 0.697242 0.470243
vt 0.691234 0.469209
vt 0.287404 0.787240
vt 0.286170 0.894337
vt 0.287237 0.878172
vt 0.292976 0.894441
vt 0.281264 0.878429
vt 0.287404 0.910040
vt 0.669430 0.808788
vt 0.663365 0.809536
vt 0.264012 0.115259
vt 0.266401 0.132446
vt 0.206814 0.243843
vt 0.219828 0.234019
vt 0.081817 0.250531
vt 0.096834 0.256883
vt 0.820398 0.508992
vt 0.845861 0.381659
vt 0.843948 0.398619
vt 0.294157 0.642272
vt 0.391954 0.642109
vt 0.893866 0.035304
vt 0.895278 0.020464
vt 0.893425 0.167622
vt 0.895757 0.152138
vt 0.267540 0.395883
vt 0.269441 0.378378
vt 0.256383 0.791961
vt 0.258201 0.776504
vt 0.552670 0.561761
vt 0.546879 0.558320
vt 0.560237 0.562271
vt 0.532523 0.557492
vt 0.519165 0.556519
vt 0.514206 0.558744
vt 0.505330 0.558314
vt 0.472026 0.572485
vt 0.451250 0.588103
vt 0.445379 0.591398
vt 0.455480 0.581805
vt 0.478946 0.566913
vt 0.492235 0.562917
vt 0.437482 0.603416
vt 0.429963 0.614498
vt 0.429406 0.619905
vt 0.424600 0.627377
vt 0.420216 0.663304
vt 0.423354 0.689106
vt 0.423277 0.695837
vt 0.420019 0.682293
vt 0.418855 0.654525
vt 0.422036 0.641019
vt 0.429733 0.708687
vt 0.435574 0.720738
vt 0.439974 0.723924
vt 0.444047 0.731822
vt 0.447358 0.728890
vt 0.472965 0.753584
vt 0.496879 0.763767
vt 0.502674 0.767199
vt 0.489316 0.763248
vt 0.464686 0.750372
vt 0.454576 0.740864
vt 0.517027 0.768033
vt 0.530387 0.769000
vt 0.535342 0.766783
vt 0.544223 0.767205
vt 0.600795 0.731093
vt 0.580483 0.748154
vt 0.577523 0.753043
vt 0.568764 0.754583
vt 0.598299 0.737424
vt 0.604174 0.734121
vt 0.594073 0.743715
vt 0.570607 0.758607
vt 0.557314 0.762608
vt 0.612069 0.722109
vt 0.619590 0.711022
vt 0.620142 0.705623
vt 0.624952 0.698142
vt 0.629333 0.662223
vt 0.626194 0.636422
vt 0.626276 0.629681
vt 0.629534 0.643226
vt 0.630698 0.670994
vt 0.627514 0.684507
vt 0.045484 0.055220
vt 0.035178 0.068004
vt 0.164768 0.013632
vt 0.181571 0.018627
vt 0.148027 0.011224
vt 0.180222 0.021007
vt 0.164523 0.016500
vt 0.260168 0.099013
vt 0.253883 0.083311
vt 0.261518 0.116084
vt 0.257564 0.100240
vt 0.231570 0.222676
vt 0.241871 0.209878
vt 0.661742 0.723050
vt 0.668878 0.669262
vt 0.420450 0.962445
vt 0.420496 0.949415
vt 0.419641 0.824015
vt 0.772728 0.097632
vt 0.288042 0.721709
vt 0.294279 0.626018
vt 0.391539 0.626182
vt 0.294668 0.558184
vt 0.392038 0.557106
vt 0.675818 0.603890
vt 0.772764 0.603535
vt 0.772894 0.669953
vt 0.674800 0.669474
vt 0.772697 0.653472
vt 0.675435 0.653407
vt 0.523717 0.950316
vt 0.524588 0.963762
vt 0.427530 0.962922
vt 0.426369 0.949815
vt 0.675136 0.559144
vt 0.772387 0.558399
vt 0.523017 0.920019
vt 0.425955 0.920383
vt 0.523508 0.935829
vt 0.426466 0.935615
vt 0.523372 0.822614
vt 0.522845 0.838269
vt 0.425818 0.838885
vt 0.425509 0.823667
vt 0.522574 0.854847
vt 0.425507 0.854887
vt 0.876270 0.188194
vt 0.778985 0.187556
vt 0.523934 0.794271
vt 0.523523 0.808002
vt 0.426472 0.809296
vt 0.426833 0.795988
vt 0.876191 0.097614
vt 0.876482 0.114467
vt 0.779235 0.114096
vt 0.778643 0.097626
vt 0.876382 0.131353
vt 0.779095 0.130432
vt 0.876379 0.063941
vt 0.779095 0.064889
vt 0.876479 0.080786
vt 0.779223 0.081169
vt 0.392009 0.722927
vt 0.391863 0.736937
vt 0.294637 0.735864
vt 0.293948 0.722083
vt 0.391891 0.749922
vt 0.294619 0.748469
vt 0.778978 0.008300
vt 0.876266 0.007634
vt 0.391539 0.691505
vt 0.294281 0.691673
vt 0.391686 0.707750
vt 0.294455 0.707330
vt 0.034752 0.602650
vt 0.030726 0.599860
vt 0.040241 0.588472
vt 0.043830 0.591701
vt 0.078019 0.567052
vt 0.118551 0.551487
vt 0.118774 0.556306
vt 0.133390 0.551373
vt 0.132996 0.556251
vt 0.219195 0.603245
vt 0.215142 0.605843
vt 0.226712 0.616039
vt 0.222300 0.618133
vt 0.204066 0.596899
vt 0.212335 0.607801
vt 0.226288 0.686763
vt 0.224692 0.716284
vt 0.220425 0.714070
vt 0.217370 0.729192
vt 0.213360 0.726414
vt 0.155922 0.764181
vt 0.129546 0.777566
vt 0.129339 0.772759
vt 0.114706 0.777679
vt 0.115117 0.772813
vt 0.129053 0.769354
vt 0.053694 0.741952
vt 0.028903 0.725808
vt 0.032971 0.723221
vt 0.021384 0.713013
vt 0.025813 0.710931
vt 0.044053 0.732169
vt 0.023405 0.612768
vt 0.027689 0.614994
vt 0.025484 0.629064
vt 0.026766 0.597115
vt 0.036532 0.585244
vt 0.043402 0.569631
vt 0.278842 0.643106
vt 0.275290 0.658848
vt 0.275145 0.643529
vt 0.118400 0.546579
vt 0.133771 0.546578
vt 0.017029 0.715053
vt 0.011631 0.700661
vt 0.008071 0.685681
vt 0.006936 0.654850
vt 0.006463 0.670309
vt 0.656149 0.605940
vt 0.656022 0.621129
vt 0.659805 0.636588
vt 0.656028 0.636520
vt 0.656007 0.651898
vt 0.655809 0.666939
vt 0.659440 0.710067
vt 0.659562 0.697027
vt 0.016116 0.608885
vt 0.019081 0.610428
vt 0.009978 0.623477
vt 0.013112 0.624621
vt 0.655888 0.681526
vt 0.655792 0.695281
vt 0.009005 0.639522
vt 0.114297 0.782454
vt 0.099134 0.779933
vt 0.084381 0.775526
vt 0.057113 0.761094
vt 0.070264 0.769233
vt 0.406936 0.887412
vt 0.406948 0.902607
vt 0.410781 0.918469
vt 0.407216 0.917416
vt 0.407582 0.931614
vt 0.055199 0.763828
vt 0.068326 0.773615
vt 0.411465 0.946724
vt 0.659698 0.590161
vt 0.659606 0.575868
vt 0.655924 0.591343
vt 0.655834 0.577442
vt 0.044873 0.751638
vt 0.041389 0.754953
vt 0.034023 0.740631
vt 0.031465 0.742757
vt 0.024716 0.728366
vt 0.221302 0.731917
vt 0.211537 0.743789
vt 0.200345 0.754362
vt 0.174212 0.770761
vt 0.187836 0.763441
vt 0.225393 0.734738
vt 0.213998 0.746004
vt 0.202491 0.756876
vt 0.190664 0.767286
vt 0.768507 0.185847
vt 0.763510 0.183554
vt 0.175624 0.773770
vt 0.411629 0.799534
vt 0.410291 0.871839
vt 0.410356 0.856161
vt 0.406739 0.872042
vt 0.406803 0.856792
vt 0.406970 0.841886
vt 0.407095 0.827656
vt 0.129669 0.782454
vt 0.144945 0.780526
vt 0.159903 0.776633
vt 0.231039 0.613979
vt 0.236438 0.628372
vt 0.239998 0.643352
vt 0.241134 0.674184
vt 0.241606 0.658724
vt 0.759991 0.038653
vt 0.759855 0.052499
vt 0.763615 0.066195
vt 0.759872 0.067096
vt 0.759882 0.082260
vt 0.759737 0.097699
vt 0.763600 0.144297
vt 0.763617 0.129210
vt 0.759995 0.156989
vt 0.759858 0.143036
vt 0.759874 0.128361
vt 0.759883 0.113151
vt 0.228988 0.718604
vt 0.234957 0.704411
vt 0.239064 0.689511
vt 0.148935 0.549100
vt 0.163688 0.553506
vt 0.275144 0.674169
vt 0.190957 0.567939
vt 0.177805 0.559799
vt 0.278875 0.690079
vt 0.275177 0.689238
vt 0.275230 0.703830
vt 0.275155 0.717614
vt 0.768502 0.010030
vt 0.763543 0.024055
vt 0.763506 0.012360
vt 0.226146 0.598869
vt 0.235530 0.611821
vt 0.223354 0.600667
vt 0.216578 0.586257
vt 0.214047 0.588401
vt 0.203196 0.577394
vt 0.192845 0.565187
vt 0.206641 0.574052
vt 0.279203 0.744686
vt 0.663894 0.825172
vt 0.663566 0.840988
vt 0.662621 0.856862
vt 0.665619 0.887727
vt 0.662034 0.887073
vt 0.662434 0.872294
vt 0.896665 0.895133
vt 0.885958 0.921584
vt 0.661778 0.901046
vt 0.661634 0.925767
vt 0.661320 0.913873
vt 0.897050 0.880772
vt 0.898089 0.833530
vt 0.897933 0.849533
vt 0.897913 0.865283
vt 0.894047 0.817357
vt 0.885826 0.801240
vt 0.896661 0.772174
vt 0.897933 0.817542
vt 0.897912 0.801840
vt 0.896992 0.759255
vt 0.690542 0.310959
vt 0.690604 0.297545
vt 0.694507 0.296603
vt 0.893917 0.746513
vt 0.897802 0.747699
vt 0.690506 0.285398
vt 0.694406 0.284310
vt 0.702617 0.283737
vt 0.885714 0.745968
vt 0.692099 0.371789
vt 0.690770 0.325267
vt 0.690835 0.340376
vt 0.691723 0.387549
vt 0.690541 0.432583
vt 0.690769 0.418289
vt 0.690835 0.403191
vt 0.694507 0.446927
vt 0.702616 0.459769
vt 0.281911 0.776129
vt 0.281698 0.766216
vt 0.690603 0.445978
vt 0.690504 0.458104
vt 0.281431 0.787942
vt 0.280220 0.830815
vt 0.280414 0.815726
vt 0.280493 0.801483
vt 0.281690 0.894063
vt 0.280357 0.846409
vt 0.280379 0.862333
vt 0.281427 0.909078
vt 0.661209 0.765732
vt 0.660817 0.752967
vt 0.664763 0.751925
vt 0.284581 0.924209
vt 0.280710 0.923398
vt 0.284720 0.937807
vt 0.280847 0.936839
vt 0.292938 0.938245
vt 0.292777 0.924548
vt 0.661831 0.779498
vt 0.662215 0.794198
vt 0.547829 0.553855
vt 0.549419 0.546396
vt 0.564093 0.550964
vt 0.561589 0.558259
vt 0.578219 0.557224
vt 0.574796 0.564183
vt 0.603471 0.575185
vt 0.598260 0.580997
vt 0.587162 0.571760
vt 0.591484 0.565297
vt 0.658005 0.825470
vt 0.657459 0.810305
vt 0.657657 0.840836
vt 0.657567 0.856138
vt 0.656759 0.885350
vt 0.657365 0.871109
vt 0.902337 0.893125
vt 0.902679 0.905736
vt 0.655792 0.922568
vt 0.656304 0.911468
vt 0.656728 0.899010
vt 0.631741 0.611765
vt 0.637842 0.625870
vt 0.630608 0.628256
vt 0.624767 0.615043
vt 0.624015 0.598385
vt 0.617473 0.602541
vt 0.608625 0.591050
vt 0.614578 0.586053
vt 0.442006 0.588342
vt 0.436381 0.583234
vt 0.447672 0.572810
vt 0.452698 0.578627
vt 0.460155 0.563707
vt 0.464431 0.570152
vt 0.488358 0.550891
vt 0.490741 0.558294
vt 0.477181 0.563237
vt 0.473786 0.556258
vt 0.276058 0.893120
vt 0.275623 0.877909
vt 0.275784 0.907662
vt 0.275883 0.921607
vt 0.655916 0.767989
vt 0.655792 0.755447
vt 0.275992 0.934642
vt 0.657174 0.795447
vt 0.656776 0.781188
vt 0.534151 0.544627
vt 0.533463 0.552307
vt 0.518700 0.544627
vt 0.518989 0.552372
vt 0.504613 0.554297
vt 0.503298 0.546641
vt 0.418963 0.697230
vt 0.411766 0.699547
vt 0.408381 0.684556
vt 0.415894 0.683113
vt 0.406739 0.669193
vt 0.414420 0.668714
vt 0.409739 0.638361
vt 0.417304 0.640000
vt 0.414806 0.654215
vt 0.407104 0.653665
vt 0.414041 0.715367
vt 0.407908 0.700782
vt 0.417865 0.713655
vt 0.276271 0.779093
vt 0.275786 0.790673
vt 0.275673 0.803408
vt 0.275144 0.831961
vt 0.275573 0.817242
vt 0.275563 0.862465
vt 0.275517 0.847012
vt 0.427213 0.595572
vt 0.433481 0.600008
vt 0.419488 0.608953
vt 0.426301 0.612576
vt 0.420779 0.625989
vt 0.413530 0.623298
vt 0.501742 0.771631
vt 0.500189 0.779021
vt 0.485513 0.774457
vt 0.487980 0.767231
vt 0.471387 0.768197
vt 0.474773 0.761307
vt 0.446183 0.750183
vt 0.451346 0.744453
vt 0.462409 0.753724
vt 0.458120 0.760117
vt 0.686372 0.371784
vt 0.685985 0.356480
vt 0.685985 0.387086
vt 0.685930 0.402199
vt 0.685374 0.430573
vt 0.685843 0.416845
vt 0.422503 0.729063
vt 0.425591 0.727036
vt 0.685609 0.455493
vt 0.685681 0.443710
vt 0.424802 0.710446
vt 0.432096 0.722949
vt 0.440951 0.734437
vt 0.435035 0.739368
vt 0.607565 0.737145
vt 0.613227 0.742183
vt 0.601934 0.752611
vt 0.596871 0.746862
vt 0.589450 0.761714
vt 0.585138 0.755338
vt 0.561246 0.774534
vt 0.558825 0.767199
vt 0.572387 0.762253
vt 0.575820 0.769163
vt 0.902334 0.774239
vt 0.902729 0.788153
vt 0.902675 0.761774
vt 0.604758 0.755724
vt 0.591467 0.764821
vt 0.685375 0.312962
vt 0.685682 0.299808
vt 0.685611 0.288004
vt 0.685931 0.341361
vt 0.685844 0.326704
vt 0.515455 0.780794
vt 0.516106 0.773183
vt 0.530906 0.780794
vt 0.530580 0.773118
vt 0.544956 0.771193
vt 0.546308 0.778781
vt 0.641224 0.640864
vt 0.633676 0.642376
vt 0.642867 0.656228
vt 0.635149 0.656775
vt 0.639864 0.687064
vt 0.632263 0.685493
vt 0.634763 0.671275
vt 0.642502 0.671756
vt 0.902731 0.879107
vt 0.902768 0.864378
vt 0.903206 0.833563
vt 0.902812 0.849087
vt 0.902767 0.802804
vt 0.902811 0.818049
vt 0.622393 0.729849
vt 0.616088 0.725481
vt 0.630118 0.716468
vt 0.623269 0.712914
vt 0.628789 0.699501
vt 0.636076 0.702123
vt 0.115550 0.015377
vt 0.099600 0.019595
vt 0.057222 0.043867
vt 0.234056 0.057267
vt 0.222417 0.045552
vt 0.211373 0.033614
vt 0.209479 0.035618
vt 0.196879 0.025143
vt 0.195230 0.027348
vt 0.249738 0.066562
vt 0.257024 0.180835
vt 0.261358 0.164901
vt 0.161495 0.262512
vt 0.177460 0.258290
vt 0.192533 0.252060
vt 0.145713 0.271418
vt 0.042998 0.220621
vt 0.054638 0.232338
vt 0.067580 0.242284
vt 0.027384 0.211411
vt 0.015538 0.161812
vt 0.012843 0.162327
vt 0.818312 0.484970
vt 0.819847 0.484220
vt 0.843277 0.468175
vt 0.822025 0.484603
vt 0.822004 0.496276
vt 0.822025 0.509501
vt 0.822008 0.523739
vt 0.820433 0.523599
vt 0.818590 0.523865
vt 0.258599 0.859761
vt 0.258562 0.876646
vt 0.393427 0.642026
vt 0.393414 0.658836
vt 0.393463 0.625481
vt 0.514127 0.227099
vt 0.511893 0.225105
vt 0.522228 0.211790
vt 0.524405 0.213153
vt 0.530696 0.197151
vt 0.533036 0.198203
vt 0.393606 0.594238
vt 0.393522 0.609463
vt 0.843641 0.347288
vt 0.847432 0.364680
vt 0.847480 0.381960
vt 0.843541 0.444404
vt 0.843630 0.430177
vt 0.537590 0.098411
vt 0.538770 0.098098
vt 0.542825 0.114458
vt 0.541614 0.114976
vt 0.774194 0.715294
vt 0.774039 0.727758
vt 0.774324 0.701364
vt 0.541620 0.097170
vt 0.532407 0.082490
vt 0.534682 0.081293
vt 0.523962 0.067837
vt 0.526051 0.066343
vt 0.774513 0.670261
vt 0.774429 0.686256
vt 0.896555 0.067930
vt 0.892603 0.051068
vt 0.892220 0.035129
vt 0.843425 0.313756
vt 0.843277 0.298176
vt 0.774539 0.603249
vt 0.774577 0.619877
vt 0.774469 0.587190
vt 0.774370 0.571920
vt 0.442841 0.008391
vt 0.442218 0.011319
vt 0.425519 0.009025
vt 0.425627 0.006463
vt 0.408607 0.009011
vt 0.408365 0.006463
vt 0.771946 0.545544
vt 0.774101 0.544627
vt 0.774245 0.557658
vt 0.269751 0.297656
vt 0.268209 0.284512
vt 0.269795 0.284717
vt 0.266064 0.284343
vt 0.891800 0.167136
vt 0.891276 0.181087
vt 0.896685 0.102342
vt 0.896559 0.119437
vt 0.524423 0.887832
vt 0.524600 0.904519
vt 0.524371 0.870977
vt 0.524441 0.854226
vt 0.316581 0.049546
vt 0.318789 0.051546
vt 0.308454 0.064860
vt 0.306296 0.063492
vt 0.299986 0.079500
vt 0.297665 0.078441
vt 0.524922 0.822130
vt 0.524625 0.837852
vt 0.269696 0.428925
vt 0.265949 0.412530
vt 0.265917 0.395478
vt 0.269697 0.327669
vt 0.269679 0.344125
vt 0.878278 0.162648
vt 0.878245 0.176677
vt 0.878302 0.147422
vt 0.878320 0.131304
vt 0.289083 0.179474
vt 0.291913 0.178552
vt 0.298276 0.194160
vt 0.296019 0.195352
vt 0.306720 0.208813
vt 0.304650 0.210301
vt 0.878339 0.097603
vt 0.878331 0.114597
vt 0.393426 0.675649
vt 0.258595 0.825267
vt 0.254836 0.808138
vt 0.254755 0.791754
vt 0.268222 0.471646
vt 0.266121 0.471718
vt 0.269760 0.458655
vt 0.269801 0.471399
vt 0.878274 0.032833
vt 0.878300 0.047938
vt 0.258207 0.749077
vt 0.878241 0.018958
vt 0.878202 0.006463
vt 0.387857 0.268252
vt 0.388465 0.265332
vt 0.405163 0.267625
vt 0.405074 0.270182
vt 0.422075 0.267639
vt 0.422336 0.270182
vt 0.393604 0.723471
vt 0.393697 0.737668
vt 0.393812 0.750550
vt 0.024023 0.081115
vt 0.026665 0.081957
vt 0.131957 0.013576
vt 0.243812 0.070567
vt 0.250393 0.195938
vt 0.145096 0.264312
vt 0.033242 0.207321
vt 0.620927 0.616819
vt 0.613978 0.604782
vt 0.603864 0.593464
vt 0.617099 0.613278
vt 0.595018 0.584611
vt 0.572834 0.568963
vt 0.585290 0.576748
vt 0.448752 0.594438
vt 0.466710 0.573614
vt 0.440614 0.604921
vt 0.418541 0.668473
vt 0.476608 0.757619
vt 0.582843 0.751905
vt 0.631012 0.657046
vt 0.148287 0.013971
vt 0.251628 0.084895
vt 0.129016 0.266658
vt 0.128770 0.263910
vt 0.112424 0.264139
vt 0.112531 0.261394
vt 0.023167 0.194567
vt 0.025433 0.192992
vt 0.017053 0.178938
vt 0.019492 0.177652
vt 0.288108 0.626534
vt 0.288241 0.610859
vt 0.284295 0.559898
vt 0.288481 0.558676
vt 0.288451 0.569563
vt 0.288412 0.582119
vt 0.772804 0.186796
vt 0.772799 0.009059
vt 0.772989 0.824682
vt 0.773024 0.841176
vt 0.772946 0.857364
vt 0.787542 0.910180
vt 0.787579 0.896472
vt 0.787511 0.922430
vt 0.771617 0.915666
vt 0.787601 0.881544
vt 0.787624 0.865975
vt 0.787596 0.785601
vt 0.787576 0.770783
vt 0.787615 0.801069
vt 0.787541 0.757228
vt 0.787508 0.745173
vt 0.800828 0.283107
vt 0.801203 0.355335
vt 0.801215 0.371804
vt 0.801172 0.339352
vt 0.801200 0.388252
vt 0.801168 0.404232
vt 0.391121 0.763476
vt 0.390965 0.773931
vt 0.800828 0.460410
vt 0.800707 0.471294
vt 0.390843 0.786158
vt 0.390745 0.799618
vt 0.390673 0.878180
vt 0.390739 0.894480
vt 0.390626 0.861864
vt 0.390844 0.910182
vt 0.390970 0.924911
vt 0.391121 0.938719
vt 0.772807 0.808349
vt 0.772537 0.792667
vt 0.544637 0.131273
vt 0.543581 0.131391
vt 0.545373 0.114088
vt 0.393699 0.580060
vt 0.393814 0.567200
vt 0.547205 0.131265
vt 0.774583 0.636782
vt 0.459374 0.013602
vt 0.458414 0.015986
vt 0.774560 0.653674
vt 0.475165 0.020604
vt 0.473882 0.022825
vt 0.524895 0.920786
vt 0.329352 0.037836
vt 0.330930 0.039853
vt 0.525297 0.936382
vt 0.343311 0.027661
vt 0.344586 0.029877
vt 0.525801 0.951053
vt 0.878207 0.189356
vt 0.285328 0.162556
vt 0.287857 0.162192
vt 0.525311 0.807326
vt 0.525801 0.793719
vt 0.283496 0.145379
vt 0.286046 0.145377
vt 0.878318 0.063970
vt 0.371327 0.263043
vt 0.372269 0.260664
vt 0.878330 0.080626
vt 0.355536 0.256041
vt 0.356801 0.253825
vt 0.393462 0.692201
vt 0.501350 0.238809
vt 0.499753 0.236797
vt 0.393521 0.708230
vt 0.487390 0.248984
vt 0.486097 0.246774
vt 0.054199 0.040338
vt 0.052592 0.038459
vt 0.066250 0.028176
vt 0.068159 0.029933
vt 0.081334 0.019468
vt 0.083034 0.021406
vt 0.181748 0.016590
vt 0.182410 0.014245
vt 0.198344 0.020994
vt 0.197759 0.023516
vt 0.213389 0.029679
vt 0.212561 0.032120
vt 0.266087 0.115202
vt 0.268449 0.114602
vt 0.270571 0.131776
vt 0.268095 0.132531
vt 0.270571 0.149148
vt 0.268044 0.149651
vt 0.222856 0.237548
vt 0.224556 0.239294
vt 0.095287 0.261284
vt 0.094624 0.263629
vt 0.078689 0.256880
vt 0.079275 0.254358
vt 0.063645 0.248194
vt 0.064474 0.245754
vt 0.010948 0.162673
vt 0.008585 0.163272
vt 0.641755 0.875835
vt 0.639889 0.876207
vt 0.639646 0.810229
vt 0.641660 0.810382
vt 0.639914 0.793719
vt 0.641743 0.793961
vt 0.051379 0.964631
vt 0.051379 0.949840
vt 0.051657 0.951020
vt 0.051438 0.963279
vt 0.958516 0.151919
vt 0.958862 0.153187
vt 0.958516 0.166740
s 1
f 2/1/1 4/2/2 3/3/3 1/4/4
f 4/2/2 6/5/5 5/6/6 3/3/3
f 6/5/5 8/7/7 7/8/8 5/6/6
f 8/7/7 10/9/9 9/10/10 7/8/8
f 10/9/9 12/11/11 11/12/12 9/10/10
f 12/11/11 14/13/13 13/14/14 11/12/12
f 14/13/13 16/15/15 15/16/16 13/14/14
f 16/15/15 18/17/17 17/18/18 15/16/16
f 18/17/17 20/19/19 19/20/20 17/18/18
f 20/19/19 22/21/21 21/22/22 19/20/20
f 22/21/21 24/23/23 23/24/24 21/22/22
f 24/23/23 26/25/25 25/26/26 23/24/24
f 26/25/25 28/27/27 27/28/28 25/26/26
f 28/27/27 30/29/29 29/30/30 27/28/28
f 30/29/29 32/31/31 31/32/32 29/30/30
f 32/31/31 2/1/1 1/4/4 31/32/32
f 33/33/33 34/34/34 4/2/2 2/1/1
f 34/34/34 35/35/35 6/5/5 4/2/2
f 35/35/35 36/36/36 8/7/7 6/5/5
f 36/37/36 37/38/37 10/39/9 8/40/7
f 37/38/37 38/41/38 12/42/11 10/39/9
f 38/43/38 39/44/39 14/13/13 12/11/11
f 39/44/39 40/45/40 16/15/15 14/13/13
f 40/45/40 41/46/41 18/17/17 16/15/15
f 41/46/41 42/47/42 20/19/19 18/17/17
f 42/47/42 43/48/43 22/21/21 20/19/19
f 43/48/43 44/49/44 24/23/23 22/21/21
f 44/49/44 45/50/45 26/25/25 24/23/23
f 45/50/45 46/51/46 28/27/27 26/25/25
f 46/51/46 47/52/47 30/29/29 28/27/27
f 47/52/47 48/53/48 32/31/31 30/29/29
f 48/53/48 33/33/33 2/1/1 32/31/31
f 49/54/49 56/55/50 34/56/34 33/57/33
f 56/55/50 58/58/51 35/59/35 34/56/34
f 58/60/51 61/61/52 36/37/36 35/62/35
f 61/61/52 62/63/53 37/38/37 36/37/36
f 62/63/53 50/64/54 38/41/38 37/38/37
f 50/64/54 51/65/55 39/66/39 38/41/38
f 51/65/55 52/67/56 40/68/40 39/66/39
f 52/69/56 68/70/57 41/71/41 40/72/40
f 68/70/57 53/73/58 42/74/42 41/71/41
f 53/75/58 54/76/59 43/48/43 42/47/42
f 54/76/59 71/77/60 44/49/44 43/48/43
f 71/77/60 73/78/61 45/50/45 44/49/44
f 73/78/61 75/79/62 46/51/46 45/50/45
f 75/79/62 77/80/63 47/52/47 46/51/46
f 77/80/63 80/81/64 48/53/48 47/52/47
f 80/82/64 49/54/49 33/57/33 48/83/48
f 56/55/50 49/54/49 57/84/65 55/85/66
f 58/58/51 56/55/50 55/85/66 59/86/67
f 61/61/52 58/60/51 59/87/67 60/88/68
f 62/63/53 61/61/52 60/88/68 63/89/69
f 50/64/54 62/63/53 63/89/69 64/90/70
f 51/65/55 50/64/54 64/90/70 65/91/71
f 52/69/56 51/92/55 65/93/71 66/94/72
f 68/70/57 52/69/56 66/94/72 67/95/73
f 53/73/58 68/70/57 67/95/73 69/96/74
f 54/97/59 53/73/58 69/96/74 70/98/75
f 71/99/60 54/100/59 70/101/75 72/102/76
f 73/103/61 71/99/60 72/102/76 76/104/77
f 75/105/62 73/103/61 76/104/77 74/106/78
f 77/107/63 75/105/62 74/106/78 78/108/79
f 49/54/49 80/82/64 79/109/80 57/84/65
f 80/82/64 77/110/63 78/111/79 79/109/80
f 82/112/81 84/113/82 83/114/83 81/115/84
f 85/116/85 86/117/86 84/113/82 82/112/81
f 87/118/87 88/119/88 86/117/86 85/116/85
f 89/120/89 90/121/90 88/119/88 87/118/87
f 91/122/91 92/123/92 90/121/90 89/120/89
f 93/124/93 94/125/94 92/123/92 91/122/91
f 95/126/95 96/127/96 94/125/94 93/124/93
f 97/128/97 98/129/98 96/127/96 95/126/95
f 99/130/99 100/131/100 98/129/98 97/128/97
f 101/132/101 102/133/102 100/131/100 99/130/99
f 103/134/103 104/135/104 102/133/102 101/132/101
f 105/136/105 106/137/106 104/135/104 103/134/103
f 107/138/107 108/139/108 106/137/106 105/136/105
f 109/140/109 110/141/110 108/139/108 107/138/107
f 111/142/111 112/143/112 110/141/110 109/140/109
f 81/115/84 83/114/83 112/143/112 111/142/111
f 84/113/82 114/144/113 113/145/114 83/114/83
f 86/117/86 115/146/115 114/144/113 84/113/82
f 88/119/88 116/147/116 115/146/115 86/117/86
f 90/121/90 117/148/117 116/147/116 88/119/88
f 92/123/92 118/149/118 117/148/117 90/121/90
f 94/125/94 119/150/119 118/149/118 92/123/92
f 96/127/96 120/151/120 119/150/119 94/125/94
f 98/129/98 121/152/121 120/151/120 96/127/96
f 100/131/100 122/153/122 121/152/121 98/129/98
f 102/133/102 123/154/123 122/153/122 100/131/100
f 104/135/104 124/155/124 123/154/123 102/133/102
f 106/137/106 125/156/125 124/155/124 104/135/104
f 108/139/108 126/157/126 125/156/125 106/137/106
f 110/141/110 127/158/127 126/157/126 108/139/108
f 112/143/112 128/159/128 127/158/127 110/141/110
f 83/114/83 113/145/114 128/159/128 112/143/112
f 114/160/113 129/161/129 137/162/130 113/163/114
f 115/146/115 130/164/131 129/165/129 114/144/113
f 116/147/116 138/166/132 130/164/131 115/146/115
f 117/148/117 139/167/133 138/166/132 116/147/116
f 118/149/118 131/168/134 139/167/133 117/148/117
f 119/150/119 140/169/135 131/168/134 118/149/118
f 120/151/120 141/170/136 140/169/135 119/150/119
f 121/171/121 132/172/137 141/173/136 120/174/120
f 122/175/122 142/176/138 132/172/137 121/171/121
f 123/177/123 133/178/139 142/176/138 122/175/122
f 124/179/124 143/180/140 133/181/139 123/182/123
f 125/183/125 144/184/141 143/180/140 124/179/124
f 126/185/126 134/186/142 144/184/141 125/183/125
f 127/187/127 135/188/143 134/186/142 126/185/126
f 128/189/128 136/190/144 135/188/143 127/187/127
f 113/163/114 137/162/130 136/191/144 128/192/128
f 57/84/65 137/162/130 129/161/129 55/85/66
f 79/109/80 136/191/144 137/162/130 57/84/65
f 55/85/66 129/161/129 130/193/131 59/86/67
f 59/87/67 130/194/131 138/195/132 60/88/68
f 60/88/68 138/195/132 139/196/133 63/89/69
f 63/89/69 139/196/133 131/197/134 64/90/70
f 64/90/70 131/197/134 140/198/135 65/91/71
f 65/93/71 140/199/135 141/173/136 66/94/72
f 66/94/72 141/173/136 132/172/137 67/95/73
f 67/95/73 132/172/137 142/176/138 69/96/74
f 69/96/74 142/176/138 133/178/139 70/98/75
f 70/101/75 133/181/139 143/180/140 72/102/76
f 72/102/76 143/180/140 144/184/141 76/104/77
f 76/104/77 144/184/141 134/186/142 74/106/78
f 74/106/78 134/186/142 135/188/143 78/108/79
f 78/111/79 135/200/143 136/191/144 79/109/80
f 7/8/8 9/10/10 145/201/145 5/6/6
f 146/202/145 145/201/145 9/10/10 11/12/12
f 146/202/145 11/12/12 13/14/14 147/203/145
f 15/16/16 17/18/18 147/203/145 13/14/14
f 5/6/6 145/201/145 148/204/145 3/3/3
f 1/4/4 3/3/3 148/204/145 151/205/145
f 149/206/145 148/204/145 145/201/145 146/202/145
f 149/206/145 146/202/145 147/203/145 150/207/146
f 17/18/18 19/20/20 150/207/146 147/203/145
f 21/22/22 153/208/145 150/207/146 19/20/20
f 31/32/32 1/4/4 151/205/145 29/30/30
f 151/205/145 148/204/145 149/206/145 152/209/145
f 29/30/30 151/205/145 152/209/145 27/28/28
f 25/26/26 27/28/28 152/209/145 153/208/145
f 153/208/145 152/209/145 149/206/145 150/207/146
f 153/208/145 21/22/22 23/24/24 25/26/26
f 154/210/147 89/120/89 87/118/87 85/116/85
f 89/120/89 154/210/147 155/211/147 91/122/91
f 93/124/93 91/122/91 155/211/147 156/212/147
f 156/212/147 97/128/97 95/126/95 93/124/93
f 157/213/147 154/210/147 85/116/85 82/112/81
f 157/213/147 82/112/81 81/115/84 160/214/147
f 154/210/147 157/213/147 158/215/147 155/211/147
f 156/212/147 155/211/147 158/215/147 159/216/147
f 159/216/147 99/130/99 97/128/97 156/212/147
f 159/216/147 162/217/147 101/132/101 99/130/99
f 160/214/147 81/115/84 111/142/111 109/140/109
f 158/215/147 157/213/147 160/214/147 161/218/147
f 161/218/147 160/214/147 109/140/109 107/138/107
f 161/218/147 107/138/107 105/136/105 162/217/147
f 158/215/147 161/218/147 162/217/147 159/216/147
f 103/134/103 101/132/101 162/217/147 105/136/105
f 164/219/148 166/220/149 165/221/150 163/222/151
f 167/223/152 168/224/153 166/220/149 164/219/148
f 169/225/154 170/226/155 168/224/153 167/223/152
f 171/227/156 172/228/157 170/226/155 169/225/154
f 173/229/158 174/230/159 172/228/157 171/227/156
f 175/231/160 176/232/161 174/230/159 173/229/158
f 177/233/162 178/234/163 176/232/161 175/231/160
f 179/235/164 180/236/165 178/234/163 177/233/162
f 181/237/166 182/238/167 180/236/165 179/235/164
f 183/239/168 184/240/169 182/238/167 181/237/166
f 185/241/170 186/242/171 184/240/169 183/239/168
f 187/243/172 188/244/173 186/242/171 185/241/170
f 189/245/174 190/246/175 188/244/173 187/243/172
f 191/247/176 192/248/177 190/246/175 189/245/174
f 193/249/178 194/250/179 192/248/177 191/247/176
f 163/222/151 165/221/150 194/250/179 193/249/178
f 166/220/149 196/251/180 195/252/181 165/221/150
f 168/224/153 197/253/182 196/251/180 166/220/149
f 170/226/155 198/254/183 197/253/182 168/224/153
f 172/228/157 199/255/184 198/254/183 170/226/155
f 174/230/159 200/256/185 199/255/184 172/228/157
f 176/232/161 201/257/186 200/256/185 174/230/159
f 178/234/163 202/258/187 201/257/186 176/232/161
f 180/236/165 203/259/188 202/258/187 178/234/163
f 182/238/167 204/260/189 203/259/188 180/236/165
f 184/240/169 205/261/190 204/260/189 182/238/167
f 186/242/171 206/262/191 205/261/190 184/240/169
f 188/244/173 207/263/192 206/262/191 186/242/171
f 190/246/175 208/264/193 207/263/192 188/244/173
f 192/248/177 209/265/194 208/264/193 190/246/175
f 194/250/179 210/266/195 209/265/194 192/248/177
f 165/221/150 195/252/181 210/266/195 194/250/179
f 196/267/180 218/268/196 219/269/197 195/270/181
f 197/271/182 220/272/198 218/268/196 196/267/180
f 198/273/183 223/274/199 220/275/198 197/276/182
f 199/277/184 224/278/200 223/274/199 198/273/183
f 200/279/185 211/280/201 224/278/200 199/277/184
f 201/281/186 228/282/202 211/280/201 200/279/185
f 202/258/187 229/283/203 228/284/202 201/257/186
f 203/285/188 232/286/204 229/287/203 202/288/187
f 204/289/189 212/290/205 232/286/204 203/285/188
f 205/261/190 234/291/206 212/292/205 204/260/189
f 206/262/191 213/293/207 234/291/206 205/261/190
f 207/263/192 237/294/208 213/293/207 206/262/191
f 208/264/193 214/295/209 237/294/208 207/263/192
f 209/265/194 215/296/210 214/295/209 208/264/193
f 210/266/195 242/297/211 215/296/210 209/265/194
f 195/270/181 219/269/197 242/298/211 210/299/195
f 217/300/212 219/269/197 218/268/196 216/301/213
f 216/301/213 218/268/196 220/272/198 221/302/214
f 221/303/214 220/275/198 223/274/199 222/304/215
f 222/304/215 223/274/199 224/278/200 225/305/216
f 225/305/216 224/278/200 211/280/201 226/306/217
f 226/306/217 211/280/201 228/282/202 227/307/218
f 227/308/218 228/309/202 229/287/203 230/310/219
f 230/310/219 229/287/203 232/286/204 231/311/220
f 231/311/220 232/286/204 212/290/205 233/312/221
f 233/312/221 212/290/205 234/313/206 235/314/222
f 235/315/222 234/316/206 213/317/207 236/318/223
f 236/318/223 213/317/207 237/319/208 238/320/224
f 238/320/224 237/319/208 214/321/209 239/322/225
f 239/322/225 214/321/209 215/323/210 240/324/226
f 241/325/227 242/298/211 219/269/197 217/300/212
f 240/326/226 215/327/210 242/298/211 241/325/227
f 244/328/228 246/329/229 245/330/230 243/331/231
f 246/329/229 248/332/232 247/333/233 245/330/230
f 248/332/232 250/334/234 249/335/235 247/333/233
f 250/334/234 252/336/236 251/337/237 249/335/235
f 252/336/236 254/338/238 253/339/239 251/337/237
f 254/338/238 256/340/240 255/341/241 253/339/239
f 256/340/240 258/342/242 257/343/243 255/341/241
f 258/342/242 260/344/244 259/345/245 257/343/243
f 260/344/244 262/346/246 261/347/247 259/345/245
f 262/346/246 264/348/248 263/349/249 261/347/247
f 264/348/248 266/350/250 265/351/251 263/349/249
f 266/350/250 268/352/252 267/353/253 265/351/251
f 268/352/252 270/354/254 269/355/255 267/353/253
f 270/354/254 272/356/256 271/357/257 269/355/255
f 272/356/256 274/358/258 273/359/259 271/357/257
f 274/358/258 244/328/228 243/331/231 273/359/259
f 275/360/260 276/361/261 246/329/229 244/328/228
f 276/361/261 277/362/262 248/332/232 246/329/229
f 277/362/262 278/363/263 250/334/234 248/332/232
f 278/363/263 279/364/264 252/336/236 250/334/234
f 279/364/264 280/365/265 254/338/238 252/336/236
f 280/365/265 281/366/266 256/340/240 254/338/238
f 281/366/266 282/367/267 258/342/242 256/340/240
f 282/367/267 283/368/268 260/344/244 258/342/242
f 283/368/268 284/369/269 262/346/246 260/344/244
f 284/369/269 285/370/270 264/348/248 262/346/246
f 285/370/270 286/371/271 266/350/250 264/348/248
f 286/371/271 287/372/272 268/352/252 266/350/250
f 287/372/272 288/373/273 270/354/254 268/352/252
f 288/373/273 289/374/274 272/356/256 270/354/254
f 289/374/274 290/375/275 274/358/258 272/356/256
f 290/375/275 275/360/260 244/328/228 274/358/258
f 300/376/276 291/377/277 276/378/261 275/379/260
f 291/380/277 292/381/278 277/362/262 276/361/261
f 292/381/278 293/382/279 278/363/263 277/362/262
f 293/382/279 294/383/280 279/364/264 278/363/263
f 294/383/280 295/384/281 280/365/265 279/364/264
f 295/384/281 301/385/282 281/366/266 280/365/265
f 301/385/282 296/386/283 282/367/267 281/366/266
f 296/387/283 297/388/284 283/389/268 282/390/267
f 297/388/284 302/391/285 284/392/269 283/389/268
f 302/391/285 303/393/286 285/394/270 284/392/269
f 303/395/286 304/396/287 286/397/271 285/398/270
f 304/396/287 305/399/288 287/400/272 286/397/271
f 305/399/288 298/401/289 288/402/273 287/400/272
f 298/401/289 306/403/290 289/404/274 288/402/273
f 306/403/290 299/405/291 290/406/275 289/404/274
f 299/407/291 300/376/276 275/379/260 290/408/275
f 291/377/277 300/376/276 217/300/212 216/301/213
f 300/376/276 299/407/291 241/325/227 217/300/212
f 292/409/278 291/377/277 216/301/213 221/302/214
f 293/410/279 292/411/278 221/303/214 222/304/215
f 294/412/280 293/410/279 222/304/215 225/305/216
f 295/413/281 294/412/280 225/305/216 226/306/217
f 301/414/282 295/413/281 226/306/217 227/307/218
f 296/387/283 301/415/282 227/308/218 230/310/219
f 297/388/284 296/387/283 230/310/219 231/311/220
f 302/391/285 297/388/284 231/311/220 233/312/221
f 303/393/286 302/391/285 233/312/221 235/314/222
f 304/396/287 303/395/286 235/315/222 236/318/223
f 305/399/288 304/396/287 236/318/223 238/320/224
f 298/401/289 305/399/288 238/320/224 239/322/225
f 306/403/290 298/401/289 239/322/225 240/324/226
f 299/407/291 306/416/290 240/326/226 241/325/227
f 169/225/154 167/223/152 307/417/292 171/227/156
f 308/418/292 173/229/158 171/227/156 307/417/292
f 308/418/292 309/419/292 175/231/160 173/229/158
f 177/233/162 175/231/160 309/419/292 179/235/164
f 167/223/152 164/219/148 310/420/292 307/417/292
f 163/222/151 313/421/292 310/420/292 164/219/148
f 311/422/292 308/418/292 307/417/292 310/420/292
f 311/422/292 312/423/292 309/419/292 308/418/292
f 183/239/168 181/237/166 312/423/292 315/424/292
f 179/235/164 309/419/292 312/423/292 181/237/166
f 193/249/178 191/247/176 313/421/292 163/222/151
f 313/421/292 314/425/292 311/422/292 310/420/292
f 191/247/176 189/245/174 314/425/292 313/421/292
f 187/243/172 315/424/292 314/425/292 189/245/174
f 315/424/292 312/423/292 311/422/292 314/425/292
f 315/424/292 187/243/172 185/241/170 183/239/168
f 316/426/293 247/333/233 249/335/235 251/337/237
f 251/337/237 253/339/239 317/427/293 316/426/293
f 255/341/241 318/428/293 317/427/293 253/339/239
f 318/428/293 255/341/241 257/343/243 259/345/245
f 319/429/293 245/330/230 247/333/233 316/426/293
f 319/429/293 322/430/293 243/331/231 245/330/230
f 316/426/293 317/427/293 320/431/293 319/429/293
f 318/428/293 321/432/293 320/431/293 317/427/293
f 321/432/293 318/428/293 259/345/245 261/347/247
f 321/432/293 261/347/247 263/349/249 324/433/293
f 322/430/293 271/357/257 273/359/259 243/331/231
f 320/431/293 323/434/293 322/430/293 319/429/293
f 323/434/293 269/355/255 271/357/257 322/430/293
f 323/434/293 324/433/293 267/353/253 269/355/255
f 320/431/293 321/432/293 324/433/293 323/434/293
f 265/351/251 267/353/253 324/433/293 263/349/249
f 326/435/294 328/436/149 327/437/150 325/438/295
f 329/439/296 330/440/153 328/436/149 326/435/294
f 331/441/297 332/442/155 330/440/153 329/439/296
f 333/443/298 334/444/157 332/442/155 331/441/297
f 335/445/299 336/446/159 334/444/157 333/443/298
f 337/447/300 338/448/161 336/446/159 335/445/299
f 339/449/301 340/450/163 338/448/161 337/447/300
f 341/451/302 342/452/165 340/450/163 339/449/301
f 343/453/303 344/454/304 342/452/165 341/451/302
f 345/455/305 346/456/169 344/454/304 343/453/303
f 347/457/306 348/458/171 346/456/169 345/455/305
f 349/459/307 350/460/173 348/458/171 347/457/306
f 351/461/308 352/462/175 350/460/173 349/459/307
f 353/463/309 354/464/177 352/462/175 351/461/308
f 355/465/310 356/466/179 354/464/177 353/463/309
f 325/438/295 327/437/150 356/466/179 355/465/310
f 328/436/149 358/467/311 357/468/181 327/437/150
f 330/440/153 359/469/182 358/467/311 328/436/149
f 332/442/155 360/470/183 359/469/182 330/440/153
f 334/444/157 361/471/184 360/470/183 332/442/155
f 336/446/159 362/472/185 361/471/184 334/444/157
f 338/448/161 363/473/312 362/472/185 336/446/159
f 340/450/163 364/474/187 363/473/312 338/448/161
f 342/452/165 365/475/188 364/474/187 340/450/163
f 344/454/304 366/476/189 365/475/188 342/452/165
f 346/456/169 367/477/190 366/476/189 344/454/304
f 348/458/171 368/478/313 367/477/190 346/456/169
f 350/460/173 369/479/192 368/478/313 348/458/171
f 352/462/175 370/480/193 369/479/192 350/460/173
f 354/464/177 371/481/194 370/480/193 352/462/175
f 356/466/179 372/482/314 371/481/194 354/464/177
f 327/437/150 357/468/181 372/482/314 356/466/179
f 358/483/311 373/484/315 384/485/316 357/486/181
f 359/487/182 374/488/198 373/484/315 358/483/311
f 360/489/183 375/490/317 374/491/198 359/492/182
f 361/493/184 387/494/318 375/490/317 360/489/183
f 362/495/185 376/496/319 387/494/318 361/493/184
f 363/497/312 391/498/202 376/496/319 362/495/185
f 364/474/187 377/499/203 391/500/202 363/473/312
f 365/501/188 378/502/204 377/503/203 364/504/187
f 366/505/189 379/506/320 378/502/204 365/501/188
f 367/477/190 395/507/321 379/508/320 366/476/189
f 368/478/313 380/509/322 395/507/321 367/477/190
f 369/479/192 381/510/323 380/509/322 368/478/313
f 370/480/193 400/511/324 381/510/323 369/479/192
f 371/481/194 401/512/325 400/511/324 370/480/193
f 372/482/314 404/513/326 401/512/325 371/481/194
f 357/486/181 384/485/316 404/514/326 372/515/314
f 383/516/327 384/485/316 373/484/315 382/517/328
f 382/517/328 373/484/315 374/488/198 385/518/214
f 385/519/214 374/491/198 375/490/317 386/520/329
f 386/520/329 375/490/317 387/494/318 388/521/330
f 388/521/330 387/494/318 376/496/319 389/522/217
f 389/522/217 376/496/319 391/498/202 390/523/218
f 390/524/218 391/525/202 377/503/203 392/526/219
f 392/526/219 377/503/203 378/502/204 393/527/220
f 393/527/220 378/502/204 379/506/320 394/528/221
f 394/528/221 379/506/320 395/529/321 396/530/222
f 396/531/222 395/532/321 380/533/322 397/534/331
f 397/534/331 380/533/322 381/535/323 398/536/332
f 398/536/332 381/535/323 400/537/324 399/538/333
f 399/538/333 400/537/324 401/539/325 402/540/226
f 403/541/334 404/514/326 384/485/316 383/516/327
f 402/542/226 401/543/325 404/514/326 403/541/334
f 406/544/228 408/545/229 407/546/335 405/547/336
f 408/545/229 410/548/232 409/549/337 407/546/335
f 410/548/232 412/550/234 411/551/338 409/549/337
f 412/550/234 414/552/236 413/553/339 411/551/338
f 414/552/236 416/554/238 415/555/340 413/553/339
f 416/554/238 418/556/240 417/557/341 415/555/340
f 418/556/240 420/558/242 419/559/342 417/557/341
f 420/558/242 422/560/244 421/561/343 419/559/342
f 422/560/244 424/562/246 423/563/344 421/561/343
f 424/562/246 426/564/248 425/565/345 423/563/344
f 426/564/248 428/566/250 427/567/346 425/565/345
f 428/566/250 430/568/252 429/569/347 427/567/346
f 430/568/252 432/570/254 431/571/348 429/569/347
f 432/570/254 434/572/256 433/573/349 431/571/348
f 434/572/256 436/574/258 435/575/350 433/573/349
f 436/574/258 406/544/228 405/547/336 435/575/350
f 437/576/260 438/577/261 408/545/229 406/544/228
f 438/577/261 439/578/262 410/548/232 408/545/229
f 439/578/262 440/579/263 412/550/234 410/548/232
f 440/579/263 441/580/351 414/552/236 412/550/234
f 441/580/351 442/581/265 416/554/238 414/552/236
f 442/581/265 443/582/266 418/556/240 416/554/238
f 443/582/266 444/583/267 420/558/242 418/556/240
f 444/583/267 445/584/352 422/560/244 420/558/242
f 445/584/352 446/585/269 424/562/246 422/560/244
f 446/585/269 447/586/270 426/564/248 424/562/246
f 447/586/270 448/587/271 428/566/250 426/564/248
f 448/587/271 449/588/353 430/568/252 428/566/250
f 449/588/353 450/589/273 432/570/254 430/568/252
f 450/589/273 451/590/274 434/572/256 432/570/254
f 451/590/274 452/591/354 436/574/258 434/572/256
f 452/591/354 437/576/260 406/544/228 436/574/258
f 460/592/355 459/593/356 438/594/261 437/595/260
f 459/596/356 453/597/278 439/578/262 438/577/261
f 453/597/278 454/598/357 440/579/263 439/578/262
f 454/598/357 461/599/358 441/580/351 440/579/263
f 461/599/358 462/600/359 442/581/265 441/580/351
f 462/600/359 455/601/360 443/582/266 442/581/265
f 455/601/360 456/602/361 444/583/267 443/582/266
f 456/603/361 463/604/284 445/605/352 444/606/267
f 463/604/284 464/607/285 446/608/269 445/605/352
f 464/607/285 465/609/362 447/610/270 446/608/269
f 465/611/362 457/612/363 448/613/271 447/614/270
f 457/612/363 458/615/364 449/616/353 448/613/271
f 458/615/364 466/617/365 450/618/273 449/616/353
f 466/617/365 467/619/366 451/620/274 450/618/273
f 467/619/366 468/621/367 452/622/354 451/620/274
f 468/623/367 460/592/355 437/595/260 452/624/354
f 459/593/356 460/592/355 383/516/327 382/517/328
f 460/592/355 468/623/367 403/541/334 383/516/327
f 453/625/278 459/593/356 382/517/328 385/518/214
f 454/626/357 453/627/278 385/519/214 386/520/329
f 461/628/358 454/626/357 386/520/329 388/521/330
f 462/629/359 461/628/358 388/521/330 389/522/217
f 455/630/360 462/629/359 389/522/217 390/523/218
f 456/603/361 455/631/360 390/524/218 392/526/219
f 463/604/284 456/603/361 392/526/219 393/527/220
f 464/607/285 463/604/284 393/527/220 394/528/221
f 465/609/362 464/607/285 394/528/221 396/530/222
f 457/612/363 465/611/362 396/531/222 397/534/331
f 458/615/364 457/612/363 397/534/331 398/536/332
f 466/617/365 458/615/364 398/536/332 399/538/333
f 467/619/366 466/617/365 399/538/333 402/540/226
f 468/623/367 467/632/366 402/542/226 403/541/334
f 331/441/297 329/439/296 469/633/292 333/443/298
f 470/634/292 335/445/299 333/443/298 469/633/292
f 470/634/292 471/635/292 337/447/300 335/445/299
f 339/449/301 337/447/300 471/635/292 341/451/302
f 329/439/296 326/435/294 472/636/292 469/633/292
f 325/438/295 475/637/292 472/636/292 326/435/294
f 473/638/292 470/634/292 469/633/292 472/636/292
f 473/638/292 474/639/292 471/635/292 470/634/292
f 345/455/305 343/453/303 474/639/292 477/640/292
f 341/451/302 471/635/292 474/639/292 343/453/303
f 355/465/310 353/463/309 475/637/292 325/438/295
f 475/637/292 476/641/292 473/638/292 472/636/292
f 353/463/309 351/461/308 476/641/292 475/637/292
f 349/459/307 477/640/292 476/641/292 351/461/308
f 477/640/292 474/639/292 473/638/292 476/641/292
f 477/640/292 349/459/307 347/457/306 345/455/305
f 478/642/293 409/549/337 411/551/338 413/553/339
f 413/553/339 415/555/340 479/643/293 478/642/293
f 417/557/341 480/644/293 479/643/293 415/555/340
f 480/644/293 417/557/341 419/559/342 421/561/343
f 481/645/293 407/546/335 409/549/337 478/642/293
f 481/645/293 484/646/293 405/547/336 407/546/335
f 478/642/293 479/643/293 482/647/293 481/645/293
f 480/644/293 483/648/293 482/647/293 479/643/293
f 483/648/293 480/644/293 421/561/343 423/563/344
f 483/648/293 423/563/344 425/565/345 486/649/293
f 484/646/293 433/573/349 435/575/350 405/547/336
f 482/647/293 485/650/293 484/646/293 481/645/293
f 485/650/293 431/571/348 433/573/349 484/646/293
f 485/650/293 486/649/293 429/569/347 431/571/348
f 482/647/293 483/648/293 486/649/293 485/650/293
f 427/567/346 429/569/347 486/649/293 425/565/345
f 488/651/1 490/652/368 489/653/3 487/654/369
f 490/652/368 492/655/5 491/656/6 489/653/3
f 492/655/5 494/657/7 493/658/8 491/656/6
f 494/657/7 496/659/9 495/660/370 493/658/8
f 496/659/9 498/661/11 497/662/12 495/660/370
f 498/661/11 500/663/13 499/664/14 497/662/12
f 500/663/13 502/665/15 501/666/16 499/664/14
f 502/665/15 504/667/17 503/668/18 501/666/16
f 504/667/17 506/669/371 505/670/20 503/668/18
f 506/669/371 508/671/21 507/672/372 505/670/20
f 508/671/21 510/673/23 509/674/24 507/672/372
f 510/673/23 512/675/25 511/676/26 509/674/24
f 512/675/25 514/677/27 513/678/28 511/676/26
f 514/677/27 516/679/29 515/680/30 513/678/28
f 516/679/29 518/681/31 517/682/32 515/680/30
f 518/681/31 488/651/1 487/654/369 517/682/32
f 519/683/33 520/684/34 490/652/368 488/651/1
f 520/684/34 521/685/373 492/655/5 490/652/368
f 521/685/373 522/686/36 494/657/7 492/655/5
f 522/687/36 523/688/37 496/689/9 494/690/7
f 523/688/37 524/691/38 498/692/11 496/689/9
f 524/693/38 525/694/39 500/663/13 498/661/11
f 525/694/39 526/695/40 502/665/15 500/663/13
f 526/695/40 527/696/41 504/667/17 502/665/15
f 527/696/41 528/697/42 506/669/371 504/667/17
f 528/697/42 529/698/43 508/671/21 506/669/371
f 529/698/43 530/699/44 510/673/23 508/671/21
f 530/699/44 531/700/374 512/675/25 510/673/23
f 531/700/374 532/701/375 514/677/27 512/675/25
f 532/701/375 533/702/376 516/679/29 514/677/27
f 533/702/376 534/703/377 518/681/31 516/679/29
f 534/703/377 519/683/33 488/651/1 518/681/31
f 546/704/378 544/705/379 520/706/34 519/707/33
f 544/705/379 547/708/380 521/709/373 520/706/34
f 547/710/380 535/711/381 522/687/36 521/712/373
f 535/711/381 550/713/53 523/688/37 522/687/36
f 550/713/53 552/714/382 524/691/38 523/688/37
f 552/714/382 536/715/55 525/716/39 524/691/38
f 536/715/55 537/717/383 526/718/40 525/716/39
f 537/719/383 557/720/57 527/721/41 526/722/40
f 557/720/57 538/723/384 528/724/42 527/721/41
f 538/725/384 539/726/385 529/698/43 528/697/42
f 539/726/385 560/727/60 530/699/44 529/698/43
f 560/727/60 540/728/386 531/700/374 530/699/44
f 540/728/386 541/729/387 532/701/375 531/700/374
f 541/729/387 542/730/388 533/702/376 532/701/375
f 542/730/388 566/731/389 534/703/377 533/702/376
f 566/732/389 546/704/378 519/707/33 534/733/377
f 544/705/379 546/704/378 545/734/390 543/735/391
f 547/708/380 544/705/379 543/735/391 548/736/392
f 535/711/381 547/710/380 548/737/392 549/738/393
f 550/713/53 535/711/381 549/738/393 551/739/69
f 552/714/382 550/713/53 551/739/69 553/740/70
f 536/715/55 552/714/382 553/740/70 554/741/71
f 537/719/383 536/742/55 554/743/71 555/744/72
f 557/720/57 537/719/383 555/744/72 556/745/73
f 538/723/384 557/720/57 556/745/73 558/746/74
f 539/747/385 538/723/384 558/746/74 559/748/75
f 560/749/60 539/750/385 559/751/75 561/752/76
f 540/753/386 560/749/60 561/752/76 562/754/394
f 541/755/387 540/753/386 562/754/394 563/756/395
f 542/757/388 541/755/387 563/756/395 564/758/79
f 546/704/378 566/732/389 565/759/396 545/734/390
f 566/732/389 542/760/388 564/761/79 565/759/396
f 568/762/397 570/763/398 569/764/83 567/765/399
f 571/766/400 572/767/86 570/763/398 568/762/397
f 573/768/401 574/769/88 572/767/86 571/766/400
f 575/770/402 576/771/90 574/769/88 573/768/401
f 577/772/403 578/773/92 576/771/90 575/770/402
f 579/774/404 580/775/94 578/773/92 577/772/403
f 581/776/405 582/777/96 580/775/94 579/774/404
f 583/778/406 584/779/98 582/777/96 581/776/405
f 585/780/407 586/781/100 584/779/98 583/778/406
f 587/782/408 588/783/102 586/781/100 585/780/407
f 589/784/409 590/785/104 588/783/102 587/782/408
f 591/786/410 592/787/106 590/785/104 589/784/409
f 593/788/411 594/789/108 592/787/106 591/786/410
f 595/790/412 596/791/110 594/789/108 593/788/411
f 597/792/413 598/793/112 596/791/110 595/790/412
f 567/765/399 569/764/83 598/793/112 597/792/413
f 570/763/398 600/794/113 599/795/414 569/764/83
f 572/767/86 601/796/115 600/794/113 570/763/398
f 574/769/88 602/797/116 601/796/115 572/767/86
f 576/771/90 603/798/117 602/797/116 574/769/88
f 578/773/92 604/799/118 603/798/117 576/771/90
f 580/775/94 605/800/119 604/799/118 578/773/92
f 582/777/96 606/801/120 605/800/119 580/775/94
f 584/779/98 607/802/121 606/801/120 582/777/96
f 586/781/100 608/803/415 607/802/121 584/779/98
f 588/783/102 609/804/416 608/803/415 586/781/100
f 590/785/104 610/805/124 609/804/416 588/783/102
f 592/787/106 611/806/125 610/805/124 590/785/104
f 594/789/108 612/807/126 611/806/125 592/787/106
f 596/791/110 613/808/417 612/807/126 594/789/108
f 598/793/112 614/809/418 613/808/417 596/791/110
f 569/764/83 599/795/414 614/809/418 598/793/112
f 600/810/113 622/811/419 615/812/420 599/813/414
f 601/796/115 616/814/421 622/815/419 600/794/113
f 602/797/116 623/816/422 616/814/421 601/796/115
f 603/798/117 617/817/133 623/816/422 602/797/116
f 604/799/118 624/818/134 617/817/133 603/798/117
f 605/800/119 625/819/135 624/818/134 604/799/118
f 606/801/120 618/820/136 625/819/135 605/800/119
f 607/821/121 619/822/137 618/823/136 606/824/120
f 608/825/415 626/826/138 619/822/137 607/821/121
f 609/827/416 627/828/139 626/826/138 608/825/415
f 610/829/124 628/830/140 627/831/139 609/832/416
f 611/833/125 629/834/423 628/830/140 610/829/124
f 612/835/126 620/836/424 629/834/423 611/833/125
f 613/837/417 630/838/143 620/836/424 612/835/126
f 614/839/418 621/840/425 630/838/143 613/837/417
f 599/813/414 615/812/420 621/841/425 614/842/418
f 545/734/390 615/812/420 622/811/419 543/735/391
f 565/759/396 621/841/425 615/812/420 545/734/390
f 543/735/391 622/811/419 616/843/421 548/736/392
f 548/737/392 616/844/421 623/845/422 549/738/393
f 549/738/393 623/845/422 617/846/133 551/739/69
f 551/739/69 617/846/133 624/847/134 553/740/70
f 553/740/70 624/847/134 625/848/135 554/741/71
f 554/743/71 625/849/135 618/823/136 555/744/72
f 555/744/72 618/823/136 619/822/137 556/745/73
f 556/745/73 619/822/137 626/826/138 558/746/74
f 558/746/74 626/826/138 627/828/139 559/748/75
f 559/751/75 627/831/139 628/830/140 561/752/76
f 561/752/76 628/830/140 629/834/423 562/754/394
f 562/754/394 629/834/423 620/836/424 563/756/395
f 563/756/395 620/836/424 630/838/143 564/758/79
f 564/761/79 630/850/143 621/841/425 565/759/396
f 493/658/8 495/660/370 631/851/145 491/656/6
f 632/852/145 631/851/145 495/660/370 497/662/12
f 632/852/145 497/662/12 499/664/14 633/853/145
f 501/666/16 503/668/18 633/853/145 499/664/14
f 491/656/6 631/851/145 634/854/145 489/653/3
f 487/654/369 489/653/3 634/854/145 637/855/145
f 635/856/145 634/854/145 631/851/145 632/852/145
f 635/856/145 632/852/145 633/853/145 636/857/145
f 503/668/18 505/670/20 636/857/145 633/853/145
f 507/672/372 639/858/145 636/857/145 505/670/20
f 517/682/32 487/654/369 637/855/145 515/680/30
f 637/855/145 634/854/145 635/856/145 638/859/145
f 515/680/30 637/855/145 638/859/145 513/678/28
f 511/676/26 513/678/28 638/859/145 639/858/145
f 639/858/145 638/859/145 635/856/145 636/857/145
f 639/858/145 507/672/372 509/674/24 511/676/26
f 640/860/147 575/770/402 573/768/401 571/766/400
f 575/770/402 640/860/147 641/861/147 577/772/403
f 579/774/404 577/772/403 641/861/147 642/862/147
f 642/862/147 583/778/406 581/776/405 579/774/404
f 643/863/147 640/860/147 571/766/400 568/762/397
f 643/863/147 568/762/397 567/765/399 646/864/147
f 640/860/147 643/863/147 644/865/147 641/861/147
f 642/862/147 641/861/147 644/865/147 645/866/147
f 645/866/147 585/780/407 583/778/406 642/862/147
f 645/866/147 648/867/147 587/782/408 585/780/407
f 646/864/147 567/765/399 597/792/413 595/790/412
f 644/865/147 643/863/147 646/864/147 647/868/147
f 647/868/147 646/864/147 595/790/412 593/788/411
f 647/868/147 593/788/411 591/786/410 648/867/147
f 644/865/147 647/868/147 648/867/147 645/866/147
f 589/784/409 587/782/408 648/867/147 591/786/410
f 651/869/426 660/870/427 716/871/428
f 649/872/429 665/873/430 651/869/426
f 677/874/431 666/875/432 703/876/433
f 668/877/434 669/878/435 706/879/436
f 670/880/437 671/881/438 708/882/439
f 671/881/438 672/883/440 708/882/439
f 674/884/441 680/885/442 681/886/443
f 686/887/444 717/888/445 685/889/446
f 703/876/433 666/875/432 704/890/447
f 711/891/448 706/879/436 669/878/435
f 712/892/449 708/882/439 672/883/440
f 709/893/450 681/886/443 675/894/451
f 687/895/452 689/896/453 717/888/445
f 721/897/454 786/898/455 720/899/456
f 735/900/457 772/901/458 736/902/459
f 740/903/460 782/904/461 746/905/462
f 745/906/463 746/905/462 781/907/464
f 748/908/465 785/909/466 749/910/467
f 777/911/468 770/912/469 744/913/470
f 771/914/471 772/901/458 735/900/457
f 773/915/472 774/916/473 738/917/474
f 775/918/475 783/919/476 741/920/477
f 786/898/455 718/921/478 720/899/456
f 796/922/479 787/923/480 788/924/481
f 811/925/482 813/926/483 812/927/484
f 807/928/485 816/929/486 815/930/487
f 816/929/486 817/931/488 847/932/489
f 834/933/490 824/934/491 832/935/492
f 839/936/493 827/937/494 838/938/495
f 842/939/496 823/940/497 841/941/498
f 844/942/499 843/943/500 805/944/501
f 854/945/502 845/946/503 811/925/482
f 815/930/487 816/929/486 855/947/504
f 847/932/489 818/948/505 856/949/506
f 850/950/507 849/951/508 808/952/509
f 863/953/510 858/954/511 862/955/512
f 875/956/513 919/957/514 876/958/515
f 878/959/516 913/960/517 879/961/518
f 880/962/519 914/963/520 881/964/521
f 884/965/522 923/966/523 889/967/524
f 894/968/525 895/969/526 893/970/527
f 925/971/528 910/972/529 886/973/530
f 911/974/531 912/975/532 877/976/533
f 921/977/534 914/963/520 880/962/519
f 915/978/535 922/979/536 888/980/537
f 917/981/538 923/966/523 884/965/522
f 926/982/539 858/954/511 859/983/540
f 892/984/541 891/985/542 893/970/527
f 891/985/542 894/968/525 893/970/527
f 716/871/428 660/870/427 659/986/543
f 652/987/544 649/872/429 653/988/545
f 651/869/426 665/873/430 663/989/546
f 649/872/429 654/990/547 653/988/545
f 655/991/548 650/992/549 656/993/550
f 650/992/549 655/991/548 654/990/547
f 657/994/551 716/871/428 658/995/552
f 651/869/426 663/989/546 662/996/553
f 666/875/432 667/997/554 705/998/555
f 681/886/443 680/885/442 675/894/451
f 676/999/556 684/1000/557 683/1001/558
f 693/1002/559 694/1003/560 717/888/445
f 687/895/452 695/1004/561 696/1005/562
f 685/889/446 702/1006/563 691/1007/564
f 705/998/555 704/890/447 666/875/432
f 707/1008/565 670/880/437 708/882/439
f 681/886/443 714/1009/566 674/884/441
f 710/1010/567 676/999/556 683/1001/558
f 685/889/446 717/888/445 689/896/453
f 719/1011/568 728/1012/569 720/899/456
f 721/897/454 732/1013/570 786/898/455
f 724/1014/571 725/1015/572 718/921/478
f 732/1013/570 733/1016/573 786/898/455
f 737/1017/574 773/915/472 738/917/474
f 747/1018/575 775/918/475 741/920/477
f 744/913/470 750/1019/576 777/911/468
f 752/1020/577 754/1021/578 761/1022/579
f 752/1020/577 761/1022/579 753/1023/580
f 752/1020/577 764/1024/581 754/1021/578
f 766/1025/582 765/1026/583 755/1027/584
f 768/1028/585 767/1029/586 757/1030/587
f 740/903/460 780/1031/588 782/904/461
f 746/905/462 782/904/461 781/907/464
f 748/908/465 784/1032/589 785/909/466
f 718/921/478 719/1011/568 720/899/456
f 752/1020/577 751/1033/590 757/1034/587
f 787/923/480 794/1035/591 793/1036/592
f 797/1037/593 788/924/481 798/1038/594
f 802/1039/595 801/1040/596 789/1041/597
f 804/1042/598 803/1043/599 790/1044/600
f 843/943/500 809/1045/601 805/944/501
f 806/1046/602 810/1047/603 845/946/503
f 845/946/503 810/1047/603 811/925/482
f 814/1048/604 807/928/485 815/930/487
f 847/932/489 817/931/488 818/948/505
f 818/1049/505 819/1050/605 848/1051/606
f 849/951/508 820/1052/607 808/952/509
f 822/1053/608 809/1045/601 843/943/500
f 832/935/492 833/1054/609 834/933/490
f 835/1055/610 836/1056/611 826/1057/612
f 828/1058/613 838/938/495 827/937/494
f 852/1059/614 822/1053/608 843/943/500
f 853/1060/615 806/1046/602 845/946/503
f 854/945/502 811/925/482 812/927/484
f 846/1061/616 814/1048/604 815/930/487
f 855/947/504 816/929/486 847/932/489
f 856/1062/506 818/1049/505 848/1051/606
f 823/940/497 824/934/491 826/1057/612
f 823/940/497 826/1057/612 827/937/494
f 860/1063/617 861/1064/618 926/982/539
f 869/1065/619 860/1063/617 859/983/540
f 857/1066/620 862/955/512 858/954/511
f 873/1067/621 874/1068/622 926/982/539
f 887/1069/623 911/974/531 877/976/533
f 879/1070/518 913/1071/517 880/962/519
f 888/980/537 882/1072/624 915/978/535
f 885/1073/625 925/971/528 886/973/530
f 894/968/525 909/1074/626 895/969/526
f 897/1075/627 896/1076/628 894/968/525
f 891/985/542 899/1077/629 898/1078/630
f 892/984/541 902/1079/631 901/1080/632
f 893/970/527 907/1081/633 906/1082/634
f 875/956/513 918/1083/635 919/957/514
f 878/959/516 920/1084/636 913/960/517
f 913/1071/517 921/977/534 880/962/519
f 860/1063/617 926/982/539 859/983/540
f 650/992/549 654/990/547 649/872/429
f 658/995/552 716/871/428 659/986/543
f 663/989/546 665/873/430 664/1085/637
f 689/896/453 687/895/452 688/1086/638
f 688/1086/638 699/1087/639 689/896/453
f 689/896/453 699/1087/639 700/1088/640
f 693/1002/559 678/1089/641 706/1090/436
f 718/921/478 723/1091/642 724/1014/571
f 720/899/456 729/1092/643 730/1093/644
f 732/1013/570 741/1094/477 742/1095/645
f 751/1033/590 752/1020/577 753/1023/580
f 764/1024/581 752/1020/577 755/1027/584
f 758/1096/646 757/1034/587 751/1033/590
f 763/1097/647 754/1021/578 764/1024/581
f 761/1022/579 754/1021/578 762/1098/648
f 765/1026/583 764/1024/581 755/1027/584
f 766/1025/582 755/1027/584 756/1099/649
f 756/1099/649 757/1034/587 767/1100/586
f 755/1027/584 752/1020/577 757/1034/587
f 792/1101/650 790/1044/600 787/923/480
f 793/1036/592 792/1101/650 787/923/480
f 802/1039/595 789/1041/597 790/1044/600
f 799/1102/651 798/1038/594 788/924/481
f 800/1103/652 789/1041/597 801/1040/596
f 802/1039/595 790/1044/600 803/1043/599
f 800/1104/652 818/948/505 817/931/488
f 824/934/491 823/940/497 830/1105/653
f 824/934/491 830/1105/653 832/935/492
f 824/934/491 834/933/490 826/1057/612
f 832/935/492 830/1105/653 831/1106/654
f 823/940/497 840/1107/655 841/941/498
f 858/954/511 926/982/539 857/1066/620
f 859/983/540 858/954/511 865/1108/656
f 859/983/540 866/1109/657 867/1110/658
f 857/1066/620 926/982/539 874/1068/622
f 888/980/537 870/1111/659 882/1072/624
f 894/968/525 891/985/542 897/1075/627
f 892/984/541 893/970/527 904/1112/660
f 897/1075/627 891/985/542 898/1078/630
f 909/1074/626 894/968/525 896/1076/628
f 656/993/550 650/992/549 716/871/428 657/994/551
f 660/870/427 651/869/426 662/996/553 661/1113/661
f 652/1114/544 653/1115/545 666/875/432 677/874/431
f 665/873/430 649/872/429 652/987/544
f 667/1116/554 666/1117/432 653/1118/545 654/1119/547
f 679/1120/662 654/1119/547 655/1121/548 668/877/434
f 654/1119/547 679/1120/662 667/1116/554
f 655/1121/548 656/1122/550 669/878/435 668/877/434
f 656/1122/550 657/1123/551 670/1124/437 669/878/435
f 657/1123/551 658/1125/552 671/1126/438 670/1124/437
f 658/1127/552 659/1128/543 672/883/440 671/881/438
f 659/986/543 660/870/427 673/1129/663 672/1130/440
f 661/1113/661 674/1131/441 673/1129/663 660/870/427
f 661/1113/661 662/996/553 680/1132/442 674/1131/441
f 662/996/553 663/989/546 675/1133/451 680/1132/442
f 664/1085/637 676/1134/556 682/1135/664 663/989/546
f 682/1135/664 675/1133/451 663/989/546
f 665/873/430 684/1136/557 676/1134/556 664/1085/637
f 684/1136/557 665/873/430 652/987/544 677/1137/431
f 678/1138/641 705/1139/555 667/1116/554 679/1120/662
f 678/1138/641 679/1120/662 668/877/434 706/879/436
f 683/1001/558 684/1000/557 677/874/431 703/876/433
f 691/1007/564 692/1140/665 686/887/444 685/889/446
f 690/1141/666 685/889/446 689/896/453
f 687/895/452 717/888/445 694/1003/560 695/1004/561
f 693/1002/559 717/888/445 686/887/444
f 687/895/452 697/1142/667 698/1143/668 688/1086/638
f 696/1005/562 697/1142/667 687/895/452
f 685/889/446 690/1141/666 701/1144/669 702/1006/563
f 690/1141/666 689/896/453 700/1088/640
f 692/1145/665 691/1146/564 703/876/433 704/890/447
f 686/887/444 692/1140/665 704/1147/447 705/1148/555
f 686/887/444 705/1148/555 678/1089/641 693/1002/559
f 706/1090/436 711/1149/448 694/1003/560 693/1002/559
f 694/1003/560 711/1149/448 707/1150/565 695/1004/561
f 695/1004/561 707/1150/565 708/1151/439 696/1005/562
f 696/1152/562 708/882/439 712/892/449 697/1153/667
f 712/892/449 713/1154/670 698/1155/668 697/1153/667
f 698/1143/668 713/1156/670 714/1157/566 688/1086/638
f 688/1158/638 714/1009/566 681/886/443 699/1159/639
f 699/1159/639 681/886/443 709/893/450 700/1160/640
f 700/1160/640 709/893/450 715/1161/671 690/1162/666
f 690/1162/666 715/1161/671 710/1163/567 701/1164/669
f 701/1164/669 710/1163/567 683/1165/558 702/1166/563
f 683/1001/558 703/876/433 691/1146/564 702/1167/563
f 707/1168/565 711/891/448 669/878/435 670/1124/437
f 673/1169/663 713/1154/670 712/892/449 672/883/440
f 674/1170/441 714/1171/566 713/1154/670 673/1169/663
f 675/894/451 682/1172/664 715/1161/671 709/893/450
f 710/1163/567 715/1161/671 682/1172/664 676/1173/556
f 649/872/429 651/869/426 716/871/428 650/992/549
f 719/1011/568 718/921/478 725/1015/572 726/1174/672
f 722/1175/673 718/921/478 786/898/455
f 719/1011/568 726/1174/672 727/1176/674 728/1012/569
f 720/899/456 730/1093/644 731/1177/675 721/897/454
f 729/1092/643 720/899/456 728/1012/569
f 786/898/455 733/1016/573 734/1178/676 722/1175/673
f 723/1179/642 744/913/470 743/1180/677 724/1181/571
f 723/1091/642 718/921/478 722/1175/673
f 724/1181/571 743/1180/677 735/1182/457 725/1183/572
f 725/1184/572 735/900/457 736/902/459 726/1185/672
f 727/1186/674 726/1185/672 737/1017/574 738/917/474
f 736/902/459 737/1017/574 726/1185/672
f 738/917/474 739/1187/678 728/1188/569 727/1186/674
f 729/1189/643 728/1188/569 739/1187/678 740/1190/460
f 730/1191/644 729/1192/643 740/903/460 746/905/462
f 731/1193/675 730/1191/644 746/905/462 745/906/463
f 721/897/454 731/1177/675 745/1194/463 747/1195/575
f 721/897/454 747/1195/575 741/1094/477 732/1013/570
f 742/1095/645 748/1196/465 733/1016/573 732/1013/570
f 734/1178/676 733/1016/573 748/1196/465 749/1197/467
f 734/1178/676 749/1197/467 750/1198/576 722/1175/673
f 723/1091/642 722/1175/673 750/1198/576 744/1199/470
f 773/915/472 737/1017/574 736/902/459 772/901/458
f 775/1200/475 747/1201/575 745/906/463 781/907/464
f 777/911/468 750/1019/576 749/1202/467 785/1203/466
f 759/1204/679 751/1033/590 753/1023/580 760/1205/680
f 757/1034/587 756/1099/649 755/1027/584
f 758/1096/646 751/1033/590 759/1204/679 769/1206/681
f 758/1096/646 768/1207/585 757/1034/587
f 778/1208/682 759/1204/679 760/1205/680 771/1209/471
f 759/1210/679 778/1211/682 770/912/469
f 771/1209/471 760/1205/680 753/1023/580 772/1212/458
f 753/1023/580 761/1022/579 773/1213/472 772/1212/458
f 773/1213/472 761/1022/579 762/1098/648 774/1214/473
f 774/1214/473 762/1098/648 754/1021/578 779/1215/683
f 779/1215/683 754/1021/578 763/1097/647 780/1216/588
f 763/1217/647 764/1218/581 782/904/461 780/1031/588
f 781/907/464 782/904/461 764/1218/581 765/1219/583
f 766/1220/582 775/1200/475 781/907/464 765/1219/583
f 766/1221/582 756/1222/649 783/919/476 775/918/475
f 783/919/476 756/1222/649 767/1029/586 776/1223/684
f 767/1029/586 768/1028/585 784/1032/589 776/1223/684
f 768/1028/585 758/1224/646 785/909/466 784/1032/589
f 758/1224/646 769/1225/681 777/1226/468 785/909/466
f 769/1227/681 759/1210/679 770/912/469 777/911/468
f 744/913/470 770/912/469 778/1211/682 743/1180/677
f 771/1228/471 735/1182/457 743/1180/677 778/1211/682
f 739/1187/678 738/917/474 774/916/473 779/1229/683
f 739/1230/678 779/1231/683 780/1031/588 740/903/460
f 741/920/477 783/919/476 776/1223/684 742/1232/645
f 784/1032/589 748/908/465 742/1232/645 776/1223/684
f 799/1102/651 788/924/481 789/1041/597 800/1103/652
f 787/923/480 796/922/479 795/1233/685 794/1035/591
f 790/1044/600 792/1101/650 791/1234/686 804/1042/598
f 788/924/481 797/1037/593 796/922/479
f 791/1235/686 792/1236/650 805/944/501 809/1045/601
f 805/944/501 792/1236/650 793/1237/592 806/1238/602
f 806/1046/602 793/1239/592 794/1240/591 810/1047/603
f 795/1241/685 811/925/482 810/1047/603 794/1240/591
f 795/1241/685 796/1242/479 813/926/483 811/925/482
f 797/1243/593 814/1244/604 813/926/483 796/1242/479
f 798/1245/594 807/1246/485 814/1244/604 797/1243/593
f 798/1247/594 799/1248/651 816/929/486 807/928/485
f 799/1102/651 800/1103/652 817/1249/488 816/1250/486
f 818/1251/505 800/1103/652 801/1040/596 819/1252/605
f 801/1040/596 802/1039/595 820/1253/607 819/1252/605
f 803/1043/599 821/1254/687 808/1255/509 802/1039/595
f 808/1255/509 820/1253/607 802/1039/595
f 821/1254/687 803/1043/599 804/1042/598 822/1256/608
f 791/1235/686 809/1045/601 822/1053/608 804/1257/598
f 820/1052/607 849/951/508 848/1051/606 819/1050/605
f 827/937/494 826/1057/612 825/1258/688 828/1058/613
f 825/1258/688 826/1057/612 836/1056/611 837/1259/689
f 835/1055/610 826/1057/612 834/933/490
f 827/937/494 839/936/493 840/1107/655 823/940/497
f 830/1105/653 823/940/497 842/939/496 829/1260/690
f 830/1261/653 829/1262/690 843/943/500 844/942/499
f 831/1106/654 830/1105/653 844/1263/499 853/1264/615
f 832/935/492 831/1106/654 853/1264/615 845/1265/503
f 833/1054/609 832/935/492 845/1265/503 854/1266/502
f 833/1054/609 854/1266/502 812/1267/484 834/933/490
f 835/1055/610 834/933/490 812/1267/484 846/1268/616
f 836/1056/611 835/1055/610 846/1268/616 815/1269/487
f 837/1270/689 836/1271/611 815/930/487 855/947/504
f 837/1270/689 855/947/504 847/932/489 825/1272/688
f 825/1258/688 847/1273/489 856/1274/506 828/1058/613
f 838/1275/495 828/1276/613 856/1062/506 848/1051/606
f 838/1275/495 848/1051/606 849/951/508 839/1277/493
f 839/1277/493 849/951/508 850/950/507 840/1278/655
f 840/1278/655 850/950/507 851/1279/691 841/1280/498
f 851/1279/691 852/1281/614 842/1282/496 841/1280/498
f 842/1283/496 852/1059/614 843/943/500 829/1262/690
f 806/1238/602 853/1284/615 844/942/499 805/944/501
f 846/1285/616 812/927/484 813/926/483 814/1244/604
f 808/952/509 821/1286/687 851/1279/691 850/950/507
f 821/1287/687 822/1053/608 852/1059/614 851/1288/691
f 787/923/480 790/1044/600 789/1041/597 788/924/481
f 865/1108/656 858/954/511 863/953/510 864/1289/692
f 859/983/540 867/1110/658 868/1290/693 869/1065/619
f 865/1108/656 866/1109/657 859/983/540
f 860/1063/617 871/1291/694 872/1292/695 861/1064/618
f 870/1293/659 860/1063/617 869/1065/619
f 870/1293/659 871/1291/694 860/1063/617
f 886/973/530 875/956/513 862/1294/512 857/1295/620
f 873/1067/621 926/982/539 861/1064/618
f 862/1294/512 875/956/513 876/958/515 863/1296/510
f 864/1297/692 863/1298/510 876/1299/515 887/1069/623
f 865/1300/656 864/1297/692 887/1069/623 877/976/533
f 866/1301/657 865/1300/656 877/976/533 878/959/516
f 878/959/516 879/961/518 867/1302/658 866/1301/657
f 867/1302/658 879/961/518 880/1303/519 868/1304/693
f 869/1305/619 868/1306/693 880/962/519 881/964/521
f 869/1065/619 881/1307/521 882/1308/624 870/1293/659
f 871/1291/694 870/1293/659 888/1309/537 883/1310/696
f 871/1291/694 883/1310/696 884/1311/522 872/1292/695
f 861/1064/618 872/1292/695 884/1311/522 889/1312/524
f 873/1067/621 861/1064/618 889/1312/524 890/1313/697
f 873/1067/621 890/1313/697 885/1314/625 874/1068/622
f 874/1068/622 885/1314/625 886/1315/530 857/1066/620
f 911/974/531 887/1069/623 876/1299/515 919/1316/514
f 914/963/520 915/978/535 882/1072/624 881/964/521
f 924/1317/698 890/1318/697 889/967/524 923/966/523
f 924/1319/698 925/971/528 885/1073/625 890/1320/697
f 892/984/541 900/1321/699 899/1077/629 891/985/542
f 892/984/541 904/1112/660 903/1322/700 902/1079/631
f 901/1080/632 900/1321/699 892/984/541
f 905/1323/701 904/1112/660 893/970/527 906/1082/634
f 893/970/527 895/969/526 908/1324/702 907/1081/633
f 896/1076/628 897/1075/627 918/1325/635 910/1326/529
f 919/1327/514 897/1075/627 898/1078/630 911/1328/531
f 919/957/514 918/1083/635 897/1329/627
f 911/1328/531 898/1078/630 899/1077/629 912/1330/532
f 912/1330/532 899/1077/629 900/1321/699 920/1331/636
f 920/1331/636 900/1321/699 901/1080/632 913/1332/517
f 913/1332/517 901/1080/632 902/1079/631 921/1333/534
f 903/1334/700 914/963/520 921/977/534 902/1335/631
f 914/963/520 903/1334/700 904/1336/660 915/978/535
f 915/978/535 904/1336/660 905/1337/701 922/979/536
f 922/1338/536 905/1339/701 906/1340/634 916/1341/703
f 916/1341/703 906/1340/634 907/1342/633 917/981/538
f 907/1342/633 908/1343/702 923/966/523 917/981/538
f 895/1344/526 924/1317/698 923/966/523 908/1343/702
f 895/1344/526 909/1345/626 925/1346/528 924/1317/698
f 896/1347/628 910/972/529 925/971/528 909/1348/626
f 886/973/530 910/972/529 918/1083/635 875/956/513
f 878/959/516 877/976/533 912/975/532 920/1084/636
f 883/1349/696 888/1350/537 922/1338/536 916/1341/703
f 917/981/538 884/965/522 883/1349/696 916/1341/703
f 938/1351/704 1200/1352/705 939/1353/706
f 945/1354/707 943/1355/708 1246/1356/709
f 949/1357/710 1252/1358/711 1201/1359/712
f 949/1357/710 1229/1360/713 1539/1361/714
f 947/1362/715 1230/1363/716 948/1364/717
f 954/1365/718 951/1366/719 950/1367/720
f 1257/1368/721 954/1365/718 955/1369/722
f 950/1367/720 955/1369/722 954/1365/718
f 957/1370/723 956/1371/724 1045/1372/725
f 1136/1373/726 967/1374/727 964/1375/728
f 964/1375/728 967/1374/727 965/1376/729
f 974/1377/730 1075/1378/731 1076/1379/732
f 990/1380/733 927/1381/734 987/1382/735
f 1129/1383/736 929/1384/737 993/1385/738
f 1183/1386/739 1184/1387/740 987/1382/735
f 1103/1388/741 992/1389/742 990/1380/733
f 1021/1390/743 1022/1391/744 996/1392/745
f 1096/1393/746 1001/1394/747 1111/1395/748
f 1105/1396/749 1038/1397/750 997/1398/751
f 1043/1399/752 1045/1372/725 1046/1400/753
f 1047/1401/754 1232/1402/755 1044/1403/756
f 1050/1404/757 1048/1405/758 1047/1401/754
f 1049/1406/759 1050/1407/757 942/1408/760
f 1050/1407/757 1044/1409/756 941/1410/761
f 1051/1411/762 1054/1412/763 1053/1413/764
f 1056/1414/765 1060/1415/766 1057/1416/767
f 1066/1417/768 1063/1418/769 971/1419/770
f 1071/1420/771 1077/1421/772 1074/1422/773
f 1077/1421/772 1073/1423/774 1075/1378/731
f 974/1377/730 1076/1379/732 1018/1424/775
f 1081/1425/776 1089/1426/777 1082/1427/778
f 1084/1428/779 1085/1429/780 1089/1426/777
f 1082/1430/778 1089/1431/777 1086/1432/781
f 1030/1433/782 1090/1434/783 1091/1435/784
f 1025/1436/785 1094/1437/786 1106/1438/787
f 963/1439/788 1096/1393/746 962/1440/789
f 1130/1441/790 963/1439/788 1132/1442/791
f 927/1381/734 990/1380/733 991/1443/792
f 1001/1444/747 1104/1445/793 1111/1446/748
f 1104/1445/793 999/1447/794 1111/1446/748
f 932/1448/795 997/1398/751 1173/1449/796
f 1107/1450/797 1106/1438/787 1140/1451/798
f 1106/1438/787 1099/1452/799 973/1453/800
f 1108/1454/801 1107/1450/797 1110/1455/802
f 1104/1445/793 1001/1444/747 1003/1456/803
f 1138/1457/804 1114/1458/805 968/1459/806
f 1112/1460/807 1114/1458/805 1138/1457/804
f 1138/1457/804 1113/1461/808 1112/1460/807
f 1115/1462/809 1017/1463/810 1113/1461/808
f 1143/1464/811 1118/1465/812 976/1466/813
f 1119/1467/814 1118/1465/812 1143/1464/811
f 1117/1468/815 1119/1467/814 1143/1464/811
f 1145/1469/816 1117/1468/815 1004/1470/817
f 1124/1471/818 1230/1363/716 947/1362/715
f 1123/1472/819 1125/1473/820 972/1474/821
f 1046/1400/753 1045/1372/725 956/1371/724
f 1023/1475/822 1122/1476/823 1000/1477/824
f 1023/1478/822 994/1479/825 1122/1480/823
f 1133/1481/826 982/1482/827 1132/1442/791
f 1140/1451/798 1139/1483/828 1110/1455/802
f 1117/1468/815 1144/1484/829 1200/1352/705
f 1145/1469/816 1147/1485/830 1152/1486/831
f 1146/1487/832 1152/1486/831 1151/1488/833
f 1148/1489/834 1151/1488/833 1057/1490/767
f 1055/1491/835 1057/1416/767 1151/1492/833
f 1149/1493/836 1151/1492/833 1152/1494/831
f 1150/1495/837 1152/1494/831 1147/1496/830
f 1156/1497/838 1155/1498/839 1008/1499/840
f 1163/1500/841 1162/1501/842 934/1502/843
f 1160/1503/844 1161/1504/845 1158/1505/846
f 1162/1506/842 1163/1507/841 1186/1508/847
f 1182/1509/848 1169/1510/849 1165/1511/850
f 1166/1512/851 1171/1513/852 1173/1449/796
f 1168/1514/853 1166/1512/851 1167/1515/854
f 1172/1516/855 1170/1517/856 1174/1518/857
f 1172/1516/855 935/1519/858 933/1520/859
f 1175/1521/860 1158/1505/846 1161/1504/845
f 1200/1352/705 938/1351/704 1176/1522/861
f 1183/1386/739 928/1523/862 1134/1524/863
f 967/1374/727 928/1523/862 1194/1525/864
f 1182/1509/848 1164/1526/865 939/1353/706
f 1008/1499/840 1194/1525/864 1156/1497/838
f 1178/1527/866 1189/1528/867 1177/1529/868
f 1020/1530/869 1189/1528/867 1178/1527/866
f 1177/1529/868 1185/1531/870 936/1532/871
f 1185/1531/870 1163/1500/841 936/1532/871
f 1163/1507/841 1185/1533/870 1186/1508/847
f 1185/1533/870 1188/1534/872 1187/1535/873
f 1187/1535/873 1189/1536/867 1115/1462/809
f 1033/1537/874 1036/1538/875 1193/1539/876
f 1190/1540/877 1192/1541/878 1169/1510/849
f 1190/1540/877 1193/1539/876 1192/1541/878
f 1191/1542/879 1192/1543/878 1193/1544/876
f 1196/1545/880 1095/1546/881 1197/1547/882
f 1115/1462/809 1161/1504/845 1186/1508/847 1185/1533/870 1187/1535/873
f 1200/1352/705 1004/1470/817 1117/1468/815
f 1203/1548/883 1201/1359/712 1249/1549/884
f 1203/1548/883 1204/1550/885 1202/1551/886
f 948/1364/717 1206/1552/887 946/1553/888
f 1206/1552/887 1066/1417/768 946/1553/888
f 1206/1554/887 1204/1555/885 1205/1556/889
f 1208/1557/890 1214/1558/891 1209/1559/892
f 1070/1560/893 1071/1561/771 1210/1562/894
f 1211/1563/895 1210/1562/894 1209/1564/892
f 959/1565/896 1221/1566/897 1218/1567/898
f 1216/1568/899 1217/1569/900 1082/1430/778
f 1215/1570/901 1218/1567/898 1217/1569/900
f 1219/1571/902 1221/1572/897 1222/1573/903
f 1097/1574/904 1224/1575/905 1225/1576/906
f 973/1453/800 1099/1452/799 1227/1577/907
f 973/1453/800 1227/1577/907 1537/1578/908
f 955/1369/722 1537/1578/908 1257/1368/721
f 1231/1579/909 960/1580/910 1047/1401/754
f 1243/1581/911 1241/1582/912 1480/1583/913
f 1276/1584/914 1255/1585/915 1257/1368/721
f 1528/1586/916 959/1565/896 1262/1587/917
f 1263/1588/918 1438/1589/919 1264/1590/920
f 1244/1591/921 1245/1592/922 1269/1593/923
f 1276/1584/914 1423/1594/924 1277/1595/925
f 1280/1596/926 1283/1597/927 1446/1598/928
f 1292/1599/929 1288/1600/930 1434/1601/931 1464/1602/932
f 1294/1603/933 1322/1604/934 1470/1605/935
f 1322/1604/934 1294/1603/933 1427/1606/936
f 1421/1607/937 1295/1608/938 1324/1609/939
f 1295/1608/938 1447/1610/940 1324/1609/939
f 1301/1611/941 1334/1612/942 1300/1613/943
f 1301/1611/941 1302/1614/944 1335/1615/945
f 1337/1616/946 1339/1617/947 1346/1618/948
f 1338/1619/949 1346/1618/948 1345/1620/950
f 1340/1621/951 1345/1620/950 1344/1622/952
f 1309/1623/953 1350/1624/954 1351/1625/955
f 1303/1626/956 1352/1627/957 1353/1628/958
f 1352/1627/957 1304/1629/959 1353/1628/958
f 1357/1630/960 1356/1631/961 1305/1632/962
f 1359/1633/963 1366/1634/964 1361/1635/965
f 1360/1636/966 1361/1635/965 1362/1637/967
f 1048/1405/758 1362/1638/967 1361/1639/965
f 1363/1640/968 1361/1639/965 1366/1641/964
f 1364/1642/969 1366/1641/964 1358/1643/970
f 1365/1644/971 1358/1643/970 1375/1645/972
f 1367/1646/973 1375/1647/972 1374/1648/974
f 1373/1649/975 1374/1648/974 1375/1647/972
f 1518/1650/976 1379/1651/977 1386/1652/978
f 1376/1653/979 1386/1652/978 1383/1654/980
f 1384/1655/981 1386/1656/978 1379/1657/977
f 1390/1658/982 1394/1659/983 1393/1660/984
f 1406/1661/985 1405/1662/986 1398/1663/987
f 1405/1662/986 1404/1664/988 1400/1665/989
f 1401/1666/990 1403/1667/991 1336/1668/992
f 1406/1669/985 1535/1670/993 1260/1671/994
f 1414/1672/995 1413/1673/996 1263/1588/918
f 1315/1674/997 1415/1675/998 1378/1676/999
f 1417/1677/1000 1418/1678/1001 1408/1679/1002
f 1421/1607/937 1324/1609/939 1420/1680/1003
f 1323/1681/1004 1287/1682/1005 1294/1603/933
f 1424/1683/1006 1425/1684/1007 1513/1685/1008
f 1245/1592/922 1415/1675/998 1268/1686/1009
f 1423/1594/924 1417/1677/1000 1408/1679/1002
f 1421/1607/937 1323/1687/1004 1295/1608/938
f 1430/1688/1010 1236/1689/1011 1457/1690/1012
f 1329/1691/1013 1431/1692/1014 1327/1693/1015
f 1432/1694/1016 1433/1695/1017 1463/1696/1018
f 1438/1589/919 1263/1588/918 1437/1697/1019
f 1282/1698/1020 1279/1699/1021 1444/1700/1022
f 1235/1701/1023 1334/1612/942 1297/1702/1024
f 1242/1703/1025 1354/1704/1026 1448/1705/1027
f 1426/1706/1028 1413/1673/996 1450/1707/1029
f 1328/1708/1030 1460/1709/1031 1459/1710/1032
f 1459/1710/1032 1423/1594/924 1424/1683/1006
f 1461/1711/1033 1433/1695/1017 1492/1712/1034
f 1462/1713/1035 1463/1696/1018 1433/1695/1017
f 1372/1714/1036 1467/1715/1037 1436/1716/1038
f 1467/1715/1037 1466/1717/1039 1435/1718/1040
f 1470/1605/935 1471/1719/1041 1407/1720/1042
f 1240/1721/1043 1476/1722/1044 1473/1723/1045
f 1473/1724/1045 1476/1725/1044 1475/1726/1046
f 1489/1727/1047 1475/1726/1046 1299/1728/1048
f 1474/1729/1049 1478/1730/1050 1477/1731/1051
f 1480/1583/913 1479/1732/1052 1482/1733/1053
f 1480/1583/913 1485/1734/1054 1484/1735/1055
f 1488/1736/1056 1481/1737/1057 1239/1738/1058
f 1238/1739/1059 1239/1738/1058 1481/1737/1057
f 1238/1739/1059 1349/1740/1060 1351/1625/955
f 1491/1741/1061 1299/1728/1048 1334/1612/942
f 1495/1742/1062 1496/1743/1063 1494/1744/1064
f 1496/1743/1063 1497/1745/1065 1513/1685/1008
f 1497/1745/1065 1330/1746/1066 1513/1685/1008
f 1492/1712/1034 1243/1581/911 1461/1711/1033
f 1499/1747/1067 1243/1581/911 1498/1748/1068
f 1288/1600/930 1313/1749/1069 1434/1601/931
f 1318/1750/1070 1469/1751/1071 1316/1752/1072
f 1407/1720/1042 1316/1753/1072 1470/1605/935
f 1497/1745/1065 1329/1754/1013 1330/1746/1066
f 1495/1742/1062 1501/1755/1073 1503/1756/1074
f 1504/1757/1075 1505/1758/1076 1473/1724/1045
f 1502/1759/1077 1501/1760/1073 1505/1758/1076
f 1473/1723/1045 1505/1761/1076 1472/1762/1078
f 1505/1761/1076 1501/1755/1073 1493/1763/1079
f 1506/1764/1080 1507/1765/1081 1344/1766/952
f 1507/1765/1081 1506/1764/1080 1499/1747/1067 1498/1748/1068 1508/1767/1082
f 1482/1733/1053 1508/1767/1082 1498/1748/1068
f 1407/1720/1042 1486/1768/1083 1415/1675/998
f 1486/1768/1083 1407/1720/1042 1471/1719/1041
f 1511/1769/1084 1425/1684/1007 1411/1770/1085
f 1239/1738/1058 1512/1771/1086 1488/1736/1056
f 1496/1743/1063 1513/1685/1008 1511/1769/1084
f 1430/1688/1010 1489/1727/1047 1490/1772/1087
f 1489/1727/1047 1430/1688/1010 1504/1757/1075
f 1249/1549/884 1516/1773/1088 1514/1774/1089
f 1514/1775/1089 1516/1776/1088 1515/1777/1090
f 1379/1657/977 1519/1778/1091 1385/1779/1092
f 1519/1778/1091 1516/1773/1088 1520/1780/1093
f 1387/1781/1094 1527/1782/1095 1395/1783/1096
f 1526/1784/1097 1523/1785/1098 1527/1782/1095
f 1527/1786/1095 1523/1787/1098 1522/1788/1099
f 1262/1587/917 1259/1789/1100 1530/1790/1101
f 1528/1586/916 1530/1790/1101 1529/1791/1102
f 1533/1792/1103 1530/1793/1101 1534/1794/1104
f 1406/1669/985 1534/1795/1104 1535/1670/993
f 1536/1796/1105 1223/1797/1106 1517/1798/1107
f 1097/1574/904 1536/1796/1105 1246/1356/709
f 1246/1356/709 1416/1799/1108 1415/1675/998
f 1376/1653/979 1416/1799/1108 1536/1796/1105
f 1538/1800/1109 1423/1594/924 1537/1578/908
f 987/1382/735 927/1381/734 1183/1386/739
f 1553/1801/1110 1767/1802/1111 1554/1803/1112
f 2131/1804/1113 1565/1805/1114 1818/1806/1115
f 1830/1807/1116 1565/1805/1114 1566/1808/1117
f 1568/1809/1118 1563/1810/1119 1567/1811/1120
f 1576/1812/1121 1569/1813/1122 1571/1814/1123
f 1874/1815/1124 1571/1814/1123 1572/1816/1125
f 1579/1817/1126 1580/1818/1127 1674/1819/1128
f 1647/1820/1129 1722/1821/1130 1746/1822/1131
f 1588/1823/1132 1761/1824/1133 1587/1825/1134
f 1576/1812/1121 1734/1826/1135 1598/1827/1136
f 1726/1828/1137 1734/1826/1135 1576/1812/1121
f 1634/1829/1138 1745/1830/1139 1730/1831/1140
f 1730/1831/1140 1632/1832/1141 1634/1829/1138
f 1645/1833/1142 1640/1834/1143 1764/1835/1144
f 1651/1836/1145 1653/1837/1146 1652/1838/1147
f 1621/1839/1148 1624/1840/1149 1665/1841/1150
f 1607/1842/1151 1668/1843/1152 1622/1844/1153
f 1671/1845/1154 1847/1846/1155 1674/1819/1128
f 1675/1847/1156 1672/1848/1157 1674/1819/1128
f 1675/1847/1156 1676/1849/1158 1672/1848/1157
f 1673/1850/1159 1670/1851/1160 1680/1852/1161
f 1678/1853/1162 1680/1854/1161 1681/1855/1163
f 1819/1856/1164 1687/1857/1165 1690/1858/1166
f 1688/1859/1167 1694/1860/1168 1725/1861/1169
f 1686/1862/1170 1690/1858/1166 1691/1863/1171
f 1687/1864/1165 1594/1865/1172 1690/1866/1166
f 1702/1867/1173 1700/1868/1174 1697/1869/1175
f 1697/1869/1175 1701/1870/1176 1699/1871/1177
f 1712/1872/1178 1711/1873/1179 1707/1874/1180
f 1711/1875/1179 1710/1876/1181 1709/1877/1182
f 1712/1872/1178 1577/1878/1183 1711/1873/1179
f 1653/1837/1146 1714/1879/1184 1715/1880/1185
f 1725/1861/1169 1694/1860/1168 1716/1881/1186
f 1718/1882/1187 1717/1883/1188 1727/1884/1189
f 1720/1885/1190 1721/1886/1191 1661/1887/1192
f 1664/1888/1193 1723/1889/1194 1722/1821/1130
f 1723/1889/1194 1622/1844/1153 1668/1843/1152
f 1725/1861/1169 1724/1890/1195 1841/1891/1196
f 1730/1831/1140 1745/1830/1139 1729/1892/1197
f 1635/1893/1198 1632/1894/1141 1731/1895/1199
f 1726/1828/1137 1717/1883/1188 1734/1826/1135
f 1737/1896/1200 1734/1826/1135 1721/1886/1191
f 1558/1897/1201 1724/1890/1195 1588/1823/1132
f 1639/1898/1202 1740/1899/1203 1817/1900/1204
f 1817/1900/1204 1547/1901/1205 1629/1902/1206
f 1741/1903/1207 1742/1904/1208 1768/1905/1209
f 1757/1906/1210 1746/1822/1131 1722/1821/1130
f 1567/1811/1120 1747/1907/1211 1568/1809/1118
f 1749/1908/1212 1595/1909/1213 1748/1910/1214
f 1596/1911/1215 1749/1908/1212 1750/1912/1216
f 1755/1913/1217 1553/1801/1110 1669/1914/1218
f 1762/1915/1219 1761/1824/1133 1588/1823/1132
f 1766/1916/1220 1768/1905/1209 1742/1904/1208
f 1743/1917/1221 1771/1918/1222 1769/1919/1223
f 1770/1920/1224 1685/1921/1225 1771/1918/1222
f 1787/1922/1226 1774/1923/1227 1636/1924/1228
f 1549/1925/1229 1776/1926/1230 1780/1927/1231
f 1806/1928/1232 1780/1929/1231 1776/1930/1230
f 1781/1931/1233 1786/1932/1234 1785/1933/1235
f 1544/1934/1236 1788/1935/1237 1636/1924/1228
f 1790/1936/1238 1784/1937/1239 1550/1938/1240
f 1551/1939/1241 1550/1938/1240 1784/1937/1239
f 1789/1940/1242 1663/1941/1243 1548/1942/1244
f 1616/1943/1245 1792/1944/1246 1779/1945/1247
f 1795/1946/1248 1796/1947/1249 1794/1948/1250
f 1797/1949/1251 1798/1950/1252 1796/1947/1249
f 1811/1951/1253 1765/1952/1254 1767/1802/1111
f 1744/1953/1255 1767/1802/1111 1766/1916/1220
f 1716/1881/1186 1627/1954/1256 1774/1923/1227
f 1627/1955/1256 1801/1956/1257 1773/1957/1258
f 1795/1946/1248 1804/1958/1259 1803/1959/1260
f 1793/1960/1261 1805/1961/1262 1804/1958/1259
f 1775/1962/1263 1780/1927/1231 1805/1961/1262
f 1807/1963/1264 1805/1964/1262 1780/1929/1231
f 1808/1965/1265 1804/1966/1259 1805/1964/1262
f 1808/1965/1265 1803/1967/1260 1804/1966/1259
f 1809/1968/1266 1810/1969/1267 1660/1970/1268
f 1810/1969/1267 1809/1968/1266 1765/1952/1254 1811/1951/1253 1812/1971/1269
f 1811/1951/1253 1785/1933/1235 1812/1971/1269
f 1813/1972/1270 1810/1973/1267 1812/1974/1269
f 1733/1975/1271 1724/1890/1195 1788/1935/1237
f 1813/1972/1270 1720/1885/1190 1661/1887/1192
f 1720/1885/1190 1813/1972/1270 1815/1976/1272
f 1799/1977/1273 1816/1978/1274 1815/1976/1272
f 1807/1963/1264 1791/1979/1275 1740/1899/1203
f 1564/1980/1276 1822/1981/1277 1825/1982/1278
f 1563/1810/1119 1689/1983/1279 1820/1984/1280
f 1689/1983/1279 1687/1864/1165 1820/1984/1280
f 1823/1985/1281 1825/1986/1278 1822/1987/1277
f 1573/1988/1282 1829/1989/1283 1826/1990/1284
f 1827/1991/1285 1828/1992/1286 1831/1993/1287
f 1695/1994/1288 1829/1995/1283 1702/1996/1173
f 1827/1991/1285 1826/1997/1284 1829/1995/1283
f 1831/1993/1287 1830/1807/1116 2139/1998/1289
f 1831/1993/1287 2136/1999/1290 1832/2000/1291
f 1833/2001/1292 1581/2002/1293 1580/1818/1127
f 1580/1818/1127 1579/1817/1126 1837/2003/1294
f 1833/2001/1292 1837/2003/1294 1834/2004/1295
f 1579/1817/1126 1578/2005/1296 1836/2006/1297
f 1840/2007/1298 2150/2008/1299 1821/2009/1300
f 1562/2010/1301 1841/1891/1196 1724/1890/1195
f 1845/2011/1302 1576/1812/1121 1843/2012/1303
f 1842/2013/1304 1562/2010/1301 2152/2014/1305
f 1830/1807/1116 1828/1992/1286 1565/1805/1114
f 1869/2015/1306 1830/1807/1116 1566/1808/1117
f 1674/1819/1128 1847/1846/1155 1578/2005/1296
f 1848/2016/1307 1674/1819/1128 1580/1818/1127
f 1848/2016/1307 1580/1818/1127 1882/2017/1308
f 2095/2018/1309 1849/2019/1310 2027/2020/1311
f 1947/2021/1312 1850/2022/1313 2053/2023/1314
f 2075/2024/1315 1850/2022/1313 2103/2025/1316
f 1856/2026/1317 2092/2027/1318 2056/2028/1319
f 2092/2027/1318 1856/2026/1317 1858/2029/1320
f 1857/2030/1321 1856/2026/1317 2101/2031/1322
f 2040/2032/1323 1858/2029/1320 1856/2026/1317
f 1561/2033/1324 1864/2034/1325 1861/2035/1326
f 1561/2033/1324 2152/2014/1305 1562/2010/1301
f 2131/1804/1113 1566/1808/1117 1565/1805/1114
f 1874/1815/1124 1870/2036/1327 1873/2037/1328
f 2023/2038/1329 1873/2037/1328 1899/2039/1330
f 1878/2040/1331 1877/2041/1332 2051/2042/1333
f 1894/2043/1334 1891/2044/1335 2038/2045/1336
f 1897/2046/1337 1899/2039/1330 1898/2047/1338
f 1906/2048/1339 2051/2042/1333 1877/2041/1332
f 1914/2049/1340 2026/2050/1341 2027/2020/1311 2028/2051/1342
f 1920/2052/1343 1851/2053/1344 2083/2054/1345
f 2091/2055/1346 1923/2056/1347 1925/2057/1348
f 1912/2058/1349 2029/2059/1350 1936/2060/1351
f 1942/2061/1352 1941/2062/1353 1944/2063/1354
f 1947/2021/1312 1948/2064/1355 2081/2065/1356
f 1883/2066/1357 1949/2067/1358 1884/2068/1359
f 1966/2069/1360 1923/2056/1347 1922/2070/1361
f 1860/2071/1362 1970/2072/1363 1969/2073/1364
f 1862/2074/1365 1677/2075/1366 1970/2072/1363
f 1970/2076/1363 1675/1847/1156 1881/2077/1367
f 1881/2077/1367 1880/2078/1368 1969/2079/1364
f 1975/2080/1369 1978/2081/1370 1977/2082/1371
f 1982/2083/1372 1984/2084/1373 1983/2085/1374
f 1990/2086/1375 1991/2087/1376 1992/2088/1377
f 2001/2089/1378 1996/2090/1379 1997/2091/1380
f 1871/2092/1381 2002/2093/1382 1996/2090/1379
f 2004/2094/1383 2007/2095/1384 2005/2096/1385
f 2006/2097/1386 2012/2098/1387 2007/2095/1384
f 2009/2099/1388 1955/2100/1389 2011/2101/1390
f 1876/2102/1391 2005/2103/1385 2007/2104/1384
f 2018/2105/1392 2015/2106/1393 2032/2107/1394
f 1957/2108/1395 2015/2106/1393 2018/2105/1392
f 2020/2109/1396 1885/2110/1397 2044/2111/1398
f 2024/2112/1399 2016/2113/1400 1952/2114/1401
f 2025/2115/1402 2029/2059/1350 1912/2058/1349
f 1912/2058/1349 2028/2116/1342 2025/2115/1402
f 2030/2117/1403 1965/2118/1404 1966/2119/1360
f 1966/2069/1360 1922/2070/1361 2030/2120/1403
f 2017/2121/1405 2018/2105/1392 2034/2122/1406
f 2018/2105/1392 2032/2107/1394 2035/2123/1407
f 2023/2038/1329 1897/2046/1337 2016/2113/1400
f 2014/2124/1408 2152/2014/1305 1861/2035/1326
f 1850/2022/1313 2129/2125/1409 2103/2025/1316
f 1940/2126/1410 1939/2127/1411 2036/2128/1412
f 2108/2129/1413 1857/2030/1321 2111/2130/1414
f 2048/2131/1415 2155/2132/1416 1866/2133/1417
f 2038/2045/1336 2045/2134/1418 1894/2043/1334
f 2052/2135/1419 2051/2042/1333 1906/2048/1339
f 1950/2136/1420 2054/2137/1421 1949/2067/1358
f 2054/2138/1421 1950/2139/1420 1914/2140/1422
f 2044/2111/1398 2059/2141/1423 2020/2109/1396
f 1887/2142/1424 2060/2143/1425 1849/2019/1310
f 2064/2144/1426 2037/2145/1427 2039/2146/1428
f 2066/2147/1429 2033/2148/1430 2065/2149/1431
f 2108/2129/1413 2072/2150/1432 2070/2151/1433
f 2071/2152/1434 2062/2153/1435 2072/2154/1432
f 1981/2155/1436 1983/2085/1374 2073/2156/1437
f 2073/2157/1437 2069/2158/1438 2070/2151/1433
f 1983/2159/1374 2074/2160/1439 2073/2157/1437
f 1931/2161/1440 2112/2162/1441 2075/2024/1315
f 2076/2163/1442 2075/2024/1315 2112/2162/1441
f 2078/2164/1443 2080/2165/1444 1855/2166/1445
f 2078/2167/1443 2079/2168/1446 2080/2169/1444
f 2082/2170/1447 2130/2171/1448 2081/2065/1356
f 2107/2172/1449 2089/2173/1450 2087/2174/1451
f 2090/2175/1452 2088/2176/1453 2093/2177/1454
f 1933/2178/1455 2094/2179/1456 2077/2180/1457
f 2098/2181/1458 1852/2182/1459 2097/2183/1460
f 1852/2182/1459 2098/2181/1458 1853/2184/1461
f 2081/2065/1356 2100/2185/1462 1947/2021/1312
f 2106/2186/1463 2105/2187/1464 2065/2149/1431
f 1942/2061/1352 2106/2186/1463 2065/2149/1431
f 2119/2188/1465 2123/2189/1466 1858/2029/1320
f 2108/2129/1413 2111/2130/1414 1926/2190/1467
f 2072/2150/1432 2108/2129/1413 1927/2191/1468
f 1931/2161/1440 1933/2192/1455 2112/2162/1441
f 1940/2193/1410 2113/2194/1469 2114/2195/1470
f 2113/2194/1469 2116/2196/1471 2114/2195/1470
f 2078/2167/1443 2118/2197/1472 2117/2198/1473
f 2118/2197/1472 2116/2199/1471 2115/2200/1474
f 2118/2201/1472 2104/2202/1475 2116/2196/1471
f 2078/2164/1443 1854/2203/1476 2118/2201/1472
f 1961/2204/1477 1959/2205/1478 2120/2206/1479
f 2120/2207/1479 2121/2208/1480 2122/2209/1481
f 2122/2209/1481 2124/2210/1482 2120/2207/1479
f 2086/2211/1483 2089/2212/1450 2124/2210/1482
f 2089/2173/1450 2123/2189/1466 2124/2213/1482
f 2034/2122/1406 2127/2214/1484 2017/2121/1405
f 2096/2215/1485 2126/2216/1486 2128/2217/1487
f 2066/2147/1429 2105/2187/1464 2127/2214/1484
f 2115/2200/1474 2129/2125/1409 2117/2198/1473
f 2129/2125/1409 2130/2171/1448 2117/2198/1473
f 2149/2218/1488 2133/2219/1489 2132/2220/1490
f 2135/2221/1491 2133/2219/1489 2149/2218/1488
f 1991/2222/1376 2135/2223/1491 2134/2224/1492
f 1991/2087/1376 1865/2225/1493 2135/2221/1491
f 2135/2221/1491 1867/2226/1494 2133/2219/1489
f 2141/2227/1495 2142/2228/1496 2138/2229/1497
f 1994/2230/1498 2002/2231/1382 2142/2228/1496
f 2142/2232/1496 2137/2233/1499 2138/2234/1497
f 2002/2093/1382 1872/2235/1500 2142/2232/1496
f 1581/2002/1293 2146/2236/1501 1879/2237/1502
f 1581/2002/1293 2143/2238/1503 2146/2236/1501
f 1839/2239/1504 2145/2240/1505 2143/2241/1503
f 2147/2242/1506 2148/2243/1507 2146/2244/1501
f 2148/2245/1507 1878/2040/1331 1879/2237/1502
f 2152/2014/1305 2151/2246/1508 2150/2008/1299
f 1842/2013/1304 2152/2014/1305 2150/2008/1299
f 2153/2247/1509 1873/2037/1328 2023/2038/1329
f 1881/2077/1367 1848/2016/1307 1882/2017/1308
f 1971/2248/1510 1880/2078/1368 1878/2040/1331
f 2051/2042/1333 1972/2249/1511 1971/2248/1510
f 927/1381/734 928/1523/862 1183/1386/739
f 929/1384/737 931/2250/1512 930/2251/1513
f 932/1448/795 933/1520/859 1159/2252/1514
f 1164/1526/865 938/1351/704 939/1353/706
f 941/1410/761 943/1355/708 942/1408/760
f 942/1408/760 943/1355/708 945/1354/707
f 942/1408/760 945/1354/707 944/2253/1515
f 1049/1406/759 944/2253/1515 1247/2254/1516
f 948/1364/717 949/1357/710 1202/1551/886
f 1074/1422/773 950/1367/720 951/1366/719
f 1210/2255/894 951/1366/719 952/2256/1517
f 1209/1559/892 952/2256/1517 1208/1557/890
f 955/1369/722 973/1453/800 1537/1578/908
f 958/2257/1518 1232/1402/755 960/1580/910
f 1055/1491/835 964/1375/728 1056/1414/765
f 965/1376/729 1056/1414/765 964/1375/728
f 1053/2258/764 965/1376/729 966/2259/1519
f 966/2259/1519 965/1376/729 967/1374/727
f 1043/2260/752 966/2259/1519 940/2261/1520
f 969/2262/1521 1009/2263/1522 968/1459/806
f 1065/2264/1523 969/2265/1521 970/2266/1524
f 970/2266/1524 1123/1472/819 972/1474/821
f 1075/1378/731 950/1367/720 1074/1422/773
f 1075/1378/731 973/1453/800 950/1367/720
f 974/1377/730 973/1453/800 1075/1378/731
f 980/2267/1525 979/2268/1526 981/2269/1527
f 983/2270/1528 982/1482/827 1101/2271/1529
f 998/2272/1530 996/1392/745 1022/1391/744
f 996/2273/745 997/1398/751 932/1448/795
f 938/1351/704 1002/2274/1531 937/2275/1532
f 1007/2276/1533 1006/2277/1534 1011/2278/1535
f 1009/2263/1522 969/2262/1521 1068/2279/1536
f 992/1389/742 1103/1388/741 994/2280/825
f 990/1380/733 992/1389/742 991/1443/792
f 1189/1536/867 1017/1463/810 1115/1462/809
f 1020/2281/869 1019/2282/1537 1017/1463/810
f 1000/1477/824 1022/1391/744 1023/1475/822
f 1129/1383/736 1021/1390/743 929/1384/737
f 1031/2283/1538 1024/2284/1539 1025/1436/785
f 1027/2285/1540 1025/1436/785 1026/2286/1541
f 1036/2287/875 1037/2288/1542 1095/1546/881
f 1038/1397/750 1105/1396/749 1003/1456/803
f 986/2289/1543 1176/1522/861 1039/2290/1544
f 997/1398/751 1038/1397/750 1173/1449/796
f 937/2275/1532 1039/2290/1544 1176/1522/861
f 937/2275/1532 1176/1522/861 938/1351/704
f 941/1410/761 1044/1409/756 1042/2291/1545
f 1045/1372/725 1043/1399/752 1042/2292/1545
f 1232/1402/755 1042/2292/1545 1044/1403/756
f 1047/1401/754 1044/1403/756 1050/1404/757
f 942/1408/760 1050/1407/757 941/1410/761
f 1051/1411/762 1052/2293/1546 1054/1412/763
f 1056/1414/765 965/1376/729 1054/2294/763
f 1056/1414/765 1057/1416/767 1055/1491/835
f 1063/2295/769 1061/2296/1547 1062/2297/1548
f 1062/2297/1548 1064/2298/1549 1063/2295/769
f 971/1419/770 946/1553/888 1066/1417/768
f 1074/1422/773 1077/1421/772 1075/1378/731
f 1075/1378/731 1073/1423/774 1076/1379/732
f 1076/1379/732 1073/1423/774 1079/2299/1550
f 1081/1425/776 1100/2300/1551 1083/2301/1552
f 1086/1432/781 1089/1431/777 1087/2302/1553
f 1030/1433/782 1092/2303/1554 1024/2284/1539
f 1067/2304/1555 1093/2305/1556 1008/1499/840
f 1106/1438/787 1094/1437/786 1099/1452/799
f 1093/2305/1556 967/1374/727 1194/1525/864
f 1107/1450/797 1108/1454/801 1037/2288/1542
f 1096/1393/746 963/1439/788 1130/1441/790
f 1093/2305/1556 1098/2306/1557 1097/1574/904
f 1094/1437/786 1100/2300/1551 1099/1452/799
f 1100/2300/1551 1092/2303/1554 1083/2301/1552
f 1024/2284/1539 1092/2303/1554 1094/1437/786
f 1092/2303/1554 1100/2300/1551 1094/1437/786
f 985/2307/1558 1102/2308/1559 990/1380/733
f 990/1380/733 1102/2308/1559 1103/1388/741
f 998/2309/1530 1104/1445/793 997/1398/751
f 967/1374/727 1135/2310/1560 928/1523/862
f 997/1398/751 1104/1445/793 1105/1396/749
f 973/1453/800 1140/1451/798 1106/1438/787
f 1140/1451/798 1110/1455/802 1107/1450/797
f 1013/2311/1561 1114/1458/805 1112/1460/807
f 1116/2312/1562 1113/1461/808 1137/2313/1563
f 1116/2312/1562 1137/2313/1563 931/2250/1512
f 1000/2314/824 1122/1480/823 961/2315/1564
f 1120/2316/1565 961/2315/1564 1122/1480/823
f 1051/1411/762 1046/1400/753 1127/2317/1566
f 981/2269/1527 1127/2317/1566 980/2267/1525
f 963/1439/788 1133/1481/826 1132/1442/791
f 1154/2318/1567 1134/1524/863 1153/2319/1568
f 1153/2319/1568 1135/2310/1560 1150/1495/837
f 1149/1493/836 964/1375/728 1055/1491/835
f 1149/1493/836 1136/1373/726 964/1375/728
f 1150/1495/837 1136/1373/726 1149/1493/836
f 1138/1457/804 1137/2313/1563 1113/1461/808
f 1144/1484/829 1117/1468/815 1142/2320/1569
f 1142/2320/1569 1117/1468/815 1143/1464/811
f 1146/1487/832 1145/1469/816 1152/1486/831
f 1058/2321/1570 1148/1489/834 1057/1490/767
f 1148/1489/834 1146/1487/832 1151/1488/833
f 1055/1491/835 1151/1492/833 1149/1493/836
f 1149/1493/836 1152/1494/831 1150/1495/837
f 1150/1495/837 1147/1496/830 1153/2319/1568
f 1153/2319/1568 1147/1496/830 1154/2318/1567
f 992/2322/742 1155/2323/839 1156/2324/838
f 933/1520/859 935/1519/858 934/1502/843 1159/2252/1514
f 934/1502/843 936/1532/871 1163/1500/841
f 932/1448/795 1159/2252/1514 996/2273/745
f 1160/1503/844 1159/2325/1514 1162/1506/842
f 1157/2326/1571 1159/2325/1514 1160/1503/844
f 1164/1526/865 1182/1509/848 1165/1511/850
f 1168/2327/853 1164/1526/865 1165/1511/850
f 938/1351/704 1164/1526/865 1002/2274/1531
f 1002/2328/1531 1166/1512/851 1173/1449/796
f 932/1448/795 1173/1449/796 1172/1516/855
f 935/1519/858 1172/1516/855 1174/1518/857
f 932/1448/795 1172/1516/855 933/1520/859
f 1175/1521/860 1021/1390/743 1158/1505/846
f 1004/1470/817 1200/1352/705 1176/1522/861
f 1175/1521/860 1116/2312/1562 931/2250/1512
f 1175/1521/860 1161/1504/845 1116/2312/1562
f 1179/2329/1572 1178/1527/866 1180/2330/1573
f 1190/1540/877 1182/1509/848 939/1353/706
f 1032/2331/1574 1190/1540/877 939/1353/706
f 1183/1386/739 1134/1524/863 1154/2318/1567
f 1200/1352/705 1144/1484/829 939/1353/706
f 1155/2323/839 1012/2332/1575 1008/2333/840
f 1187/1535/873 1188/1534/872 1189/1536/867
f 1191/1542/879 1169/2334/849 1192/1543/878
f 1196/1545/880 1191/1542/879 1193/1544/876
f 1008/1499/840 1093/2305/1556 1194/1525/864
f 1196/1545/880 1197/1547/882 1195/2335/1576
f 1197/1547/882 1109/2336/1577 1199/2337/1578
f 1174/1518/857 1170/1517/856 1195/2335/1576
f 1195/2335/1576 1181/2338/1579 1174/1518/857
f 1109/2336/1577 1197/1547/882 1095/1546/881
f 1198/2339/1580 1199/2337/1578 1141/2340/1581
f 1116/2312/1562 1161/1504/845 1115/1462/809
f 1202/1551/886 1201/1359/712 1203/1548/883
f 1061/2296/1547 1066/2341/768 1224/1575/905
f 1224/1575/905 1206/1554/887 1225/1576/906
f 1205/1556/889 1204/1555/885 1203/2342/883
f 1211/1563/895 1070/1560/893 1210/1562/894
f 1212/2343/1582 1211/1563/895 1209/1564/892
f 959/1565/896 1218/1567/898 1215/1570/901
f 1215/1570/901 1217/1569/900 1216/1568/899
f 1221/1566/897 959/1565/896 1528/1586/916
f 1216/1568/899 1082/1430/778 1086/1432/781
f 1080/2344/1583 1217/2345/900 1228/2346/1584
f 1228/2346/1584 1218/2347/898 1226/2348/1585
f 1219/1571/902 1222/1573/903 1531/2349/1586
f 1205/1556/889 1223/1797/1106 1225/1576/906
f 1223/1797/1106 1097/1574/904 1225/1576/906
f 1537/1578/908 1227/1577/907 1220/2350/1587
f 1228/2346/1584 1099/1452/799 1080/2344/1583
f 1226/2348/1585 1099/1452/799 1228/2346/1584
f 1097/1574/904 967/1374/727 1093/2305/1556
f 967/1374/727 1097/1574/904 943/1355/708
f 1097/1574/904 1246/1356/709 943/1355/708
f 1047/1401/754 960/1580/910 1232/1402/755
f 1427/1606/936 1233/2351/1588 1454/2352/1589
f 1234/2353/1590 1236/1689/1011 1235/1701/1023
f 1300/2354/943 1237/2355/1591 1351/1625/955
f 1234/2353/1590 1457/1690/1012 1236/1689/1011
f 1351/1625/955 1237/2355/1591 1238/1739/1059
f 1243/1581/911 1242/1703/1025 1241/1582/912
f 1359/1633/963 1245/1592/922 1244/1591/921
f 1245/1592/922 1360/1636/966 1246/1356/709
f 1415/1675/998 1245/1592/922 1246/1356/709
f 1252/1358/711 949/1357/710 1539/1361/714
f 1250/2356/1592 1252/1358/711 1539/1361/714
f 1252/1358/711 1250/2356/1592 1249/1549/884
f 1254/2357/1593 1395/2358/1096 1253/2359/1594
f 1254/2357/1593 1257/1368/721 1255/1585/915
f 1253/2359/1594 1257/1368/721 1254/2357/1593
f 1253/2359/1594 1527/1786/1095 1256/2360/1595
f 1537/1578/908 1276/1584/914 1257/1368/721
f 1257/1368/721 1256/2360/1595 954/1365/718
f 1258/2361/1596 1260/1671/994 1535/1670/993
f 1541/2362/1597 1259/1789/1100 1262/1587/917
f 960/1580/910 1262/1587/917 959/1565/896
f 1303/2363/956 1263/1588/918 1264/1590/920
f 1268/1686/1009 1269/1593/923 1245/1592/922
f 1270/2364/1598 1244/1591/921 1269/1593/923
f 1270/2364/1598 1358/2365/970 1244/1591/921
f 1255/1585/915 1393/1660/984 1254/2357/1593
f 1255/1585/915 1276/1584/914 1331/2366/1599
f 1279/1699/1021 1282/1698/1020 1281/2367/1600
f 1284/2368/1601 1260/1671/994 1283/1597/927
f 1293/2369/1602 1235/1701/1023 1297/1702/1024
f 1306/2370/1603 1480/1583/913 1241/1582/912
f 1314/2371/1604 1317/2372/1605 1320/2373/1606
f 1295/2374/938 1321/2375/1607 1294/1603/933
f 1294/1603/933 1321/2375/1607 1323/1681/1004
f 1327/1693/1015 1326/2376/1608 1325/2377/1609
f 1332/2378/1610 1325/2377/1609 1333/2379/1611
f 1330/2380/1066 1327/1693/1015 1328/2381/1030
f 1235/1701/1023 1491/1741/1061 1334/1612/942
f 1301/1611/941 1335/1615/945 1439/2382/1612
f 1337/1616/946 1346/1618/948 1338/1619/949
f 1338/1619/949 1345/1620/950 1340/1621/951
f 1340/1621/951 1344/1622/952 1341/2383/1613
f 1309/1623/953 1352/1627/957 1350/1624/954
f 1351/1625/955 1349/1740/1060 1309/1623/953
f 1354/1704/1026 1242/1703/1025 1355/2384/1614
f 1359/1633/963 1361/1635/965 1360/1636/966
f 1048/1405/758 1361/1639/965 1363/1640/968
f 1363/1640/968 1366/1641/964 1364/1642/969
f 1364/1642/969 1358/1643/970 1365/1644/971
f 1365/1644/971 1375/1645/972 1367/2385/973
f 1368/2386/1615 1367/2385/973 1374/2387/974
f 1385/1779/1092 1384/1655/981 1379/1657/977
f 1392/2388/1616 1331/2366/1599 1333/2389/1611
f 1331/2366/1599 1392/2388/1616 1390/1658/982
f 1419/2390/1617 1336/1668/992 1412/2391/1618
f 1315/1674/997 1407/1720/1042 1415/1675/998
f 1411/1770/1085 1424/1683/1006 1410/2392/1619
f 1409/2393/1620 1410/2392/1619 1424/1683/1006
f 1337/1616/946 1408/1679/1002 1412/2391/1618
f 1303/2363/956 1414/1672/995 1263/1588/918
f 1413/1673/996 1414/1672/995 1305/2394/962
f 1378/1676/999 1415/1675/998 1416/1799/1108
f 1377/2395/1621 1416/1799/1108 1376/1653/979
f 1419/2390/1617 1412/2391/1618 1418/1678/1001
f 1538/1800/1109 1417/1677/1000 1423/1594/924
f 1418/1678/1001 1412/2391/1618 1408/1679/1002
f 1287/1682/1005 1323/1681/1004 1286/2396/1622
f 1294/1603/933 1287/1682/1005 1427/1606/936
f 1350/1624/954 1422/2397/1623 1351/1625/955
f 1411/1770/1085 1425/1684/1007 1424/1683/1006
f 1424/1683/1006 1423/1594/924 1409/2393/1620
f 1409/2393/1620 1423/1594/924 1408/1679/1002
f 1303/1626/956 1302/2398/944 1352/1627/957
f 1430/1688/1010 1457/1690/1012 1431/1692/1014
f 1502/1759/1077 1431/1692/1014 1329/1691/1013
f 1428/2399/1624 1326/2376/1608 1429/2400/1625
f 1432/1694/1016 1463/1696/1018 1282/1698/1020
f 1463/1696/1018 1281/2367/1600 1282/1698/1020
f 1445/2401/1626 1280/1596/926 1446/1598/928
f 1439/2382/1612 1447/2402/940 1301/1611/941
f 1305/1632/962 1449/2403/1627 1357/1630/960
f 1420/1680/1003 1426/1706/1028 1450/1707/1029
f 1451/2404/1628 1452/2405/1629 1233/2351/1588
f 1465/2406/1630 1452/2405/1629 1451/2404/1628
f 1452/2405/1629 1415/1675/998 1454/2352/1589
f 1513/1685/1008 1459/1710/1032 1424/1683/1006
f 1277/1595/925 1423/1594/924 1460/1709/1031
f 1461/1711/1033 1499/1747/1067 1342/2407/1631
f 1433/1695/1017 1461/1711/1033 1462/1713/1035
f 1464/2408/932 1465/2406/1630 1451/2404/1628 1312/2409/1632 1292/2410/929
f 1435/1718/1040 1436/1716/1038 1467/1715/1037
f 1293/2411/1602 1470/2412/935 1500/2413/1633
f 1298/2414/1634 1469/1751/1071 1468/2415/1635
f 1472/1762/1078 1240/1721/1043 1473/1723/1045
f 1240/1721/1043 1237/2355/1591 1478/1730/1050
f 1237/2355/1591 1300/2354/943 1478/1730/1050
f 1475/1726/1046 1474/2416/1049 1477/2417/1051
f 1481/1737/1057 1482/2418/1053 1479/2419/1052
f 1479/2419/1052 1483/2420/1636 1481/1737/1057
f 1349/1740/1060 1483/2420/1636 1308/2421/1637
f 1484/2422/1055 1485/2423/1054 1483/2420/1636
f 1481/1737/1057 1487/2424/1638 1238/1739/1059
f 1349/1740/1060 1238/1739/1059 1487/2424/1638
f 1491/1741/1061 1489/1727/1047 1299/1728/1048
f 1288/1600/930 1355/2384/1614 1313/1749/1069
f 1233/2351/1588 1312/2409/1632 1451/2404/1628
f 1234/2353/1590 1318/1750/1070 1457/1690/1012
f 1236/1689/1011 1430/1688/1010 1490/1772/1087
f 1492/1712/1034 1433/1695/1017 1434/1601/931
f 1495/1742/1062 1503/1756/1074 1329/1754/1013
f 1502/1759/1077 1504/1757/1075 1430/1688/1010
f 1475/1726/1046 1489/1727/1047 1504/1757/1075
f 1504/1757/1075 1473/1724/1045 1475/1726/1046
f 1472/1762/1078 1505/1761/1076 1493/1763/1079
f 1507/2425/1081 1508/2426/1082 1509/2427/1639
f 1482/1733/1053 1498/1748/1068 1480/1583/913
f 1415/1675/998 1486/1768/1083 1454/2352/1589
f 1509/2427/1639 1510/2428/1640 1411/1770/1085
f 1411/1770/1085 1510/2428/1640 1511/1769/1084
f 1239/1738/1058 1494/1744/1064 1512/1771/1086
f 1508/2426/1082 1512/1771/1086 1509/2427/1639
f 1425/1684/1007 1511/1769/1084 1513/1685/1008
f 1511/1769/1084 1510/2428/1640 1496/1743/1063
f 1510/2428/1640 1512/1771/1086 1494/1744/1064
f 1496/1743/1063 1510/2428/1640 1494/1744/1064
f 1434/1601/931 1313/1749/1069 1492/1712/1034
f 1249/1549/884 1514/1774/1089 1203/1548/883
f 1516/1776/1088 1517/1798/1107 1515/1777/1090
f 1519/2429/1091 1518/1650/976 1517/1798/1107
f 1520/1780/1093 1516/1773/1088 1249/1549/884
f 1385/1779/1092 1519/1778/1091 1520/1780/1093
f 1522/1788/1099 1523/1787/1098 1521/2430/1641
f 1526/1784/1097 1525/2431/1642 1523/1785/1098
f 1387/1781/1094 1526/1784/1097 1527/1782/1095
f 1262/1587/917 1530/1790/1101 1528/1586/916
f 1529/1791/1102 1221/1566/897 1528/1586/916
f 1529/2432/1102 1532/2433/1643 1531/2349/1586
f 1417/1677/1000 1533/1792/1103 1396/2434/1644
f 1223/1797/1106 1515/1777/1090 1517/1798/1107
f 1536/1796/1105 1097/1574/904 1223/1797/1106
f 1246/1356/709 1536/1796/1105 1416/1799/1108
f 1536/1796/1105 1518/1650/976 1376/1653/979
f 1538/1800/1109 1537/1578/908 1532/2433/1643
f 1533/1792/1103 1417/1677/1000 1538/1800/1109
f 1539/1361/714 1524/2435/1645 1525/2431/1642
f 1537/1578/908 1423/1594/924 1276/1584/914
f 1262/1587/917 960/1580/910 1231/1579/909
f 1541/2362/1597 1262/1587/917 1231/1579/909
f 1543/2436/1646 1733/1975/1271 1544/1934/1236
f 1788/1935/1237 1544/1934/1236 1733/1975/1271
f 1663/1941/1243 1552/2437/1647 1548/1942/1244
f 1553/1801/1110 1781/1931/1233 1767/1802/1111
f 1556/2438/1648 1671/2439/1154 1555/2440/1649
f 1555/2440/1649 1558/1897/1201 1556/2438/1648
f 1555/2440/1649 1672/2441/1157 1557/2442/1650
f 1557/2442/1650 1558/1897/1201 1555/2440/1649
f 1557/2442/1650 1562/2010/1301 1558/1897/1201
f 1557/2442/1650 1676/2443/1158 1559/2444/1651
f 1724/1890/1195 1558/1897/1201 1562/2010/1301
f 1563/1810/1119 1564/1980/1276 1565/1805/1114
f 1567/1811/1120 1563/1810/1119 1565/1805/1114
f 1700/1868/1174 1571/1814/1123 1569/1813/1122
f 1573/1988/1282 1575/2445/1652 1572/1816/1125
f 1575/2445/1652 1874/1815/1124 1572/1816/1125
f 1571/1814/1123 1843/2012/1303 1576/1812/1121
f 1578/2005/1296 1579/1817/1126 1674/1819/1128
f 1582/2446/1653 1583/2447/1654 1578/2005/1296
f 1722/1821/1130 1647/1820/1129 1584/2448/1655
f 1590/2449/1656 1670/2450/1160 1556/2438/1648
f 1556/2438/1648 1558/1897/1201 1588/1823/1132
f 1749/1908/1212 1593/2451/1657 1595/1909/1213
f 1596/1911/1215 1593/2451/1657 1749/1908/1212
f 1570/2452/1658 1701/1870/1176 1569/1813/1122
f 1570/2452/1658 1576/1812/1121 1598/1827/1136
f 1609/2453/1659 1667/2454/1660 1800/2455/1661
f 1609/2456/1659 1543/2436/1646 1635/1893/1198
f 1615/2457/1662 1754/2458/1663 1634/1829/1138
f 1618/2459/1664 1552/2437/1647 1666/2460/1665
f 1624/2461/1149 1622/1844/1153 1665/2462/1150
f 1609/2453/1659 1800/2455/1661 1772/2463/1666
f 1626/2464/1667 1631/2465/1668 1630/2466/1669
f 1716/1881/1186 1626/2464/1667 1627/1954/1256
f 1801/1956/1257 1628/2467/1670 1629/1902/1206
f 1611/2468/1671 1632/1894/1141 1633/2469/1672
f 1634/1829/1138 1754/2458/1663 1745/1830/1139
f 1632/1894/1141 1635/1893/1198 1633/2469/1672
f 1644/2470/1673 1637/2471/1674 1643/2472/1675
f 1645/2473/1142 1802/2474/1676 1803/1967/1260
f 1546/2475/1677 1792/1944/1246 1649/2476/1678
f 1718/1882/1187 1654/2477/1679 1655/2478/1680
f 1665/2462/1150 1622/1844/1153 1664/1888/1193
f 1663/1941/1243 1666/2460/1665 1552/2437/1647
f 1667/2454/1660 1609/2453/1659 1669/1914/1218
f 1607/1842/1151 1729/1892/1197 1668/1843/1152
f 1671/1845/1154 1674/1819/1128 1672/1848/1157
f 1677/2075/1366 1559/2444/1651 1676/2443/1158
f 1673/1850/1159 1680/1852/1161 1678/2479/1162
f 1679/2480/1681 1678/1853/1162 1681/1855/1163
f 1841/1891/1196 1686/1862/1170 1688/1859/1167
f 1598/1827/1136 1641/2481/1682 1570/2452/1658
f 1704/2482/1683 1641/2481/1682 1643/2483/1675
f 1703/2484/1684 1637/2471/1674 1638/2485/1685
f 1711/1873/1179 1577/1878/1183 1602/2486/1686
f 1651/1836/1145 1727/1884/1189 1713/2487/1687
f 1725/1861/1169 1716/1881/1186 1724/1890/1195
f 1584/2448/1655 1664/1888/1193 1722/1821/1130
f 1668/1843/1152 1756/2488/1688 1723/1889/1194
f 1841/1891/1196 1688/1859/1167 1725/1861/1169
f 1726/1828/1137 1728/2489/1689 1727/1884/1189
f 1727/1884/1189 1717/1883/1188 1726/1828/1137
f 1610/2490/1690 1635/1893/1198 1731/1895/1199
f 1719/2491/1691 1721/1886/1191 1734/1826/1135
f 1717/1883/1188 1719/2491/1691 1734/1826/1135
f 1737/1896/1200 1735/2492/1692 1736/2493/1693
f 1576/1812/1121 1845/2011/1302 1726/1828/1137
f 1730/2494/1140 1610/2495/1690 1632/2496/1141
f 1732/2497/1694 1624/1840/1149 1621/1839/1148
f 1639/1898/1202 1739/2498/1695 1638/2485/1685
f 1768/1905/1209 1606/2499/1696 1605/2500/1697
f 1741/1903/1207 1768/1905/1209 1605/2500/1697
f 1743/1917/1221 1744/1953/1255 1742/1904/1208
f 1757/1906/1210 1722/1821/1130 1723/1889/1194
f 1756/2488/1688 1745/1830/1139 1757/1906/1210
f 1746/1822/1131 1757/1906/1210 1745/1830/1139
f 1578/2005/1296 1847/1846/1155 1582/2446/1653
f 1754/2501/1663 1612/2502/1698 1650/2503/1699
f 1648/2504/1700 1650/2503/1699 1614/2505/1701
f 1756/2488/1688 1729/1892/1197 1745/1830/1139
f 1759/2506/1702 1772/2507/1666 1758/2508/1703
f 1758/2508/1703 1761/1824/1133 1759/2506/1702
f 1761/1824/1133 1762/1915/1219 1759/2506/1702
f 1763/2509/1704 1629/1902/1206 1628/2467/1670
f 1737/1896/1200 1764/1835/1144 1642/2510/1705
f 1766/1916/1220 1765/1952/1254 1659/2511/1706
f 1766/1916/1220 1659/2511/1706 1658/2512/1707
f 1766/1916/1220 1742/1904/1208 1744/1953/1255
f 1770/1920/1224 1683/2513/1708 1685/1921/1225
f 1743/1917/1221 1770/1920/1224 1771/1918/1222
f 1613/2514/1709 1774/2515/1227 1773/1957/1258
f 1775/1962/1263 1549/1925/1229 1780/1927/1231
f 1787/1922/1226 1716/1881/1186 1774/1923/1227
f 1616/1943/1245 1777/2516/1710 1618/2517/1664
f 1778/2518/1711 1779/1945/1247 1776/1930/1230
f 1779/1945/1247 1806/1928/1232 1776/1930/1230
f 1781/1931/1233 1553/1801/1110 1625/2519/1712
f 1787/1922/1226 1636/1924/1228 1788/1935/1237
f 1784/1937/1239 1789/1940/1242 1548/1942/1244
f 1548/1942/1244 1551/1939/1241 1784/1937/1239
f 1779/1945/1247 1792/1944/1246 1791/1979/1275
f 1616/1943/1245 1649/2476/1678 1792/1944/1246
f 1547/1901/1205 1817/1900/1204 1792/1944/1246
f 1554/1803/1112 1667/2454/1660 1669/1914/1218
f 1767/1802/1111 1744/1953/1255 1554/1803/1112
f 1799/1977/1273 1794/1948/1250 1796/1947/1249
f 1743/1917/1221 1800/2455/1661 1667/2454/1660
f 1667/2454/1660 1744/1953/1255 1743/1917/1221
f 1800/2455/1661 1743/1917/1221 1772/2463/1666
f 1773/1957/1258 1801/1956/1257 1545/2520/1713 1648/2504/1700 1613/2514/1709
f 1629/1902/1206 1545/2520/1713 1801/1956/1257
f 1795/1946/1248 1803/1959/1260 1802/2521/1676
f 1802/2521/1676 1645/1833/1142 1797/1949/1251
f 1793/1960/1261 1804/1958/1259 1795/1946/1248
f 1775/1962/1263 1805/1961/1262 1793/1960/1261
f 1806/1928/1232 1779/1945/1247 1791/1979/1275
f 1806/1928/1232 1791/1979/1275 1807/1963/1264
f 1785/1933/1235 1811/1951/1253 1781/1931/1233
f 1716/1881/1186 1787/1922/1226 1788/1935/1237
f 1788/1935/1237 1724/1890/1195 1716/1881/1186
f 1815/1976/1272 1813/1972/1270 1814/2522/1714
f 1816/1978/1274 1736/2493/1693 1735/2492/1692
f 1736/2493/1693 1816/1978/1274 1799/1977/1273
f 1808/1965/1265 1807/1963/1264 1740/1899/1203
f 1740/1899/1203 1791/1979/1275 1817/1900/1204
f 1791/1979/1275 1792/1944/1246 1817/1900/1204
f 1554/1803/1112 1744/1953/1255 1667/2454/1660
f 1818/1806/1115 1564/1980/1276 1825/1982/1278
f 1687/1857/1165 1819/1856/1164 1820/2523/1280
f 1822/1987/1277 1821/2009/1300 1823/1985/1281
f 1823/1985/1281 2150/2008/1299 1824/2524/1715
f 1824/2524/1715 1825/1986/1278 1823/1985/1281
f 1824/2524/1715 2149/2525/1488 1825/1986/1278
f 1573/1988/1282 1826/1990/1284 1832/2526/1291
f 1695/1994/1288 1827/1991/1285 1829/1995/1283
f 1827/1991/1285 1831/1993/1287 1826/1997/1284
f 1831/1993/1287 1828/1992/1286 1830/1807/1116
f 1580/1818/1127 1837/2003/1294 1833/2001/1292
f 1579/1817/1126 1836/2006/1297 1837/2003/1294
f 1837/2527/1294 1846/2528/1716 1835/2529/1717
f 1838/2530/1718 1843/2012/1303 1844/2531/1719
f 1834/2532/1295 1835/2529/1717 1838/2530/1718
f 1838/2533/1718 1839/2534/1504 1834/2535/1295
f 1840/2007/1298 1842/2013/1304 2150/2008/1299
f 1840/2007/1298 1819/1856/1164 1686/1862/1170
f 1842/2013/1304 1840/2007/1298 1686/1862/1170
f 1845/2011/1302 1846/2528/1716 1726/1828/1137
f 2139/1998/1289 1830/1807/1116 1869/2015/1306
f 1567/1811/1120 1828/1992/1286 1827/1991/1285
f 1675/1847/1156 1674/1819/1128 1848/2016/1307
f 1565/1805/1114 1828/1992/1286 1567/1811/1120
f 1847/1846/1155 1673/1850/1159 1582/2446/1653
f 2102/2536/1720 2027/2020/1311 1849/2019/1310
f 2083/2054/1345 1851/2053/1344 1852/2182/1459
f 1974/2537/1721 1859/2538/1722 1860/2071/1362
f 1860/2071/1362 1864/2034/1325 1862/2074/1365
f 1862/2074/1365 1864/2034/1325 1863/2539/1723
f 1561/2033/1324 1560/2540/1724 1864/2034/1325
f 2152/2014/1305 1561/2033/1324 1861/2035/1326
f 1560/2540/1724 1559/2444/1651 1863/2539/1723
f 1866/2133/1417 2155/2132/1416 1868/2541/1725
f 1566/1808/1117 2131/1804/1113 2132/2220/1490
f 2153/2247/1509 1874/1815/1124 1873/2037/1328
f 1875/2542/1726 2137/2233/1499 1872/2235/1500
f 1575/2445/1652 2137/2233/1499 1875/2542/1726
f 1878/2040/1331 1876/2102/1391 1877/2041/1332
f 1878/2040/1331 1880/2078/1368 1879/2237/1502
f 1581/2002/1293 1879/2237/1502 1882/2017/1308
f 1581/2002/1293 1882/2017/1308 1580/1818/1127
f 1883/2066/1357 1885/2110/1397 1949/2067/1358
f 1965/2118/1404 1885/2110/1397 2020/2109/1396
f 1981/2155/1436 1886/2543/1727 1982/2083/1372
f 1861/2035/1326 1859/2538/1722 1889/2544/1728
f 1889/2544/1728 1887/2142/1424 1861/2035/1326
f 1873/2037/1328 1900/2545/1729 1898/2047/1338
f 1900/2545/1729 2000/2546/1730 1898/2047/1338
f 2050/2547/1731 1905/2548/1732 1904/2549/1733
f 1906/2048/1339 1905/2550/1732 2050/2551/1731
f 1907/2552/1734 1908/2553/1735 2025/2115/1402
f 1910/2554/1736 1911/2555/1737 1968/2556/1738
f 1914/2140/1422 1913/2557/1739 2054/2138/1421
f 1913/2558/1739 1915/2559/1740 1912/2560/1349
f 2081/2065/1356 1948/2064/1355 1917/2561/1741
f 1918/2562/1742 2081/2065/1356 1917/2561/1741
f 1919/2563/1743 1949/2067/1358 2030/2117/1403
f 2030/2117/1403 1949/2067/1358 1965/2118/1404
f 1919/2564/1743 1917/2561/1741 1949/2565/1358
f 2111/2130/1414 1911/2555/1737 1926/2190/1467
f 1909/2566/1744 1927/2191/1468 1926/2190/1467
f 1929/2567/1745 1928/2568/1746 1930/2569/1747
f 1944/2063/1354 1941/2062/1353 1943/2570/1748
f 2100/2185/1462 1850/2022/1313 1947/2021/1312
f 1951/2571/1749 1950/2136/1420 1949/2067/1358
f 1954/2572/1750 1952/2114/1401 2019/2573/1751
f 1949/2565/1358 1917/2561/1741 1951/2574/1749
f 1956/2575/1752 2019/2573/1751 1953/2576/1753
f 1959/2205/1478 1961/2204/1477 1960/2577/1754
f 2091/2055/1346 1964/2578/1755 2031/2579/1756
f 1923/2056/1347 2031/2579/1756 1921/2580/1757 1922/2070/1361
f 1860/2071/1362 1969/2073/1364 1974/2537/1721
f 1862/2074/1365 1970/2072/1363 1860/2071/1362
f 1881/2077/1367 1969/2079/1364 1970/2076/1363
f 1971/2248/1510 1973/2581/1758 1974/2582/1721
f 1880/2078/1368 1974/2582/1721 1969/2079/1364
f 1975/2080/1369 1976/2583/1759 1978/2081/1370
f 1982/2083/1372 1888/2584/1760 1978/2081/1370
f 1982/2083/1372 1983/2085/1374 1981/2155/1436
f 1986/2585/1761 1987/2586/1762 1992/2587/1377
f 1989/2588/1763 1928/2568/1746 1988/2589/1764
f 1988/2589/1764 1986/2585/1761 1989/2588/1763
f 1990/2086/1375 1865/2225/1493 1991/2087/1376
f 1938/2590/1765 1998/2591/1766 1937/2592/1767
f 1999/2593/1768 2000/2546/1730 1997/2091/1380
f 2004/2094/1383 2024/2112/1399 2006/2097/1386
f 2006/2097/1386 2007/2095/1384 2004/2094/1383
f 1955/2100/1389 2008/2594/1769 1952/2114/1401
f 2009/2099/1388 2006/2097/1386 2008/2594/1769
f 1876/2102/1391 2007/2104/1384 2013/2595/1770
f 2016/2113/1400 2019/2573/1751 1952/2114/1401
f 2021/2596/1771 1966/2119/1360 2020/2109/1396
f 2020/2109/1396 1966/2119/1360 1965/2118/1404
f 2014/2124/1408 2022/2597/1772 2152/2014/1305
f 2022/2597/1772 1989/2588/1763 1986/2585/1761
f 1989/2588/1763 2022/2597/1772 2014/2124/1408
f 1986/2585/1761 2152/2014/1305 2022/2597/1772
f 1952/2114/1401 2008/2594/1769 2024/2112/1399
f 2024/2112/1399 2008/2594/1769 2006/2097/1386
f 2027/2020/1311 2026/2050/1341 2095/2018/1309
f 2025/2115/1402 1908/2553/1735 2029/2059/1350
f 1899/2039/1330 1897/2046/1337 2023/2038/1329
f 2034/2122/1406 2035/2123/1407 2066/2147/1429
f 2032/2107/1394 2033/2148/1430 2035/2123/1407
f 2035/2123/1407 2034/2122/1406 2018/2105/1392
f 1861/2035/1326 1887/2142/1424 2014/2124/1408
f 1912/2560/1349 1915/2559/1740 2028/2598/1342
f 2039/2146/1428 2037/2145/1427 2036/2128/1412
f 2041/2599/1773 2040/2032/1323 1857/2030/1321
f 1883/2066/1357 2044/2111/1398 1885/2110/1397
f 1884/2068/1359 2044/2111/1398 1883/2066/1357
f 1949/2067/1358 2054/2137/1421 1884/2068/1359
f 2054/2137/1421 1936/2060/1351 1884/2068/1359
f 2059/2141/1423 2044/2111/1398 1936/2060/1351
f 2051/2042/1333 1971/2248/1510 1878/2040/1331
f 2050/2551/1731 2052/2135/1419 1906/2048/1339
f 1904/2549/1733 2049/2600/1774 2050/2547/1731
f 2059/2141/1423 1936/2060/1351 2029/2059/1350
f 2071/2152/1434 2060/2143/1425 2061/2601/1775
f 2063/2602/1776 2070/2603/1433 2062/2153/1435
f 1932/2604/1777 2103/2025/1316 2037/2145/1427
f 1941/2062/1353 2065/2149/1431 2033/2148/1430
f 1943/2570/1748 2033/2148/1430 2032/2107/1394
f 1897/2046/1337 1943/2570/1748 2032/2107/1394
f 1897/2046/1337 1898/2047/1338 1943/2570/1748
f 2108/2129/1413 2070/2151/1433 2069/2158/1438
f 2072/2154/1432 2062/2153/1435 2070/2603/1433
f 1916/2605/1778 2112/2606/1441 2077/2607/1457
f 1855/2166/1445 1854/2203/1476 2078/2164/1443
f 2084/2608/1779 2083/2054/1345 2082/2609/1447
f 2090/2610/1452 2085/2611/1780 2087/2174/1451
f 2085/2611/1780 2092/2027/1318 1858/2029/1320
f 2095/2018/1309 2077/2180/1457 2094/2179/1456
f 2092/2027/1318 2093/2612/1454 2091/2613/1346
f 1849/2019/1310 2095/2018/1309 2094/2179/1456
f 2095/2018/1309 2026/2050/1341 2077/2180/1457
f 2098/2181/1458 2086/2211/1483 2096/2215/1485
f 2098/2181/1458 2097/2183/1460 2088/2176/1453
f 1887/2142/1424 1849/2019/1310 2094/2179/1456
f 2096/2215/1485 2099/2614/1781 2098/2181/1458
f 1853/2184/1461 2098/2181/1458 2099/2614/1781
f 2081/2065/1356 2130/2171/1448 2100/2185/1462
f 1911/2555/1737 2111/2130/1414 2101/2031/1322
f 2100/2185/1462 2129/2125/1409 1850/2022/1313
f 2106/2186/1463 2114/2195/1470 2105/2187/1464
f 2107/2172/1449 1858/2029/1320 2123/2189/1466
f 1857/2030/1321 2040/2032/1323 1856/2026/1317
f 2040/2032/1323 2067/2615/1782 1858/2029/1320
f 1927/2191/1468 2108/2129/1413 1926/2190/1467
f 2117/2198/1473 2118/2197/1472 2115/2200/1474
f 2079/2168/1446 2078/2167/1443 2117/2198/1473
f 2118/2201/1472 1854/2203/1476 2104/2202/1475
f 2116/2196/1471 2104/2202/1475 2114/2195/1470
f 2119/2188/1465 1961/2204/1477 2120/2206/1479
f 1958/2616/1783 2121/2208/1480 2120/2207/1479
f 2086/2211/1483 2124/2210/1482 2122/2209/1481
f 2089/2173/1450 2107/2172/1449 2123/2189/1466
f 2124/2213/1482 2123/2189/1466 2119/2188/1465 2120/2206/1479
f 2094/2179/1456 1989/2588/1763 2014/2124/1408
f 1933/2178/1455 1989/2588/1763 2094/2179/1456
f 1887/2142/1424 2094/2179/1456 2014/2124/1408
f 2125/2617/1784 2017/2121/1405 2127/2214/1484
f 2099/2614/1781 2096/2215/1485 2128/2217/1487
f 2125/2617/1784 2127/2214/1484 2105/2187/1464
f 2128/2217/1487 2125/2617/1784 2105/2187/1464
f 2111/2130/1414 1857/2030/1321 2101/2031/1322
f 2132/2220/1490 2131/1804/1113 2149/2218/1488
f 1985/2618/1785 1991/2222/1376 2151/2246/1508
f 2134/2224/1492 2135/2223/1491 2149/2525/1488
f 2133/2219/1489 1867/2226/1494 2132/2220/1490
f 2135/2221/1491 1865/2225/1493 1867/2226/1494
f 2136/1999/1290 1831/1993/1287 2139/1998/1289
f 2141/2227/1495 1994/2230/1498 2142/2228/1496
f 2140/2619/1786 2141/2227/1495 2138/2229/1497
f 2002/2093/1382 1871/2092/1381 1872/2235/1500
f 2142/2232/1496 1872/2235/1500 2137/2233/1499
f 2143/2238/1503 2145/2620/1505 2146/2236/1501
f 2148/2245/1507 1879/2237/1502 2146/2236/1501
f 1843/2012/1303 2153/2247/1509 1844/2531/1719
f 2144/2621/1787 2153/2247/1509 2154/2622/1788
f 2154/2622/1788 2153/2247/1509 2023/2038/1329
f 1194/1525/864 928/1523/862 927/1381/734
f 991/1443/792 1194/1525/864 927/1381/734
f 993/1385/738 929/1384/737 930/2251/1513
f 930/2251/1513 1137/2313/1563 1012/2332/1575
f 930/2251/1513 931/2250/1512 1137/2313/1563
f 935/1519/858 1174/1518/857 936/1532/871 934/1502/843
f 943/1355/708 941/1410/761 1042/2291/1545 940/2261/1520
f 945/1354/707 1246/1356/709 1247/2254/1516 944/2253/1515
f 949/1357/710 948/1364/717 1230/1363/716 1229/1360/713
f 948/1364/717 946/1553/888 947/1362/715
f 1201/1359/712 1202/1551/886 949/1357/710
f 954/1365/718 953/2623/1789 1208/1557/890 952/2256/1517
f 973/1453/800 955/1369/722 950/1367/720
f 952/2256/1517 951/1366/719 954/1365/718
f 1086/1432/781 956/1371/724 957/1370/723 1216/1568/899
f 1216/1568/899 957/1370/723 958/2257/1518 1215/1570/901
f 959/1565/896 1215/1570/901 958/2257/1518 960/1580/910
f 957/1370/723 1045/1372/725 1232/1402/755 958/2257/1518
f 967/1374/727 943/1355/708 940/2261/1520 966/2259/1519
f 1111/1395/748 961/2315/1564 962/1440/789
f 962/1440/789 961/2315/1564 1120/2316/1565
f 970/2266/1524 972/1474/821 971/1419/770 1065/2264/1523
f 972/1474/821 947/1362/715 946/1553/888 971/1419/770
f 969/2265/1521 1126/2624/1790 1123/1472/819 970/2266/1524
f 1114/1458/805 1126/2625/1790 969/2262/1521 968/1459/806
f 976/1466/813 978/2626/1791 977/2627/1792 975/2628/1793
f 978/2629/1791 979/2268/1526 1088/2630/1794 977/2631/1792
f 1087/2302/1553 980/2267/1525 956/1371/724 1086/1432/781
f 1088/2630/1794 979/2268/1526 980/2267/1525 1087/2302/1553
f 978/2629/1791 1128/2632/1795 981/2269/1527 979/2268/1526
f 976/1466/813 1118/1465/812 1128/2633/1795 978/2626/1791
f 985/2634/1558 983/2270/1528 1101/2271/1529
f 985/2635/1558 989/2636/1796 984/2637/1797 983/2638/1528
f 989/2636/1796 987/2639/1798 986/2289/1543 984/2637/1797
f 986/2289/1543 988/2640/1799 984/2637/1797
f 990/1380/733 987/1382/735 985/2307/1558
f 987/1382/735 984/2641/1800 985/2307/1558
f 991/1443/792 992/1389/742 1156/1497/838
f 994/2642/825 1023/1475/822 1129/1383/736 993/1385/738
f 992/2322/742 993/1385/738 930/2251/1513 1012/2332/1575 1155/2323/839
f 994/2642/825 993/1385/738 992/2322/742
f 994/1479/825 1103/2643/741 995/2644/1801
f 994/1479/825 995/2644/1801 1121/2645/1802
f 998/2309/1530 997/1398/751 996/2273/745
f 998/2272/1530 1022/1391/744 1000/1477/824 999/2646/794
f 999/2647/794 961/2315/1564 1111/1395/748
f 999/2647/794 1000/2314/824 961/2315/1564
f 999/1447/794 1104/1445/793 998/2309/1530
f 1003/2648/803 1001/1394/747 1096/1393/746
f 1002/2328/1531 1038/1397/750 1003/1456/803
f 1173/1449/796 1038/1397/750 1002/2328/1531
f 986/2289/1543 987/2639/1798 1005/2649/1803 1004/1470/817
f 1008/1499/840 1011/2278/1535 1006/2277/1534
f 1006/2277/1534 1067/2304/1555 1008/1499/840
f 1010/2650/1804 1138/1457/804 968/1459/806 1009/2263/1522
f 1011/2651/1535 1010/2650/1804 1009/2263/1522 1007/2652/1533
f 1008/2333/840 1012/2332/1575 1010/2650/1804 1011/2651/1535
f 1014/2653/1805 1017/1463/810 1019/2282/1537 1015/2654/1806
f 1015/2654/1806 1016/2655/1807 1014/2653/1805
f 1017/1463/810 1014/2653/1805 1013/2311/1561
f 1016/2656/1807 1015/2657/1806 1019/2658/1537 1018/1424/775
f 1020/2281/869 1017/1463/810 1189/1536/867
f 1022/1391/744 1021/1390/743 1129/1383/736 1023/1475/822
f 996/1392/745 1158/1505/846 1021/1390/743
f 1175/1521/860 931/2250/1512 929/1384/737 1021/1390/743
f 1031/2283/1538 1030/1433/782 1024/2284/1539
f 1027/2285/1540 1031/2283/1538 1025/1436/785
f 1030/2659/782 1031/2660/1538 1028/2661/1808 975/2628/1793
f 1031/2660/1538 1027/2662/1540 1029/2663/1809 1028/2661/1808
f 1034/2664/1810 1029/2663/1809 1027/2662/1540 1035/2665/1811
f 1033/1537/874 1032/2331/1574 1034/2664/1810
f 1034/2664/1810 1035/2665/1811 1036/1538/875 1033/1537/874
f 1035/2666/1811 1027/2285/1540 1026/2286/1541
f 1035/2666/1811 1037/2288/1542 1036/2287/875
f 1107/1450/797 1037/2288/1542 1035/2666/1811 1026/2286/1541
f 1041/2667/1812 988/2640/1799 986/2289/1543 1039/2290/1544
f 983/2270/1528 1040/2668/1813 1132/1442/791 982/1482/827
f 1041/2667/1812 1040/2669/1813 983/2638/1528 984/2637/1797
f 1041/2667/1812 1039/2290/1544 937/2275/1532 1131/2670/1814
f 1042/2291/1545 1043/2260/752 940/2261/1520
f 942/1408/760 944/2253/1515 1049/1406/759
f 1045/1372/725 1042/2292/1545 1232/1402/755
f 1053/1413/764 1043/1399/752 1046/1400/753 1051/1411/762
f 966/2259/1519 1043/2260/752 1053/2258/764
f 1053/2258/764 1054/2294/763 965/1376/729
f 1054/2294/763 1060/1415/766 1056/1414/765
f 1054/2294/763 1052/2671/1546 1059/2672/1815 1060/1415/766
f 1060/2673/766 1059/2674/1815 1058/2321/1570 1057/1490/767
f 1063/2295/769 1066/2341/768 1061/2296/1547
f 1063/1418/769 1064/2675/1549 1065/2264/1523 971/1419/770
f 1065/2264/1523 1068/2676/1536 969/2265/1521
f 1065/2264/1523 1064/2675/1549 1068/2676/1536
f 1068/2279/1536 1007/2652/1533 1009/2263/1522
f 1068/2677/1536 1006/2277/1534 1007/2276/1533
f 1062/2297/1548 1067/2304/1555 1068/2677/1536
f 1006/2277/1534 1068/2677/1536 1067/2304/1555
f 1068/2677/1536 1064/2298/1549 1062/2297/1548
f 1069/2678/1816 1077/2679/772 1071/1561/771 1070/1560/893
f 1072/2680/1817 1073/2681/774 1077/2679/772 1069/2678/1816
f 1018/1424/775 1076/1379/732 1079/2299/1550 1016/2656/1807
f 1073/2681/774 1072/2680/1817 1078/2682/1818 1079/2683/1550
f 1016/2655/1807 1079/2684/1550 1078/2685/1818 1014/2653/1805
f 1100/2300/1551 1081/1425/776 1082/1427/778 1080/2344/1583
f 1078/2685/1818 1013/2311/1561 1014/2653/1805
f 1083/2301/1552 1084/1428/779 1089/1426/777 1081/1425/776
f 1085/2686/780 1088/2630/1794 1087/2302/1553 1089/1431/777
f 977/2631/1792 1088/2630/1794 1085/2686/780 1090/2687/783
f 975/2628/1793 977/2627/1792 1090/2688/783 1030/2659/782
f 1091/1435/784 1084/1428/779 1083/2301/1552 1092/2303/1554
f 1092/2303/1554 1030/1433/782 1091/1435/784
f 1090/1434/783 1085/1429/780 1084/1428/779 1091/1435/784
f 1026/2286/1541 1025/1436/785 1106/1438/787 1107/1450/797
f 1024/2284/1539 1094/1437/786 1025/1436/785
f 1097/1574/904 1098/2306/1557 1062/2297/1548 1061/2296/1547
f 1095/1546/881 1037/2288/1542 1108/1454/801
f 1108/1454/801 1109/2336/1577 1095/1546/881
f 1111/1395/748 962/1440/789 1096/1393/746
f 1003/2648/803 1096/1393/746 1130/1441/790
f 1132/1442/791 1040/2668/1813 1130/1441/790
f 1067/2304/1555 1062/2297/1548 1098/2306/1557 1093/2305/1556
f 1101/2271/1529 982/1482/827 1121/2645/1802 995/2644/1801
f 1099/1452/799 1100/2300/1551 1080/2344/1583
f 995/2644/1801 1103/2643/741 985/2634/1558 1101/2271/1529
f 1109/2336/1577 1108/1454/801 1110/1455/802 1141/2340/1581
f 1126/2625/1790 1114/1458/805 1013/2311/1561 1078/2685/1818
f 1112/1460/807 1113/1461/808 1017/1463/810 1013/2311/1561
f 1059/2674/1815 1128/2633/1795 1118/1465/812 1058/2321/1570
f 1115/1462/809 1113/1461/808 1116/2312/1562
f 1119/1467/814 1148/1489/834 1058/2321/1570 1118/1465/812
f 1117/1468/815 1146/1487/832 1148/1489/834 1119/1467/814
f 1120/2316/1565 1133/1481/826 963/1439/788 962/1440/789
f 1117/1468/815 1145/1469/816 1146/1487/832
f 1125/1473/820 1124/1471/818 947/1362/715 972/1474/821
f 994/1479/825 1121/2645/1802 1122/1480/823
f 1121/2645/1802 1120/2316/1565 1122/1480/823
f 1125/1473/820 1069/2678/1816 1070/1560/893 1124/1471/818
f 1123/1472/819 1072/2680/1817 1069/2678/1816 1125/1473/820
f 1072/2680/1817 1123/1472/819 1126/2624/1790 1078/2682/1818
f 980/2267/1525 1127/2317/1566 1046/1400/753 956/1371/724
f 1127/2317/1566 981/2269/1527 1052/2293/1546 1051/1411/762
f 1052/2293/1546 981/2269/1527 1128/2632/1795 1059/2689/1815
f 1041/2667/1812 1131/2670/1814 1130/2690/790 1040/2669/1813
f 1131/2670/1814 1003/2691/803 1130/2690/790
f 1131/2670/1814 937/2275/1532 1002/2274/1531 1003/2691/803
f 1012/2332/1575 1137/2313/1563 1138/1457/804 1010/2650/1804
f 1121/2645/1802 982/1482/827 1133/1481/826
f 1120/2316/1565 1121/2645/1802 1133/1481/826
f 1153/2319/1568 1134/1524/863 1135/2310/1560
f 1134/1524/863 928/1523/862 1135/2310/1560
f 1150/1495/837 1135/2310/1560 1136/1373/726
f 1135/2310/1560 967/1374/727 1136/1373/726
f 1139/1483/828 1140/1451/798 1018/1424/775 1019/2658/1537
f 1019/2658/1537 1020/1530/869 1139/1483/828
f 1140/1451/798 973/1453/800 974/1377/730 1018/1424/775
f 1032/2331/1574 939/1353/706 1144/1484/829 1034/2664/1810
f 1141/2340/1581 1110/1455/802 1139/1483/828
f 1034/2664/1810 1144/1484/829 1142/2320/1569 1029/2663/1809
f 1142/2320/1569 1143/1464/811 1028/2661/1808 1029/2663/1809
f 1143/1464/811 976/1466/813 975/2628/1793 1028/2661/1808
f 1004/1470/817 1005/2649/1803 1147/1485/830 1145/1469/816
f 1162/1501/842 1159/2252/1514 934/1502/843
f 1157/2692/1571 996/2273/745 1159/2252/1514
f 1157/2326/1571 1160/1503/844 1158/1505/846 996/1392/745
f 1160/1503/844 1162/1506/842 1186/1508/847 1161/1504/845
f 1167/2693/854 1002/2274/1531 1164/1526/865 1168/2327/853
f 1167/1515/854 1166/1512/851 1002/2328/1531
f 1168/1514/853 1165/2694/850 1166/1512/851
f 1171/1513/852 1166/1512/851 1165/2694/850
f 1169/2334/849 1170/1517/856 1172/1516/855 1165/2694/850
f 991/1443/792 1156/1497/838 1194/1525/864
f 1174/1518/857 1181/2338/1579 1177/1529/868 936/1532/871
f 1165/2694/850 1172/1516/855 1171/1513/852
f 1171/1513/852 1172/1516/855 1173/1449/796
f 986/2289/1543 1004/1470/817 1176/1522/861
f 1180/2330/1573 1139/1483/828 1020/1530/869 1179/2329/1572
f 1178/1527/866 1177/1529/868 1181/2338/1579
f 1180/2330/1573 1178/1527/866 1198/2339/1580 1141/2340/1581
f 1180/2330/1573 1141/2340/1581 1139/1483/828
f 1147/1496/830 1184/1387/740 1183/1386/739 1154/2318/1567
f 1181/2338/1579 1198/2339/1580 1178/1527/866
f 1178/1527/866 1179/2329/1572 1020/1530/869
f 1188/2695/872 1185/1531/870 1177/1529/868 1189/1528/867
f 1193/1539/876 1190/1540/877 1032/2331/1574 1033/1537/874
f 1191/1542/879 1195/2335/1576 1170/1517/856 1169/2334/849
f 1182/1509/848 1190/1540/877 1169/1510/849
f 1036/2287/875 1095/1546/881 1196/1545/880 1193/1544/876
f 1195/2335/1576 1197/1547/882 1198/2339/1580 1181/2338/1579
f 1191/1542/879 1196/1545/880 1195/2335/1576
f 1197/1547/882 1199/2337/1578 1198/2339/1580
f 1199/2337/1578 1109/2336/1577 1141/2340/1581
f 1204/1550/885 1206/1552/887 948/1364/717 1202/1551/886
f 1252/1358/711 1249/1549/884 1201/1359/712
f 1066/2341/768 1206/1554/887 1224/1575/905
f 1206/1554/887 1205/1556/889 1225/1576/906
f 1203/2342/883 1207/2696/1819 1223/1797/1106 1205/1556/889
f 1214/1558/891 1208/1557/890 953/2623/1789 1521/2430/1641
f 1071/1420/771 1074/1422/773 951/1366/719 1210/2255/894
f 1210/2255/894 952/2256/1517 1209/1559/892
f 1211/1563/895 1230/1363/716 1124/1471/818 1070/1560/893
f 1212/2343/1582 1209/1564/892 1214/2697/891 1213/2698/1820
f 1217/2345/900 1080/2344/1583 1082/1427/778
f 1218/2347/898 1228/2346/1584 1217/2345/900
f 1221/1572/897 1219/1571/902 1226/2348/1585 1218/2347/898
f 1531/2349/1586 1220/2350/1587 1227/1577/907 1219/1571/902
f 1099/1452/799 1226/2348/1585 1219/1571/902 1227/1577/907
f 1224/1575/905 1097/1574/904 1061/2296/1547
f 1212/2343/1582 1229/1360/713 1230/1363/716 1211/1563/895
f 1229/1360/713 1212/2343/1582 1213/2698/1820
f 1238/1739/1059 1240/1721/1043 1472/1762/1078 1239/1738/1058
f 1047/1401/754 1048/1405/758 1231/1579/909
f 1362/1637/967 1247/2254/1516 1246/1356/709 1360/1636/966
f 1240/1721/1043 1238/1739/1059 1237/2355/1591
f 1245/1592/922 1359/1633/963 1360/1636/966
f 1520/1780/1093 1248/2699/1821 1251/2700/1822 1385/1779/1092
f 1249/1549/884 1250/2356/1592 1248/2699/1821 1520/1780/1093
f 1522/1788/1099 953/2623/1789 954/1365/718 1256/2360/1595
f 1258/2361/1596 1542/2701/1823 1261/2702/1824 1260/1671/994
f 1256/2360/1595 1257/1368/721 1253/2359/1594
f 953/2623/1789 1522/1788/1099 1521/2430/1641
f 1259/1789/1100 1258/2361/1596 1535/1670/993
f 1541/2362/1597 1542/2701/1823 1258/2361/1596 1259/1789/1100
f 1413/1673/996 1426/1706/1028 1437/1697/1019 1263/1588/918
f 1372/2703/1036 1266/2704/1825 1267/2705/1826 1265/2706/1827
f 1266/2704/1825 1373/1649/975 1269/1593/923 1267/2705/1826
f 1375/1647/972 1270/2364/1598 1269/1593/923 1373/1649/975
f 1268/1686/1009 1267/2705/1826 1269/1593/923
f 1271/2707/1828 1380/2708/1829 1272/2709/1830 1274/2710/1831
f 1381/2711/1832 1273/2712/1833 1272/2713/1830 1380/2714/1829
f 1275/2715/1834 1384/1655/981 1385/1779/1092 1251/2700/1822
f 1273/2712/1833 1381/2711/1832 1384/1655/981 1275/2715/1834
f 1278/2716/1835 1279/1699/1021 1281/2367/1600 1348/2717/1836
f 1402/2718/1837 1280/2719/926 1279/1699/1021 1278/2716/1835
f 1446/1598/928 1283/1597/927 1260/1671/994 1261/2702/1824
f 1283/1597/927 1280/1596/926 1402/2720/1837 1284/2368/1601
f 1285/2721/1838 1286/2722/1622 1323/1687/1004 1421/1607/937
f 1290/2723/1839 1286/2724/1622 1285/2725/1838
f 1292/2410/929 1312/2409/1632 1233/2351/1588 1427/1606/936
f 1427/1606/936 1287/1682/1005 1292/2410/929
f 1290/2726/1840 1292/2410/929 1287/1682/1005 1286/2396/1622
f 1289/2727/1841 1292/1599/929 1286/2724/1622 1290/2723/1839
f 1290/2723/1839 1291/2728/1842 1289/2727/1841
f 1289/2727/1841 1288/1600/930 1292/1599/929
f 1294/1603/933 1293/2729/1602 1296/2730/1843 1295/2374/938
f 1293/2729/1602 1294/1603/933 1470/1605/935
f 1447/1610/940 1295/1608/938 1296/2731/1843
f 1447/2402/940 1296/2732/1843 1293/2369/1602
f 1447/2402/940 1293/2369/1602 1297/1702/1024
f 1293/2369/1602 1468/2415/1635 1234/2353/1590 1235/1701/1023
f 1302/1614/944 1301/1611/941 1300/1613/943
f 1264/1590/920 1335/2733/945 1302/2734/944 1303/2363/956
f 1310/2735/1844 1307/2736/1845 1304/2737/959
f 1307/2736/1845 1305/1632/962 1304/2737/959
f 1304/1629/959 1352/1627/957 1310/2738/1844
f 1242/1703/1025 1448/1705/1027 1306/2370/1603 1241/1582/912
f 1310/2735/1846 1311/2739/1847 1306/2370/1603 1307/2736/1845
f 1309/1623/953 1308/2421/1637 1310/2738/1844 1352/1627/957
f 1308/2421/1637 1309/1623/953 1349/1740/1060
f 1308/2740/1637 1311/2739/1847 1307/2736/1848 1310/2735/1844
f 1314/2371/1604 1316/1753/1072 1407/1720/1042 1315/1674/997
f 1320/2373/1606 1316/1753/1072 1314/2371/1604
f 1274/2710/1831 1458/2741/1849 1319/2742/1850 1271/2707/1828
f 1316/1752/1072 1320/2743/1606 1319/2742/1850 1318/1750/1070
f 1320/2743/1606 1317/2744/1605 1271/2707/1828 1319/2742/1850
f 1325/2377/1609 1332/2378/1610 1328/2381/1030 1327/1693/1015
f 1447/1610/940 1439/2745/1612 1324/1609/939
f 1327/1693/1015 1330/2380/1066 1329/1691/1013
f 1460/1709/1031 1328/1708/1030 1331/2366/1599 1277/1595/925
f 1328/1708/1030 1332/2746/1610 1333/2389/1611 1331/2366/1599
f 1264/1590/920 1438/1589/919 1439/2745/1612 1335/2733/945
f 1334/1612/942 1299/1728/1048 1300/1613/943
f 1339/1617/947 1337/1616/946 1412/2391/1618 1336/1668/992
f 1344/1766/952 1345/2747/950 1342/2407/1631 1506/1764/1080
f 1408/1679/1002 1337/1616/946 1338/1619/949
f 1409/2393/1620 1338/1619/949 1340/1621/951
f 1410/2392/1619 1340/1621/951 1341/2383/1613
f 1342/2407/1631 1499/1747/1067 1506/1764/1080
f 1342/2407/1631 1345/2747/950 1346/2748/948 1343/2749/1851
f 1343/2749/1851 1346/2748/948 1339/2750/947 1347/2751/1852
f 1347/2751/1852 1339/2750/947 1336/2752/992 1348/2717/1836
f 1353/2753/958 1414/1672/995 1303/2363/956
f 1414/1672/995 1353/2753/958 1304/2754/959 1305/2394/962
f 1289/2727/1841 1354/1704/1026 1355/2384/1614 1288/1600/930
f 1357/1630/960 1354/1704/1026 1289/2727/1841 1291/2728/1842
f 1305/2394/962 1356/2755/961 1450/1707/1029 1413/1673/996
f 1450/1707/1029 1356/2755/961 1285/2721/1838 1421/1607/937
f 1357/1630/960 1290/2723/1839 1285/2725/1838 1356/1631/961
f 1366/1634/964 1359/1633/963 1244/1591/921 1358/2365/970
f 1049/1406/759 1247/2254/1516 1362/1637/967
f 1048/1405/758 1050/1404/757 1362/1638/967
f 1374/2756/974 1371/2757/1853 1369/2758/1854 1368/2759/1615
f 1371/2757/1853 1372/1714/1036 1370/2760/1855 1369/2758/1854
f 1372/2703/1036 1371/2761/1853 1266/2704/1825
f 1371/2761/1853 1374/1648/974 1373/1649/975
f 1373/1649/975 1266/2704/1825 1371/2761/1853
f 1358/2365/970 1270/2364/1598 1375/1647/972
f 1382/2762/1856 1317/2372/1605 1314/2371/1604 1378/1676/999
f 1376/1653/979 1518/1650/976 1386/1652/978
f 1377/2395/1621 1376/1653/979 1383/1654/980
f 1378/1676/999 1416/1799/1108 1377/2395/1621
f 1315/1674/997 1378/1676/999 1314/2371/1604
f 1377/2395/1621 1383/1654/980 1382/2762/1856 1378/1676/999
f 1317/2744/1605 1382/2763/1856 1380/2708/1829 1271/2707/1828
f 1380/2714/1829 1382/2764/1856 1383/2765/980 1381/2711/1832
f 1381/2711/1832 1383/2765/980 1386/1656/978 1384/1655/981
f 1395/1783/1096 1394/2766/983 1388/2767/1857 1387/1781/1094
f 1394/2766/983 1390/2768/982 1389/2769/1858 1388/2767/1857
f 1391/2770/1859 1392/2771/1616 1333/2379/1611 1325/2377/1609
f 1325/2377/1609 1326/2376/1608 1391/2770/1859
f 1390/2768/982 1392/2772/1616 1391/2773/1859 1389/2769/1858
f 1390/1658/982 1393/1660/984 1255/1585/915 1331/2366/1599
f 1276/1584/914 1277/1595/925 1331/2366/1599
f 1394/1659/983 1395/2358/1096 1254/2357/1593 1393/1660/984
f 1406/1661/985 1397/2774/1860 1417/1677/1000 1396/2434/1644
f 1406/1661/985 1398/1663/987 1397/2774/1860
f 1398/1663/987 1399/2775/1861 1418/1678/1001 1397/2774/1860
f 1405/1662/986 1400/1665/989 1399/2775/1861 1398/1663/987
f 1399/2775/1861 1400/1665/989 1401/1666/990 1419/2390/1617
f 1336/1668/992 1419/2390/1617 1401/1666/990
f 1400/1665/989 1404/1664/988 1403/1667/991 1401/1666/990
f 1348/2717/1836 1336/2752/992 1403/2776/991 1278/2716/1835
f 1278/2716/1835 1403/2776/991 1404/2777/988 1402/2718/1837
f 1404/2778/988 1405/2779/986 1284/2368/1601 1402/2720/1837
f 1405/2779/986 1406/1669/985 1260/1671/994 1284/2368/1601
f 1351/1625/955 1422/2397/1623 1302/2398/944 1300/2354/943
f 1410/2392/1619 1341/2383/1613 1411/1770/1085
f 1340/1621/951 1410/2392/1619 1409/2393/1620
f 1338/1619/949 1409/2393/1620 1408/1679/1002
f 1418/1678/1001 1399/2775/1861 1419/2390/1617
f 1417/1677/1000 1397/2774/1860 1418/1678/1001
f 1428/2399/1624 1429/2400/1625 1458/2741/1849 1274/2710/1831
f 1429/2400/1625 1431/1692/1014 1457/1690/1012 1458/2741/1849
f 1327/1693/1015 1431/1692/1014 1429/2400/1625 1326/2376/1608
f 1431/1692/1014 1502/1759/1077 1430/1688/1010
f 1443/2780/1862 1391/2770/1859 1326/2376/1608 1428/2399/1624
f 1433/1695/1017 1432/1694/1016 1436/1716/1038 1435/1718/1040
f 1435/1718/1040 1434/1601/931 1433/1695/1017
f 1432/1694/1016 1282/1698/1020 1370/2760/1855 1436/1716/1038
f 1282/1698/1020 1444/1700/1022 1369/2758/1854 1370/2760/1855
f 1275/2715/1834 1251/2700/1822 1440/2781/1863 1441/2782/1864
f 1438/1589/919 1324/1609/939 1439/2745/1612
f 1324/1609/939 1438/1589/919 1437/1697/1019
f 1248/2699/1821 1540/2783/1865 1440/2781/1863 1251/2700/1822
f 1273/2712/1833 1275/2715/1834 1441/2782/1864 1442/2784/1866
f 1443/2785/1862 1272/2713/1830 1273/2712/1833 1442/2784/1866
f 1443/2780/1862 1428/2399/1624 1274/2710/1831 1272/2709/1830
f 1443/2785/1862 1442/2784/1866 1389/2769/1858 1391/2773/1859
f 1442/2784/1866 1441/2782/1864 1388/2767/1857 1389/2769/1858
f 1441/2782/1864 1440/2781/1863 1387/1781/1094 1388/2767/1857
f 1444/1700/1022 1279/1699/1021 1280/2719/926 1445/2786/1626
f 1444/1700/1022 1445/2786/1626 1368/2759/1615 1369/2758/1854
f 1368/2386/1615 1445/2401/1626 1446/1598/928 1367/2385/973
f 1367/2385/973 1446/1598/928 1261/2702/1824 1365/1644/971
f 1297/1702/1024 1334/1612/942 1301/1611/941 1447/2402/940
f 1448/1705/1027 1354/1704/1026 1357/1630/960 1449/2403/1627
f 1449/2403/1627 1307/2736/1845 1306/2370/1603 1448/1705/1027
f 1426/1706/1028 1420/1680/1003 1324/1609/939 1437/1697/1019
f 1305/1632/962 1307/2736/1845 1449/2403/1627
f 1464/2408/932 1453/2787/1867 1452/2405/1629 1465/2406/1630
f 1421/1607/937 1420/1680/1003 1450/1707/1029
f 1233/2351/1588 1452/2405/1629 1454/2352/1589
f 1456/2788/1868 1267/2705/1826 1268/1686/1009 1455/2789/1869
f 1452/2405/1629 1268/1686/1009 1415/1675/998
f 1453/2787/1867 1455/2789/1869 1268/1686/1009 1452/2405/1629
f 1467/2790/1037 1265/2706/1827 1267/2705/1826 1456/2788/1868
f 1466/2791/1039 1456/2788/1868 1455/2789/1869 1453/2787/1867
f 1458/2741/1849 1457/1690/1012 1318/1750/1070 1319/2742/1850
f 1328/1708/1030 1459/1710/1032 1513/1685/1008 1330/1746/1066
f 1342/2407/1631 1343/2749/1851 1462/1713/1035 1461/1711/1033
f 1423/1594/924 1459/1710/1032 1460/1709/1031
f 1461/1711/1033 1243/1581/911 1499/1747/1067
f 1462/1713/1035 1343/2749/1851 1347/2751/1852 1463/1696/1018
f 1463/1696/1018 1347/2751/1852 1348/2717/1836 1281/2367/1600
f 1434/1601/931 1435/1718/1040 1466/1717/1039 1464/1602/932
f 1464/2408/932 1466/2791/1039 1453/2787/1867
f 1467/2790/1037 1372/2703/1036 1265/2706/1827
f 1466/2791/1039 1467/2790/1037 1456/2788/1868
f 1474/1729/1049 1476/1722/1044 1240/1721/1043 1478/1730/1050
f 1370/2760/1855 1372/1714/1036 1436/1716/1038
f 1298/2414/1634 1468/2415/1635 1293/2369/1602
f 1477/2417/1051 1300/1613/943 1299/1728/1048 1475/1726/1046
f 1475/1726/1046 1476/1725/1044 1474/2416/1049
f 1300/2354/943 1477/1731/1051 1478/1730/1050
f 1484/1735/1055 1479/1732/1052 1480/1583/913
f 1484/2422/1055 1483/2420/1636 1479/2419/1052
f 1485/2423/1054 1311/2792/1847 1308/2421/1637 1483/2420/1636
f 1306/2370/1603 1311/2739/1847 1485/1734/1054 1480/1583/913
f 1427/1606/936 1454/2352/1589 1486/1768/1083 1322/1604/934
f 1236/1689/1011 1490/1772/1087 1491/1741/1061 1235/1701/1023
f 1486/1768/1083 1471/1719/1041 1322/1604/934
f 1470/1605/935 1322/1604/934 1471/1719/1041
f 1481/1737/1057 1488/1736/1056 1482/2418/1053
f 1481/1737/1057 1483/2420/1636 1487/2424/1638
f 1487/2424/1638 1483/2420/1636 1349/1740/1060
f 1490/1772/1087 1489/1727/1047 1491/1741/1061
f 1355/2384/1614 1242/1703/1025 1243/1581/911 1492/1712/1034
f 1355/2384/1614 1492/1712/1034 1313/1749/1069
f 1493/1763/1079 1494/1744/1064 1239/1738/1058 1472/1762/1078
f 1234/2353/1590 1468/2415/1635 1318/1750/1070
f 1495/1742/1062 1329/1754/1013 1497/1745/1065 1496/1743/1063
f 1495/1742/1062 1494/1744/1064 1493/1763/1079
f 1480/1583/913 1498/1748/1068 1243/1581/911
f 1503/2793/1074 1501/1760/1073 1502/1759/1077 1329/1691/1013
f 1500/2413/1633 1470/2412/935 1316/2794/1072
f 1318/1750/1070 1468/2415/1635 1469/1751/1071
f 1504/1757/1075 1502/1759/1077 1505/1758/1076
f 1501/1755/1073 1495/1742/1062 1493/1763/1079
f 1344/1622/952 1507/2425/1081 1341/2383/1613
f 1341/2383/1613 1507/2425/1081 1509/2427/1639
f 1488/1736/1056 1512/1771/1086 1508/2426/1082 1482/2418/1053
f 1411/1770/1085 1341/2383/1613 1509/2427/1639
f 1514/1775/1089 1515/1777/1090 1207/2696/1819 1203/2342/883
f 1509/2427/1639 1512/1771/1086 1510/2428/1640
f 1519/2429/1091 1517/1798/1107 1516/1776/1088
f 1223/1797/1106 1207/2696/1819 1515/1777/1090
f 1518/1650/976 1519/2429/1091 1379/1651/977
f 1521/2795/1641 1524/2435/1645 1213/2698/1820 1214/2697/891
f 1539/1361/714 1229/1360/713 1213/2698/1820 1524/2435/1645
f 1521/2795/1641 1523/1785/1098 1525/2431/1642 1524/2435/1645
f 1440/2781/1863 1540/2783/1865 1526/1784/1097 1387/1781/1094
f 1527/1786/1095 1522/1788/1099 1256/2360/1595
f 1395/2358/1096 1527/1786/1095 1253/2359/1594
f 1529/2432/1102 1530/1793/1101 1532/2433/1643
f 1222/1573/903 1529/2432/1102 1531/2349/1586
f 1538/1800/1109 1532/2433/1643 1530/1793/1101 1533/1792/1103
f 1534/1794/1104 1406/1661/985 1396/2434/1644 1533/1792/1103
f 1534/1795/1104 1530/1790/1101 1259/1789/1100 1535/1670/993
f 1537/1578/908 1220/2350/1587 1531/2349/1586 1532/2433/1643
f 1517/1798/1107 1518/1650/976 1536/1796/1105
f 1539/1361/714 1540/2783/1865 1248/2699/1821 1250/2356/1592
f 1539/1361/714 1525/2431/1642 1526/1784/1097 1540/2783/1865
f 1541/2362/1597 1231/1579/909 1048/1405/758 1363/1640/968
f 1541/2362/1597 1363/1640/968 1364/1642/969 1542/2701/1823
f 1542/2701/1823 1364/1642/969 1365/1644/971 1261/2702/1824
f 1778/2796/1711 1548/1942/1244 1552/2437/1647 1618/2459/1664
f 1545/2520/1713 1547/1901/1205 1546/2475/1677
f 1549/1925/1229 1551/1939/1241 1548/1942/1244 1778/2796/1711
f 1775/1962/1263 1550/1938/1240 1551/1939/1241 1549/1925/1229
f 1562/2010/1301 1559/2444/1651 1560/2540/1724 1561/2033/1324
f 1553/1801/1110 1554/1803/1112 1669/1914/1218
f 1562/2010/1301 1557/2442/1650 1559/2444/1651
f 1829/1989/1283 1572/1816/1125 1571/1814/1123 1700/1868/1174
f 1568/1809/1118 1689/1983/1279 1563/1810/1119
f 1565/1805/1114 1564/1980/1276 1818/1806/1115
f 1569/1813/1122 1576/1812/1121 1570/2452/1658
f 1832/2526/1291 1574/2797/1870 1575/2445/1652 1573/1988/1282
f 1685/2798/1225 1586/2799/1871 1587/1825/1134 1585/2800/1872
f 1578/2005/1296 1583/2447/1654 1577/1878/1183
f 1586/2799/1871 1589/2801/1873 1588/1823/1132 1587/1825/1134
f 1680/1854/1161 1590/2449/1656 1588/1823/1132 1589/2801/1873
f 1591/2802/1874 1692/2803/1875 1596/2804/1215 1597/2805/1876
f 1556/2438/1648 1588/1823/1132 1590/2449/1656
f 1592/2806/1877 1593/2451/1657 1596/1911/1215 1692/2807/1875
f 1594/1865/1172 1595/1909/1213 1593/2451/1657 1592/2806/1877
f 1689/1983/1279 1568/1809/1118 1595/1909/1213 1594/1865/1172
f 1599/2808/1878 1604/2809/1879 1606/2499/1696 1656/2810/1880
f 1600/2811/1881 1601/2812/1882 1604/2809/1879 1599/2808/1878
f 1602/2486/1686 1577/1878/1183 1583/2447/1654 1603/2813/1883
f 1600/2814/1881 1602/2486/1686 1603/2813/1883 1601/2815/1882
f 1603/2813/1883 1583/2447/1654 1582/2446/1653 1751/2816/1884
f 1601/2815/1882 1603/2813/1883 1751/2816/1884 1752/2817/1885
f 1604/2809/1879 1601/2812/1882 1752/2818/1885 1753/2819/1886
f 1606/2499/1696 1604/2809/1879 1753/2819/1886 1605/2500/1697
f 1729/1892/1197 1607/1842/1151 1608/2820/1887 1730/1831/1140
f 1608/2820/1887 1610/2821/1690 1730/1831/1140
f 1609/2453/1659 1610/2822/1690 1608/2823/1887
f 1609/2456/1659 1635/1893/1198 1610/2490/1690
f 1636/1924/1228 1774/1923/1227 1613/2824/1709 1633/2469/1672
f 1633/2469/1672 1613/2824/1709 1612/2825/1888 1611/2468/1671
f 1614/2505/1701 1612/2502/1698 1613/2514/1709 1648/2504/1700
f 1613/2824/1889 1612/2825/1890 1611/2468/1891
f 1632/1894/1141 1611/2468/1671 1615/2826/1662 1634/2827/1138
f 1611/2828/1671 1612/2502/1698 1615/2829/1662
f 1612/2502/1698 1754/2501/1663 1615/2829/1662
f 1617/2830/1892 1618/2517/1664 1619/2831/1893
f 1617/2830/1892 1616/1943/1245 1618/2517/1664
f 1620/2832/1894 1619/2833/1893 1732/2497/1694 1621/1839/1148
f 1584/2448/1655 1647/1820/1129 1620/2834/1894
f 1620/2834/1894 1621/2835/1148 1584/2448/1655
f 1624/2836/1149 1623/2837/1895 1622/2838/1153
f 1755/1913/1217 1623/2837/1895 1624/2836/1149 1625/2519/1712
f 1625/2519/1712 1553/1801/1110 1755/1913/1217
f 1630/2466/1669 1627/1954/1256 1626/2464/1667
f 1628/2467/1670 1591/2802/1874 1597/2805/1876 1763/2509/1704
f 1591/2802/1874 1628/2467/1670 1630/2839/1669 1631/2840/1668
f 1628/2467/1670 1801/1956/1257 1627/1955/1256 1630/2839/1669
f 1635/1893/1198 1544/1934/1236 1636/1924/1228 1633/2469/1672
f 1638/2485/1685 1637/2471/1674 1645/2473/1142 1639/1898/1202
f 1637/2471/1674 1644/2470/1673 1640/2841/1143 1645/2473/1142
f 1641/2481/1682 1598/1827/1136 1642/2510/1705 1640/1834/1143
f 1643/2483/1675 1641/2481/1682 1640/1834/1143 1644/2842/1673
f 1646/2843/1896 1649/2476/1678 1617/2830/1892 1619/2831/1893
f 1640/1834/1143 1642/2510/1705 1764/1835/1144
f 1740/1899/1203 1639/1898/1202 1645/2473/1142
f 1649/2476/1678 1616/1943/1245 1617/2830/1892
f 1620/2844/1894 1647/2845/1129 1646/2843/1896 1619/2831/1893
f 1646/2843/1896 1647/2845/1129 1754/2501/1663 1650/2503/1699
f 1647/1820/1129 1746/1822/1131 1754/2458/1663
f 1646/2843/1896 1650/2503/1699 1648/2504/1700 1649/2476/1678
f 1648/2504/1700 1546/2475/1677 1649/2476/1678
f 1652/1838/1147 1718/1882/1187 1727/1884/1189 1651/1836/1145
f 1654/2477/1679 1718/1882/1187 1652/1838/1147
f 1653/2846/1146 1656/2810/1880 1657/2847/1897 1652/2848/1147
f 1652/2848/1147 1657/2847/1897 1658/2512/1707 1654/2849/1679
f 1659/2511/1706 1662/2850/1898 1654/2849/1679 1658/2512/1707
f 1659/2511/1706 1765/1952/1254 1809/1968/1266
f 1660/1970/1268 1662/2850/1898 1659/2511/1706 1809/1968/1266
f 1721/1886/1191 1662/2851/1898 1660/2852/1268 1661/1887/1192
f 1655/2478/1680 1654/2477/1679 1662/2851/1898
f 1719/2491/1691 1655/2478/1680 1662/2851/1898
f 1665/2462/1150 1664/1888/1193 1584/2448/1655 1621/2835/1148
f 1607/2853/1151 1622/2838/1153 1623/2837/1895 1608/2823/1887
f 1669/1914/1218 1609/2453/1659 1608/2823/1887
f 1755/1913/1217 1669/1914/1218 1608/2823/1887 1623/2837/1895
f 1671/2439/1154 1556/2438/1648 1670/2450/1160
f 1672/2441/1157 1555/2440/1649 1671/2439/1154
f 1847/1846/1155 1671/1845/1154 1670/1851/1160 1673/1850/1159
f 1675/1847/1156 1970/2076/1363 1676/1849/1158
f 1557/2442/1650 1672/2441/1157 1676/2443/1158
f 1590/2449/1656 1680/1854/1161 1670/2450/1160
f 1589/2801/1873 1681/1855/1163 1680/1854/1161
f 1684/2854/1899 1681/1855/1163 1589/2801/1873 1586/2799/1871
f 1685/2798/1225 1684/2854/1899 1586/2799/1871
f 1682/2855/1900 1679/2480/1681 1681/1855/1163 1684/2854/1899
f 1683/2513/1708 1682/2856/1900 1684/2857/1899 1685/1921/1225
f 1690/1866/1166 1594/1865/1172 1592/2806/1877 1691/2858/1171
f 1686/1862/1170 1819/1856/1164 1690/1858/1166
f 1688/1859/1167 1686/1862/1170 1691/1863/1171
f 1594/1865/1172 1687/1864/1165 1689/1983/1279
f 1631/2840/1668 1693/2859/1901 1692/2803/1875 1591/2802/1874
f 1692/2807/1875 1693/2860/1901 1691/2858/1171 1592/2806/1877
f 1626/2464/1667 1694/1860/1168 1693/2861/1901 1631/2465/1668
f 1626/2464/1667 1716/1881/1186 1694/1860/1168
f 1693/2861/1901 1694/1860/1168 1688/1859/1167 1691/1863/1171
f 1702/1996/1173 1697/2862/1175 1696/2863/1902 1695/1994/1288
f 1697/2862/1175 1699/2864/1177 1698/2865/1903 1696/2863/1902
f 1569/1813/1122 1701/1870/1176 1697/1869/1175 1700/1868/1174
f 1704/2482/1683 1699/1871/1177 1570/2452/1658 1641/2481/1682
f 1699/1871/1177 1701/1870/1176 1570/2452/1658
f 1703/2866/1684 1698/2867/1903 1699/1871/1177 1704/2482/1683
f 1643/2472/1675 1637/2471/1674 1703/2484/1684 1704/2868/1683
f 1712/2869/1178 1706/2870/1904 1728/2489/1689 1705/2871/1905
f 1712/2869/1178 1707/2872/1180 1706/2870/1904
f 1707/2872/1180 1708/2873/1906 1728/2489/1689 1706/2870/1904
f 1711/1875/1179 1709/1877/1182 1708/2873/1906 1707/2872/1180
f 1602/2486/1686 1600/2814/1881 1710/2874/1181 1711/1873/1179
f 1599/2808/1878 1715/2875/1185 1710/2876/1181 1600/2811/1881
f 1656/2810/1880 1653/2846/1146 1715/2875/1185 1599/2808/1878
f 1714/1879/1184 1713/2487/1687 1708/2873/1906 1709/1877/1182
f 1713/2487/1687 1714/1879/1184 1653/1837/1146 1651/1836/1145
f 1715/1880/1185 1714/1879/1184 1709/1877/1182 1710/1876/1181
f 1655/2478/1680 1719/2491/1691 1717/1883/1188 1718/1882/1187
f 1713/2487/1687 1727/1884/1189 1728/2489/1689 1708/2873/1906
f 1662/2851/1898 1721/1886/1191 1719/2491/1691
f 1664/1888/1193 1622/1844/1153 1723/1889/1194
f 1726/1828/1137 1705/2871/1905 1728/2489/1689
f 1666/2460/1665 1732/2497/1694 1619/2833/1893 1618/2459/1664
f 1543/2436/1646 1544/1934/1236 1635/1893/1198
f 1724/1890/1195 1733/1975/1271 1762/1915/1219 1588/1823/1132
f 1720/1885/1190 1735/2492/1692 1737/1896/1200 1721/1886/1191
f 1739/2498/1695 1763/2509/1704 1597/2805/1876 1738/2877/1907
f 1739/2498/1695 1639/1898/1202 1629/1902/1206 1763/2509/1704
f 1750/2878/1216 1703/2484/1684 1638/2485/1685 1738/2877/1907
f 1817/1900/1204 1629/1902/1206 1639/1898/1202
f 1638/2485/1685 1739/2498/1695 1738/2877/1907
f 1605/2500/1697 1753/2819/1886 1682/2856/1900 1683/2513/1708
f 1683/2513/1708 1770/1920/1224 1741/1903/1207 1605/2500/1697
f 1770/1920/1224 1743/1917/1221 1742/1904/1208 1741/1903/1207
f 1595/1909/1213 1568/1809/1118 1747/1907/1211 1748/1910/1214
f 1746/1822/1131 1745/1830/1139 1754/2458/1663
f 1695/1994/1288 1696/2863/1902 1748/1910/1214 1747/1907/1211
f 1696/2863/1902 1698/2865/1903 1749/1908/1212 1748/1910/1214
f 1750/1912/1216 1749/1908/1212 1698/2865/1903 1703/2879/1684
f 1597/2805/1876 1596/2804/1215 1750/2878/1216 1738/2877/1907
f 1582/2446/1653 1673/1850/1159 1678/2479/1162 1751/2816/1884
f 1751/2816/1884 1678/2479/1162 1679/2880/1681 1752/2817/1885
f 1753/2819/1886 1752/2818/1885 1679/2881/1681 1682/2856/1900
f 1771/2882/1222 1585/2800/1872 1587/1825/1134 1760/2883/1908
f 1545/2520/1713 1546/2475/1677 1648/2504/1700
f 1756/2488/1688 1668/1843/1152 1729/1892/1197
f 1757/1906/1210 1723/1889/1194 1756/2488/1688
f 1769/2884/1223 1760/2883/1908 1761/1824/1133 1758/2508/1703
f 1761/1824/1133 1760/2883/1908 1587/1825/1134
f 1657/2847/1897 1768/1905/1209 1766/1916/1220 1658/2512/1707
f 1734/1826/1135 1642/2510/1705 1598/1827/1136
f 1642/2510/1705 1734/1826/1135 1737/1896/1200
f 1764/1835/1144 1737/1896/1200 1736/2493/1693
f 1656/2810/1880 1606/2499/1696 1768/1905/1209 1657/2847/1897
f 1766/1916/1220 1767/1802/1111 1765/1952/1254
f 1771/2882/1222 1685/2798/1225 1585/2800/1872
f 1769/1919/1223 1772/2463/1666 1743/1917/1221
f 1769/2884/1223 1771/2882/1222 1760/2883/1908
f 1772/2507/1666 1759/2506/1702 1762/1915/1219 1733/1975/1271 1543/2436/1646 1609/2456/1659
f 1772/2507/1666 1769/2884/1223 1758/2508/1703
f 1778/2796/1711 1776/1926/1230 1549/1925/1229
f 1777/2885/1710 1778/2796/1711 1618/2459/1664
f 1779/1945/1247 1778/2518/1711 1777/2516/1710 1616/1943/1245
f 1783/2886/1909 1786/1932/1234 1781/1931/1233
f 1625/2887/1712 1782/2888/1910 1783/2889/1909 1781/2890/1233
f 1782/2888/1910 1784/1937/1239 1786/2891/1234
f 1785/2892/1235 1786/2891/1234 1784/1937/1239
f 1786/2891/1234 1783/2889/1909 1782/2888/1910
f 1789/1940/1242 1782/2888/1910 1625/2887/1712 1663/1941/1243
f 1784/1937/1239 1790/1936/1238 1785/2892/1235
f 1784/1937/1239 1782/2888/1910 1789/1940/1242
f 1793/1960/1261 1794/1948/1250 1550/1938/1240 1775/1962/1263
f 1792/1944/1246 1546/2475/1677 1547/1901/1205
f 1629/1902/1206 1547/1901/1205 1545/2520/1713
f 1795/1946/1248 1802/2521/1676 1797/1949/1251 1796/1947/1249
f 1795/1946/1248 1794/1948/1250 1793/1960/1261
f 1645/1833/1142 1764/1835/1144 1798/1950/1252 1797/1949/1251
f 1799/1977/1273 1796/1947/1249 1798/1950/1252 1736/2493/1693
f 1764/1835/1144 1736/2493/1693 1798/1950/1252
f 1781/1931/1233 1811/1951/1253 1767/1802/1111
f 1645/2473/1142 1803/1967/1260 1808/1965/1265 1740/1899/1203
f 1773/1957/1258 1774/2515/1227 1627/1955/1256
f 1806/1928/1232 1807/1963/1264 1780/1929/1231
f 1807/1963/1264 1808/1965/1265 1805/1964/1262
f 1812/1974/1269 1785/2892/1235 1790/1936/1238 1814/2522/1714
f 1660/2852/1268 1810/1973/1267 1813/1972/1270 1661/1887/1192
f 1790/1936/1238 1550/1938/1240 1794/1948/1250 1814/2522/1714
f 1814/2522/1714 1813/1972/1270 1812/1974/1269
f 1815/1976/1272 1816/1978/1274 1735/2492/1692 1720/1885/1190
f 1815/1976/1272 1814/2522/1714 1799/1977/1273
f 1563/1810/1119 1820/1984/1280 1822/1981/1277 1564/1980/1276
f 1814/2522/1714 1794/1948/1250 1799/1977/1273
f 1840/2007/1298 1821/2009/1300 1820/2523/1280 1819/1856/1164
f 1820/2523/1280 1821/2009/1300 1822/1987/1277
f 1829/1989/1283 1573/1988/1282 1572/1816/1125
f 1702/1867/1173 1829/1989/1283 1700/1868/1174
f 1827/1991/1285 1695/1994/1288 1747/1907/1211 1567/1811/1120
f 1712/1872/1178 1836/2006/1297 1578/2005/1296 1577/1878/1183
f 1832/2000/1291 1826/1997/1284 1831/1993/1287
f 1836/2893/1297 1705/2871/1905 1726/1828/1137 1846/2528/1716
f 1836/2893/1297 1712/2869/1178 1705/2871/1905
f 1837/2527/1294 1836/2893/1297 1846/2528/1716
f 1834/2532/1295 1837/2527/1294 1835/2529/1717
f 1845/2011/1302 1843/2012/1303 1838/2530/1718 1835/2529/1717
f 1823/1985/1281 1821/2009/1300 2150/2008/1299
f 1686/1862/1170 1841/1891/1196 1842/2013/1304
f 1842/2013/1304 1841/1891/1196 1562/2010/1301
f 1850/2022/1313 2075/2024/1315 1916/2894/1778 2053/2023/1314
f 1835/2529/1717 1846/2528/1716 1845/2011/1302
f 2109/2895/1911 2027/2020/1311 2102/2536/1720
f 1854/2203/1476 1855/2166/1445 1853/2184/1461 2099/2614/1781
f 1855/2166/1445 2083/2054/1345 1852/2182/1459 1853/2184/1461
f 1967/2896/1912 2101/2031/1322 1856/2026/1317 2056/2028/1319
f 1861/2035/1326 1864/2034/1325 1860/2071/1362 1859/2538/1722
f 1866/2133/1417 1868/2541/1725 1867/2226/1494 1865/2225/1493
f 1864/2034/1325 1560/2540/1724 1863/2539/1723
f 1868/2541/1725 1566/1808/1117 2132/2220/1490 1867/2226/1494
f 2155/2132/1416 1869/2015/1306 1566/1808/1117 1868/2541/1725
f 1874/1815/1124 1875/2542/1726 1871/2092/1381 1870/2036/1327
f 1843/2012/1303 1571/1814/1123 1874/1815/1124 2153/2247/1509
f 1872/2235/1500 1871/2092/1381 1875/2542/1726
f 2136/2897/1290 2137/2233/1499 1575/2445/1652 1574/2797/1870
f 1874/1815/1124 1575/2445/1652 1875/2542/1726
f 1879/2237/1502 1880/2078/1368 1881/2077/1367 1882/2017/1308
f 1982/2083/1372 1886/2543/1727 1889/2544/1728 1888/2584/1760
f 1885/2110/1397 1965/2118/1404 1949/2067/1358
f 1889/2544/1728 1886/2543/1727 1887/2142/1424
f 1973/2898/1758 1890/2899/1913 1889/2544/1728 1859/2538/1722
f 1977/2082/1371 1888/2584/1760 1889/2544/1728 1890/2899/1913
f 1935/2900/1914 1891/2044/1335 1894/2043/1334 1892/2901/1915
f 1894/2043/1334 1895/2902/1916 1893/2903/1917 1892/2901/1915
f 1865/2225/1493 1990/2086/1375 1896/2904/1918 1866/2133/1417
f 1990/2086/1375 1893/2903/1917 1895/2902/1916 1896/2904/1918
f 2001/2089/1378 1900/2545/1729 1873/2037/1328 1870/2036/1327
f 1873/2037/1328 1898/2047/1338 1899/2039/1330
f 1902/2905/1919 1904/2549/1733 2010/2906/1920 1901/2907/1921
f 1904/2549/1733 1905/2548/1732 1903/2908/1922 2010/2906/1920
f 1877/2041/1332 1876/2102/1391 2013/2595/1770 1906/2048/1339
f 1906/2048/1339 2013/2595/1770 1903/2909/1922 1905/2550/1732
f 2028/2051/1342 1910/2910/1736 1907/2911/1734 2025/2912/1402
f 1907/2913/1734 1910/2554/1736 1968/2556/1738 1908/2914/1735
f 2109/2895/1911 2110/2915/1923 1909/2916/1744
f 2027/2020/1311 2109/2895/1911 1909/2916/1744
f 1915/2917/1740 1916/2918/1778 2026/2050/1341 1914/2049/1340
f 1910/2554/1736 1926/2190/1467 1911/2555/1737
f 1909/2566/1744 1926/2190/1467 1910/2554/1736
f 1936/2060/1351 2054/2137/1421 1913/2919/1739 1912/2058/1349
f 1915/2920/1740 1913/2921/1739 1914/2922/1422
f 1916/2894/1778 1915/2923/1740 1914/2140/1422
f 1917/2561/1741 1948/2064/1355 1951/2574/1749
f 1920/2052/1343 1918/2924/1742 1917/2925/1741
f 1917/2925/1741 1919/2926/1743 2030/2120/1403 1922/2070/1361
f 1921/2580/1757 1920/2052/1343 1917/2925/1741 1922/2070/1361
f 1920/2052/1343 1921/2580/1757 1851/2053/1344
f 1925/2057/1348 1923/2056/1347 1966/2069/1360
f 1924/2927/1924 2091/2613/1346 1925/2928/1348
f 2056/2028/1319 2092/2027/1318 1924/2927/1924
f 1924/2927/1924 2092/2027/1318 2091/2613/1346
f 1933/2178/1455 1930/2569/1747 1928/2568/1746
f 1928/2568/1746 1989/2588/1763 1933/2178/1455
f 1932/2604/1777 1933/2192/1455 1931/2161/1440
f 1931/2161/1440 2103/2025/1316 1932/2604/1777
f 1891/2044/1335 1935/2900/1914 1934/2929/1925 2064/2930/1426
f 1934/2931/1925 1930/2932/1747 1933/2192/1455 1932/2604/1777
f 1935/2900/1914 1929/2933/1745 1930/2934/1747 1934/2929/1925
f 1938/2935/1765 1939/2127/1411 1944/2936/1354 1946/2937/1926
f 1939/2127/1411 1938/2935/1765 1937/2938/1767
f 1946/2937/1926 1945/2939/1927 1938/2935/1765
f 1939/2127/1411 1940/2126/1410 1942/2940/1352 1944/2936/1354
f 1943/2570/1748 1898/2047/1338 2000/2546/1730 1944/2063/1354
f 2000/2546/1730 1945/2941/1927 1946/2942/1926 1944/2063/1354
f 1954/2572/1750 1955/2100/1389 1952/2114/1401
f 1956/2575/1752 1954/2572/1750 2019/2573/1751
f 1959/2943/1478 1960/2944/1754 1957/2108/1395 1958/2616/1783
f 1960/2944/1754 1956/2575/1752 1953/2576/1753
f 2015/2106/1393 1957/2108/1395 1960/2944/1754 1953/2576/1753
f 1961/2204/1477 1962/2945/1928 1956/2946/1752 1960/2577/1754
f 1961/2204/1477 2119/2188/1465 2067/2615/1782
f 1961/2204/1477 2067/2615/1782 1962/2945/1928
f 1963/2947/1929 1901/2907/1921 1955/2948/1389 1954/2949/1750
f 1962/2945/1928 1963/2947/1929 1954/2949/1750 1956/2946/1752
f 1974/2537/1721 1973/2898/1758 1859/2538/1722
f 1923/2056/1347 2091/2055/1346 2031/2579/1756
f 1911/2555/1737 1967/2896/1912 1968/2556/1738
f 1863/2539/1723 1559/2444/1651 1677/2075/1366 1862/2074/1365
f 1977/2950/1371 1973/2581/1758 1972/2249/1511 1975/2951/1369
f 1881/2077/1367 1675/1847/1156 1848/2016/1307
f 1972/2249/1511 1973/2581/1758 1971/2248/1510
f 1971/2248/1510 1974/2582/1721 1880/2078/1368
f 1980/2952/1930 1984/2084/1373 1978/2081/1370 1976/2583/1759
f 1979/2953/1931 1983/2159/1374 1984/2954/1373 1980/2955/1930
f 1978/2081/1370 1984/2084/1373 1982/2083/1372
f 1973/2898/1758 1977/2082/1371 1890/2899/1913
f 1977/2082/1371 1978/2081/1370 1888/2584/1760
f 2152/2014/1305 1986/2585/1761 1992/2587/1377 1985/2618/1785
f 1992/2587/1377 1991/2222/1376 1985/2618/1785
f 1986/2585/1761 1988/2589/1764 1987/2586/1762
f 1928/2568/1746 1929/2567/1745 1988/2589/1764
f 1892/2901/1915 1988/2956/1764 1929/2933/1745 1935/2900/1914
f 1892/2901/1915 1893/2903/1917 1987/2957/1762 1988/2956/1764
f 1893/2903/1917 1990/2086/1375 1992/2088/1377 1987/2957/1762
f 1993/2958/1932 1996/2959/1379 2002/2231/1382 1994/2230/1498
f 1995/2960/1933 1997/2961/1380 1996/2959/1379 1993/2958/1932
f 1998/2591/1766 1938/2590/1765 1945/2962/1927 1999/2963/1768
f 1998/2591/1766 1999/2963/1768 1997/2961/1380 1995/2960/1933
f 1900/2545/1729 2001/2089/1378 1997/2091/1380 2000/2546/1730
f 1999/2593/1768 1945/2941/1927 2000/2546/1730
f 1996/2090/1379 2001/2089/1378 1870/2036/1327 1871/2092/1381
f 2023/2038/1329 2004/2094/1383 2005/2096/1385 2003/2964/1934
f 2008/2594/1769 1955/2100/1389 2009/2099/1388
f 2006/2097/1386 2009/2099/1388 2011/2101/1390 2012/2098/1387
f 1901/2907/1921 2010/2906/1920 2011/2965/1390 1955/2948/1389
f 2010/2966/1920 1903/2909/1922 2012/2967/1387 2011/2968/1390
f 2013/2595/1770 2007/2104/1384 2012/2967/1387 1903/2909/1922
f 2016/2113/1400 1897/2046/1337 2032/2107/1394 2015/2106/1393
f 2018/2105/1392 2017/2121/1405 1958/2616/1783 1957/2108/1395
f 2016/2113/1400 2015/2106/1393 1953/2576/1753 2019/2573/1751
f 1908/2553/1735 2055/2969/1935 2021/2596/1771 2058/2970/1936
f 1925/2971/1348 1966/2119/1360 2021/2596/1771 2055/2969/1935
f 2016/2113/1400 2024/2112/1399 2023/2038/1329
f 2024/2112/1399 2004/2094/1383 2023/2038/1329
f 2028/2051/1342 2027/2020/1311 1909/2916/1744 1910/2910/1736
f 2031/2579/1756 1964/2578/1755 1851/2053/1344 1921/2580/1757
f 1891/2972/1335 2064/2144/1426 2039/2146/1428 2038/2973/1336
f 2066/2147/1429 2035/2123/1407 2033/2148/1430
f 2037/2145/1427 2103/2025/1316 2129/2125/1409 2036/2128/1412
f 2036/2128/1412 2129/2125/1409 2115/2200/1474 1940/2126/1410
f 2045/2134/1418 2038/2045/1336 1937/2592/1767 1998/2591/1766
f 1939/2127/1411 1937/2938/1767 2039/2146/1428 2036/2128/1412
f 2038/2973/1336 2039/2146/1428 1937/2938/1767
f 2042/2974/1937 2043/2975/1938 1902/2905/1919 2068/2976/1939
f 2040/2032/1323 2041/2599/1773 2042/2974/1937 2068/2976/1939
f 2069/2158/1438 2041/2599/1773 1857/2030/1321 2108/2129/1413
f 2074/2160/1439 2042/2974/1937 2041/2599/1773 2069/2158/1438
f 1979/2953/1931 2043/2975/1938 2042/2974/1937 2074/2160/1439
f 1980/2955/1930 2049/2600/1774 2043/2975/1938 1979/2953/1931
f 2048/2131/1415 1866/2133/1417 1896/2904/1918 2047/2977/1940
f 2044/2111/1398 1884/2068/1359 1936/2060/1351
f 2047/2977/1940 1896/2904/1918 1895/2902/1916 2046/2978/1941
f 2045/2134/1418 2046/2978/1941 1895/2902/1916 1894/2043/1334
f 1995/2960/1933 2046/2978/1941 2045/2134/1418 1998/2591/1766
f 1993/2958/1932 2047/2977/1940 2046/2978/1941 1995/2960/1933
f 1994/2230/1498 2048/2131/1415 2047/2977/1940 1993/2958/1932
f 2043/2975/1938 2049/2600/1774 1904/2549/1733 1902/2905/1919
f 1976/2979/1759 2050/2547/1731 2049/2600/1774 1980/2955/1930
f 1975/2951/1369 1972/2249/1511 2051/2042/1333 2052/2135/1419
f 1976/2980/1759 1975/2951/1369 2052/2135/1419 2050/2551/1731
f 1948/2064/1355 2053/2023/1314 1950/2139/1420 1951/2574/1749
f 1948/2064/1355 1947/2021/1312 2053/2023/1314
f 1950/2139/1420 2053/2023/1314 1916/2894/1778 1914/2140/1422
f 2057/2981/1942 2055/2982/1935 1908/2914/1735 1968/2556/1738
f 2057/2981/1942 1968/2556/1738 1967/2896/1912 2056/2028/1319
f 2057/2981/1942 2056/2028/1319 1924/2927/1924 1925/2928/1348
f 2055/2982/1935 2057/2981/1942 1925/2928/1348
f 2020/2109/1396 2059/2141/1423 2058/2970/1936 2021/2596/1771
f 2073/2156/1437 2063/2602/1776 1886/2543/1727 1981/2155/1436
f 2058/2970/1936 2059/2141/1423 1908/2553/1735
f 2059/2141/1423 2029/2059/1350 1908/2553/1735
f 2060/2143/1425 2102/2536/1720 1849/2019/1310
f 2061/2601/1775 2060/2143/1425 1887/2142/1424
f 2062/2153/1435 2061/2601/1775 1887/2142/1424 2063/2602/1776
f 2064/2144/1426 1934/2931/1925 1932/2604/1777 2037/2145/1427
f 1887/2142/1424 1886/2543/1727 2063/2602/1776
f 1963/2947/1929 1962/2945/1928 2040/2032/1323 2068/2976/1939
f 1941/2062/1353 1942/2061/1352 2065/2149/1431
f 1941/2062/1353 2033/2148/1430 1943/2570/1748
f 2040/2032/1323 1962/2945/1928 2067/2615/1782
f 1901/2907/1921 1963/2947/1929 2068/2976/1939 1902/2905/1919
f 2061/2601/1775 2062/2153/1435 2071/2152/1434
f 2070/2603/1433 2063/2602/1776 2073/2156/1437
f 2083/2054/1345 1855/2166/1445 2080/2165/1444
f 2069/2158/1438 2073/2157/1437 2074/2160/1439
f 2074/2160/1439 1983/2159/1374 1979/2953/1931
f 2075/2024/1315 2103/2025/1316 1931/2161/1440
f 2077/2180/1457 2026/2050/1341 1916/2918/1778
f 1916/2894/1778 2075/2024/1315 2076/2163/1442
f 2079/2168/1446 2130/2171/1448 2082/2170/1447 2080/2169/1444
f 2084/2983/1779 2082/2170/1447 2081/2065/1356 1918/2562/1742
f 2083/2984/1345 2080/2169/1444 2082/2170/1447
f 2084/2608/1779 1918/2924/1742 1920/2052/1343 2083/2054/1345
f 2107/2172/1449 2087/2174/1451 2085/2611/1780 1858/2029/1320
f 2089/2212/1450 2086/2211/1483 2087/2985/1451
f 2098/2181/1458 2087/2985/1451 2086/2211/1483
f 2087/2985/1451 2098/2181/1458 2088/2176/1453
f 2087/2985/1451 2088/2176/1453 2090/2175/1452
f 2093/2177/1454 2088/2176/1453 2091/2055/1346
f 2085/2611/1780 2090/2610/1452 2093/2612/1454 2092/2027/1318
f 2097/2183/1460 1964/2578/1755 2091/2055/1346 2088/2176/1453
f 1964/2578/1755 2097/2183/1460 1852/2182/1459 1851/2053/1344
f 2099/2614/1781 2128/2217/1487 2104/2202/1475 1854/2203/1476
f 1967/2896/1912 1911/2555/1737 2101/2031/1322
f 2128/2217/1487 2105/2187/1464 2114/2195/1470 2104/2202/1475
f 2071/2152/1434 2109/2895/1911 2102/2536/1720 2060/2143/1425
f 2105/2187/1464 2066/2147/1429 2065/2149/1431
f 2119/2188/1465 1858/2029/1320 2067/2615/1782
f 2071/2152/1434 2110/2915/1923 2109/2895/1911
f 1940/2193/1410 2114/2195/1470 2106/2186/1463 1942/2061/1352
f 1933/2178/1455 2077/2180/1457 2112/2986/1441
f 2115/2200/1474 2116/2199/1471 2113/2987/1469 1940/2126/1410
f 1959/2943/1478 1958/2616/1783 2120/2207/1479
f 2117/2198/1473 2130/2171/1448 2079/2168/1446
f 2017/2121/1405 2125/2617/1784 2121/2208/1480 1958/2616/1783
f 2096/2215/1485 2086/2211/1483 2122/2209/1481 2126/2216/1486
f 1825/1982/1278 2149/2218/1488 2131/1804/1113 1818/1806/1115
f 2125/2617/1784 2128/2217/1487 2126/2216/1486
f 2121/2208/1480 2125/2617/1784 2126/2216/1486
f 2121/2208/1480 2126/2216/1486 2122/2209/1481
f 2127/2214/1484 2034/2122/1406 2066/2147/1429
f 2129/2125/1409 2100/2185/1462 2130/2171/1448
f 2150/2008/1299 2149/2525/1488 1824/2524/1715
f 1991/2222/1376 2134/2224/1492 2151/2246/1508
f 2136/2897/1290 1574/2797/1870 1832/2526/1291
f 2136/1999/1290 2139/1998/1289 2140/2619/1786 2138/2229/1497
f 2137/2233/1499 2136/2897/1290 2138/2234/1497
f 2048/2131/1415 1994/2230/1498 2141/2227/1495 2155/2132/1416
f 2143/2238/1503 1581/2002/1293 1833/2001/1292 1834/2004/1295
f 2153/2247/1509 2144/2621/1787 1838/2530/1718 1844/2531/1719
f 2144/2621/1787 2145/2240/1505 1839/2239/1504 1838/2530/1718
f 2148/2243/1507 2147/2242/1506 2003/2964/1934 2005/2096/1385
f 2145/2240/1505 2144/2621/1787 2154/2622/1788
f 2146/2244/1501 2145/2240/1505 2154/2622/1788 2147/2242/1506
f 1878/2040/1331 2148/2245/1507 2005/2103/1385 1876/2102/1391
f 2150/2008/1299 2151/2246/1508 2134/2224/1492 2149/2525/1488
f 2147/2242/1506 2154/2622/1788 2023/2038/1329 2003/2964/1934
f 2152/2014/1305 1985/2618/1785 2151/2246/1508
f 2155/2132/1416 2141/2227/1495 2140/2619/1786 1869/2015/1306
f 1869/2015/1306 2140/2619/1786 2139/1998/1289
f 2156/2988/1943 2355/2989/1944 2158/2990/1945
f 2158/2990/1945 2355/2989/1944 2260/2991/1946
f 2165/2992/1947 2161/2993/1948 2160/2994/1949
f 2161/2993/1948 2162/2995/1950 2355/2989/1944
f 2165/2992/1947 2159/2996/1951 2164/2997/1952
f 2189/2998/1953 2266/2999/1954 2280/3000/1955
f 2280/3000/1955 2266/2999/1954 2281/3001/1956
f 2266/2999/1954 2185/3002/1957 2238/3003/1958
f 2190/3004/1959 2270/3005/1960 2191/3006/1961
f 2192/3007/1962 2194/3008/1963 2433/3009/1964
f 2196/3010/1965 2195/3011/1966 2197/3012/1967
f 2195/3011/1966 2194/3008/1963 2198/3013/1968
f 2197/3012/1967 2198/3013/1968 2200/3014/1969
f 2198/3013/1968 2193/3015/1970 2199/3016/1971
f 2185/3002/1957 2276/3017/1972 2274/3018/1973
f 2276/3017/1972 2273/3019/1974 2274/3018/1973
f 2202/3020/1975 2203/3021/1976 2201/3022/1977
f 2204/3023/1978 2202/3020/1975 2156/3024/1943
f 2203/3021/1976 2268/3025/1979 2237/3026/1980
f 2202/3020/1975 2205/3027/1981 2268/3025/1979
f 2208/3028/1982 2210/3029/1983 2251/3030/1984
f 2210/3029/1983 2211/3031/1985 2209/3032/1986
f 2212/3033/1987 2213/3034/1988 2190/3035/1959
f 2212/3033/1987 2193/3036/1970 2213/3034/1988
f 2257/3037/1989 2218/3038/1990 2256/3039/1991
f 2218/3038/1990 2278/3040/1992 2254/3041/1993
f 2278/3040/1992 2221/3042/1994 2254/3041/1993
f 2221/3042/1994 2278/3040/1992 2279/3043/1995
f 2221/3042/1994 2219/3044/1996 2254/3041/1993
f 2220/3045/1997 2221/3042/1994 2280/3046/1955
f 2225/3047/1998 2223/3048/1999 2222/3049/2000
f 2226/3050/2001 2224/3051/2002 2223/3048/1999
f 2226/3050/2001 2223/3048/1999 2225/3047/1998
f 2229/3052/2003 2227/3053/2004 2224/3051/2002
f 2230/3054/2005 2228/3055/2006 2227/3053/2004
f 2229/3052/2003 2224/3051/2002 2226/3050/2001
f 2230/3054/2005 2227/3053/2004 2229/3052/2003
f 2229/3052/2003 2231/3056/2007 2230/3054/2005
f 2231/3056/2007 2229/3052/2003 2232/3057/2008
f 2229/3052/2003 2226/3050/2001 2232/3057/2008
f 2226/3050/2001 2225/3047/1998 2232/3057/2008
f 2232/3057/2008 2225/3047/1998 2233/3058/2009
f 2237/3059/1980 2200/3014/1969 2236/3060/2010
f 2247/3061/2011 2241/3062/2012 2246/3063/2013
f 2361/3064/2014 2249/3065/2015 2250/3066/2016
f 2361/3064/2014 2362/3067/2017 2249/3065/2015
f 2250/3068/2016 2249/3069/2015 2211/3031/1985
f 2251/3070/1984 2159/2996/1951 2235/3071/2018
f 2258/3072/2019 2252/3073/2020 2253/3074/2021
f 2258/3072/2019 2220/3075/1997 2157/3076/2022
f 2170/3077/2023 2262/3078/2024 2184/3079/2025
f 2263/3080/2026 2264/3081/2027 2228/3055/2006
f 2227/3053/2004 2264/3081/2027 2265/3082/2028
f 2224/3051/2002 2265/3082/2028 2166/3083/2029
f 2267/3084/2030 2269/3085/2031 2268/3086/1979
f 2200/3014/1969 2199/3016/1971 2236/3060/2010
f 2274/3018/1973 2271/3087/2032 2188/3088/2033
f 2278/3040/1992 2218/3038/1990 2275/3089/2034
f 2278/3040/1992 2277/3090/2035 2279/3043/1995
f 2278/3091/1992 2275/3092/2034 2189/2998/1953
f 2189/2998/1953 2280/3000/1955 2279/3093/1995
f 2287/3094/2036 2292/3095/2037 2291/3096/2038
f 2232/3057/2008 2293/3097/2039 2294/3098/2040
f 2286/3099/2041 2293/3097/2039 2292/3095/2037
f 2294/3098/2040 2293/3097/2039 2290/3100/2042
f 2208/3028/1982 2235/3101/2018 2236/3102/2010
f 2203/3021/1976 2237/3026/1980 2201/3022/1977
f 2301/3103/2043 2302/3104/2044 2318/3105/2045
f 2301/3103/2043 2303/3106/2046 2302/3104/2044
f 2303/3106/2046 2307/3107/2047 2305/3108/2048
f 2310/3109/2049 2308/3110/2050 2311/3111/2051
f 2311/3112/2051 2303/3106/2046 2535/3113/2052
f 2311/3112/2051 2307/3107/2047 2303/3106/2046
f 2301/3103/2043 2438/3114/2053 2534/3115/2054
f 2312/3116/2055 2316/3117/2056 2317/3118/2057
f 2316/3117/2056 2314/3119/2058 2222/3049/2000
f 2234/3120/2059 2314/3119/2058 2304/3121/2060
f 2223/3048/1999 2166/3083/2029 2315/3122/2061
f 2166/3083/2029 2316/3117/2056 2315/3122/2061
f 2317/3118/2057 2250/3068/2016 2212/3033/1987
f 2321/3123/2062 2323/3124/2063 2320/3125/2064
f 2231/3056/2007 2330/3126/2065 2329/3127/2066
f 2330/3126/2065 2331/3128/2067 2329/3127/2066
f 2333/3129/2068 2331/3128/2067 2332/3130/2069
f 2336/3131/2070 2332/3130/2069 2334/3132/2071
f 2339/3133/2072 2334/3132/2071 2335/3134/2073
f 2334/3132/2071 2330/3126/2065 2335/3134/2073
f 2332/3130/2069 2336/3131/2070 2228/3055/2006
f 2337/3135/2074 2228/3055/2006 2336/3131/2070
f 2334/3132/2071 2339/3133/2072 2336/3131/2070
f 2337/3135/2074 2340/3136/2075 2261/3137/2076
f 2340/3138/2075 2319/3139/2077 2183/3140/2078
f 2337/3141/2074 2338/3142/2079 2340/3138/2075
f 2341/3143/2080 2339/3133/2072 2335/3134/2073
f 2294/3098/2040 2330/3126/2065 2231/3056/2007
f 2330/3126/2065 2294/3098/2040 2348/3144/2081
f 2348/3144/2081 2294/3098/2040 2345/3145/2082
f 2350/3146/2083 2347/3147/2084 2346/3148/2085
f 2414/3149/2086 2354/3150/2087 2162/2995/1950
f 2260/2991/1946 2355/2989/1944 2239/3151/2088
f 2358/3152/2089 2360/3153/2090 2357/3154/2091
f 2359/3155/2092 2358/3152/2089 2574/3156/2093
f 2360/3153/2090 2361/3064/2014 2250/3066/2016
f 2363/3157/2094 2164/2997/1952 2159/2996/1951
f 2359/3155/2092 2578/3158/2095 2363/3157/2094
f 2186/3159/2096 2364/3160/2097 2185/3002/1957
f 2185/3002/1957 2364/3160/2097 2238/3003/1958
f 2364/3160/2097 2365/3161/2098 2238/3003/1958
f 2309/3162/2099 2367/3163/2100 2368/3164/2101
f 2367/3163/2100 2370/3165/2102 2371/3166/2103
f 2378/3167/2104 2379/3168/2105 2380/3169/2106
f 2379/3168/2105 2370/3165/2102 2381/3170/2107
f 2383/3171/2108 2215/3172/2109 2384/3173/2110
f 2215/3172/2109 2383/3171/2108 2385/3174/2111
f 2386/3175/2112 2385/3176/2111 2598/3177/2113
f 2272/3178/2114 2215/3179/2109 2386/3175/2112
f 2386/3175/2112 2387/3180/2115 2188/3088/2033
f 2598/3177/2113 2387/3180/2115 2386/3175/2112
f 2168/3181/2116 2390/3182/2117 2166/3183/2029
f 2393/3184/2118 2394/3185/2119 2390/3182/2117
f 2382/3186/2120 2403/3187/2121 2380/3169/2106
f 2380/3169/2106 2403/3187/2121 2399/3188/2122
f 2401/3189/2123 2399/3188/2122 2402/3190/2124
f 2492/3191/2125 2478/3192/2126 2491/3193/2127
f 2407/3194/2128 2488/3195/2129 2470/3196/2130
f 2413/3197/2131 2163/3198/2132 2164/2997/1952
f 2412/3199/2133 2410/3200/2134 2408/3201/2135
f 2415/3202/2136 2417/3203/2137 2500/3204/2138
f 2417/3203/2137 2418/3205/2139 2499/3206/2140
f 2419/3207/2141 2421/3208/2142 2498/3209/2143
f 2420/3210/2144 2422/3211/2145 2423/3212/2146
f 2323/3124/2063 2424/3213/2147 2179/3214/2148
f 2428/3215/2149 2507/3216/2150 2429/3217/2151
f 2599/3218/2152 2187/3219/2153 2387/3180/2115
f 2446/3220/2154 2433/3009/1964 2504/3221/2155
f 2437/3222/2156 2436/3223/2157 2435/3224/2158
f 2583/3225/2159 2436/3223/2157 2196/3010/1965
f 2433/3009/1964 2446/3220/2154 2438/3114/2053
f 2514/3226/2160 2515/3227/2161 2429/3217/2151
f 2514/3226/2160 2429/3217/2151 2448/3228/2162
f 2448/3228/2162 2429/3217/2151 2507/3216/2150
f 2441/3229/2163 2503/3230/2164 2478/3231/2126
f 2503/3230/2164 2441/3229/2163 2431/3232/2165
f 2439/3233/2166 2467/3234/2167 2468/3235/2168
f 2482/3236/2169 2442/3237/2170 2465/3238/2171
f 2442/3237/2170 2445/3239/2172 2465/3238/2171
f 2481/3240/2173 2442/3237/2170 2482/3236/2169
f 2445/3239/2172 2506/3241/2174 2466/3242/2175
f 2506/3241/2174 2444/3243/2176 2505/3244/2177
f 2446/3245/2154 2504/3246/2155 2447/3247/2178
f 2444/3243/2176 2580/3248/2179 2447/3247/2178
f 2450/3249/2180 2449/3250/2181 2509/3251/2182
f 2488/3252/2129 2510/3253/2183 2448/3254/2162
f 2513/3255/2184 2514/3256/2160 2490/3257/2185
f 2493/3258/2186 2452/3259/2187 2490/3257/2185
f 2452/3259/2187 2453/3260/2188 2513/3255/2184
f 2517/3261/2189 2453/3260/2188 2452/3259/2187
f 2459/3262/2190 2460/3263/2191 2458/3264/2192
f 2460/3263/2191 2459/3262/2190 2461/3265/2193
f 2461/3265/2193 2459/3262/2190 2456/3266/2194
f 2463/3267/2195 2498/3268/2143 2464/3269/2196
f 2495/3270/2197 2472/3271/2198 2470/3196/2130
f 2471/3272/2199 2472/3271/2198 2495/3270/2197
f 2241/3062/2012 2240/3273/2200 2472/3271/2198
f 2444/3243/2176 2480/3274/2201 2580/3248/2179
f 2483/3275/2202 2485/3276/2203 2484/3277/2204
f 2485/3278/2203 2490/3257/2185 2489/3279/2205
f 2492/3280/2125 2493/3281/2186 2483/3282/2202
f 2494/3283/2206 2496/3284/2207 2488/3195/2129
f 2499/3285/2140 2498/3268/2143 2454/3286/2208
f 2497/3287/2209 2561/3288/2210 2501/3289/2211
f 2432/3290/2212 2503/3291/2164 2431/3292/2165
f 2507/3216/2150 2449/3293/2181 2448/3228/2162
f 2507/3216/2150 2508/3294/2213 2449/3293/2181
f 2514/3295/2160 2511/3296/2214 2515/3297/2161
f 2514/3256/2160 2513/3255/2184 2511/3298/2214
f 2512/3299/2215 2513/3255/2184 2453/3260/2188
f 2511/3300/2214 2516/3301/2216 2515/3227/2161
f 2520/3302/2217 2524/3303/2218 2526/3304/2219
f 2522/3305/2220 2526/3304/2219 2525/3306/2221
f 2525/3306/2221 2526/3304/2219 2527/3307/2222
f 2462/3308/2223 2528/3309/2224 2460/3263/2191
f 2528/3309/2224 2524/3303/2218 2529/3310/2225
f 2530/3311/2226 2467/3234/2167 2439/3233/2166
f 2551/3312/2227 2532/3313/2228 2552/3314/2229
f 2533/3315/2230 2534/3115/2054 2552/3314/2229
f 2309/3162/2099 2535/3316/2052 2536/3317/2231
f 2533/3315/2230 2537/3318/2232 2535/3113/2052
f 2540/3319/2233 2532/3320/2228 2550/3321/2234
f 2518/3322/2235 2550/3321/2234 2519/3323/2236
f 2542/3324/2237 2446/3245/2154 2541/3325/2238
f 2543/3326/2239 2542/3324/2237 2541/3325/2238
f 2457/3327/2240 2545/3328/2241 2455/3329/2242
f 2543/3326/2239 2546/3330/2243 2545/3328/2241
f 2548/3331/2244 2547/3332/2245 2546/3330/2243
f 2421/3208/2142 2420/3210/2144 2553/3333/2246
f 2420/3210/2144 2423/3212/2146 2553/3333/2246
f 2553/3333/2246 2554/3334/2247 2556/3335/2248
f 2501/3289/2211 2561/3288/2210 2560/3336/2249
f 2560/3336/2249 2561/3288/2210 2559/3337/2250
f 2557/3338/2251 2562/3339/2252 2555/3340/2253
f 2527/3307/2222 2563/3341/2254 2564/3342/2255
f 2563/3341/2254 2565/3343/2256 2564/3342/2255
f 2557/3344/2251 2572/3345/2257 2462/3308/2223 2560/3336/2249 2559/3337/2250
f 2572/3345/2257 2567/3346/2258 2528/3309/2224
f 2472/3271/2198 2354/3150/2087 2573/3347/2259
f 2577/3348/2260 2578/3158/2095 2359/3155/2092
f 2576/3349/2261 2577/3348/2260 2574/3156/2093
f 2579/3350/2262 2413/3197/2131 2578/3158/2095
f 2579/3350/2262 2481/3351/2173 2482/3352/2169
f 2413/3197/2131 2579/3350/2262 2409/3353/2263
f 2577/3348/2260 2576/3349/2261 2481/3351/2173
f 2481/3351/2173 2576/3349/2261 2480/3354/2201
f 2576/3349/2261 2580/3355/2179 2480/3354/2201
f 2436/3223/2157 2584/3356/2264 2435/3224/2158
f 2467/3357/2167 2430/3358/2265 2469/3359/2266
f 2467/3357/2167 2582/3360/2267 2430/3358/2265
f 2430/3358/2265 2582/3360/2267 2429/3217/2151
f 2527/3361/2222 2593/3362/2268 2525/3363/2221
f 2385/3174/2111 2383/3171/2108 2596/3364/2269
f 2596/3364/2269 2600/3365/2270 2385/3174/2111
f 2600/3366/2270 2508/3294/2213 2598/3177/2113
f 2599/3218/2152 2598/3177/2113 2507/3216/2150
f 2604/3367/2271 2356/3368/2272 2397/3369/2273
f 2604/3370/2271 2603/3371/2274 2605/3372/2275
f 2547/3373/2245 2606/3374/2276 2415/3202/2136
f 2611/3375/2277 2608/3376/2278 2612/3377/2279
f 2568/3378/2280 2611/3375/2277 2612/3377/2279
f 2613/3379/2281 2592/3380/2282 2593/3362/2268
f 2566/3381/2283 2612/3377/2279 2613/3379/2281
f 2616/3382/2284 2709/3383/2285 2614/3384/2286
f 2614/3384/2286 2615/3385/2287 2723/3386/2288
f 2723/3386/2288 2722/3387/2289 2614/3384/2286
f 2615/3385/2287 2614/3384/2286 2714/3388/2290
f 2722/3387/2289 2616/3382/2284 2614/3384/2286
f 2620/3389/2291 2619/3390/2292 2618/3391/2293
f 2622/3392/2294 2623/3393/2295 2620/3389/2291
f 2619/3390/2292 2623/3393/2295 2874/3394/2296
f 2729/3395/2297 2625/3396/2298 2677/3397/2299
f 2642/3398/2300 2641/3399/2301 2640/3400/2302
f 2844/3401/2303 2893/3402/2304 2645/3403/2305
f 2734/3404/2306 2644/3405/2307 2844/3401/2303
f 2648/3406/2308 2675/3407/2309 2821/3408/2310
f 2644/3405/2307 2648/3406/2308 2820/3409/2311
f 2666/3410/2312 2649/3411/2313 2733/3412/2314
f 2651/3413/2315 2652/3414/2316 2732/3415/2317
f 2654/3416/2318 2731/3417/2319 2655/3418/2320
f 2646/3419/2321 2648/3406/2308 2740/3420/2322
f 2656/3421/2323 2706/3422/2324 2707/3423/2325
f 2656/3421/2323 2657/3424/2326 2706/3422/2324
f 2730/3425/2327 2658/3426/2328 2657/3424/2326
f 2647/3427/2329 2659/3428/2330 2658/3429/2328
f 2694/3430/2331 2713/3431/2332 2661/3432/2333
f 2713/3431/2332 2660/3433/2334 2661/3432/2333
f 2712/3434/2335 2660/3433/2334 2713/3431/2332
f 2732/3435/2317 2667/3436/2336 2665/3437/2337
f 2731/3438/2319 2663/3439/2338 2667/3436/2336
f 2731/3438/2319 2695/3440/2339 2660/3433/2334
f 2695/3440/2339 2661/3432/2333 2660/3433/2334
f 2738/3441/2340 2737/3442/2341 2718/3443/2342
f 2717/3444/2343 2673/3445/2344 2740/3446/2322
f 2721/3447/2345 2674/3448/2346 2673/3445/2344
f 2688/3449/2347 2677/3450/2299 2678/3451/2348
f 2685/3452/2349 2678/3451/2348 2681/3453/2350
f 2728/3454/2351 2681/3453/2350 2678/3451/2348
f 2684/3455/2352 2681/3453/2350 2683/3456/2353
f 2686/3457/2354 2689/3458/2355 2688/3449/2347
f 2690/3459/2356 2691/3460/2357 2679/3461/2358
f 2689/3458/2355 2690/3459/2356 2679/3461/2358
f 2679/3461/2358 2688/3449/2347 2689/3458/2355
f 2679/3461/2358 2691/3460/2357 2680/3462/2359
f 2696/3463/2360 2695/3464/2339 2822/3465/2361
f 2696/3463/2360 2821/3408/2310 2658/3466/2328
f 2702/3467/2362 2700/3468/2363 2701/3469/2364
f 2704/3470/2365 2705/3471/2366 2703/3472/2367
f 2707/3473/2325 2706/3474/2324 2693/3475/2368
f 2710/3476/2369 2663/3439/2338 2711/3477/2370
f 2617/3478/2371 2713/3479/2332 2694/3480/2331
f 2673/3445/2344 2717/3444/2343 2715/3481/2372
f 2714/3482/2290 2716/3483/2373 2715/3481/2372
f 2615/3385/2287 2718/3484/2342 2723/3386/2288
f 2615/3485/2287 2714/3482/2290 2717/3444/2343
f 2727/3486/2374 2682/3487/2375 2725/3488/2376
f 2725/3488/2376 2681/3453/2350 2728/3454/2351
f 2677/3450/2299 2728/3454/2351 2678/3451/2348
f 2742/3489/2377 2741/3490/2378 2676/3491/2379
f 2742/3492/2377 2675/3407/2309 2741/3493/2378
f 2748/3494/2380 2753/3495/2381 2754/3496/2382
f 2749/3497/2383 2754/3496/2382 2755/3498/2384
f 2756/3499/2385 2752/3500/2386 2755/3498/2384
f 2757/3501/2387 2758/3502/2388 2756/3499/2385
f 2693/3503/2368 2763/3504/2389 2656/3421/2323
f 2693/3503/2368 2692/3505/2390 2763/3504/2389
f 2692/3506/2390 2661/3432/2333 2695/3440/2339
f 2781/3507/2391 2764/3508/2392 2649/3411/2313
f 2764/3508/2392 2650/3509/2393 2649/3411/2313
f 2765/3510/2394 2764/3508/2392 2782/3511/2395
f 2765/3510/2394 2773/3512/2396 2764/3508/2392
f 2766/3513/2397 2768/3514/2398 2773/3512/2396
f 2771/3515/2399 2772/3516/2400 2769/3517/2401
f 2773/3512/2396 2772/3518/2400 2993/3519/2402
f 2773/3512/2396 2768/3514/2398 2772/3518/2400
f 2650/3509/2393 2764/3508/2392 2774/3520/2403
f 2777/3521/2404 2729/3522/2297 2680/3462/2359
f 2777/3521/2404 2680/3462/2359 2775/3523/2405
f 2691/3460/2357 2775/3523/2405 2680/3462/2359
f 2662/3524/2406 2710/3476/2369 2779/3525/2407
f 2787/3526/2408 2788/3527/2409 2636/3528/2410
f 2792/3529/2411 2793/3530/2412 2784/3531/2413
f 2686/3457/2354 2687/3532/2414 2794/3533/2415
f 2684/3455/2352 2794/3533/2415 2687/3532/2414
f 2794/3533/2415 2684/3455/2352 2795/3534/2416
f 2800/3535/2417 2795/3534/2416 2801/3536/2418
f 2727/3486/2374 2796/3537/2419 2797/3538/2420
f 2798/3539/2421 2799/3540/2422 2726/3541/2423
f 2793/3530/2412 2799/3542/2422 2785/3543/2424
f 2757/3501/2387 2805/3544/2425 2759/3545/2426
f 2802/3546/2427 2804/3547/2428 2857/3548/2429
f 2757/3501/2387 2756/3499/2385 2806/3549/2430
f 2800/3535/2417 2806/3549/2430 2795/3534/2416
f 2697/3550/2431 2621/3551/2432 2616/3382/2284
f 2697/3550/2431 2705/3471/2366 2621/3551/2432
f 2710/3552/2369 2815/3553/2433 2813/3554/2434
f 2815/3553/2433 2711/3555/2370 2712/3556/2335
f 2643/3557/2435 2819/3558/2436 2893/3402/2304
f 2696/3463/2360 2822/3465/2361 2821/3408/2310
f 2821/3408/2310 2822/3465/2361 2820/3409/2311
f 2770/3559/2437 2824/3560/2438 2825/3561/2439
f 2825/3561/2439 2827/3562/2440 2828/3563/2441
f 2838/3564/2442 2837/3565/2443 2828/3563/2441
f 2835/3566/2444 2836/3567/2445 2838/3564/2442
f 2841/3568/2446 2839/3569/2447 2840/3570/2448
f 2843/3571/2449 2842/3572/2450 2736/3573/2451
f 2844/3401/2303 2843/3571/2449 2734/3404/2306
f 2627/3574/2452 2625/3396/2298 2847/3575/2453
f 2777/3576/2404 2850/3577/2454 2847/3575/2453
f 2813/3554/2434 2851/3578/2455 2710/3552/2369
f 2836/3567/2445 2856/3579/2456 2854/3580/2457
f 2855/3581/2458 2854/3580/2457 2864/3582/2459
f 2856/3579/2456 2858/3583/2460 2860/3584/2461
f 2859/3585/2462 2861/3586/2463 2860/3584/2461
f 2868/3587/2464 2866/3588/2465 2906/3589/2466
f 2865/3590/2467 2868/3587/2464 2940/3591/2468
f 2927/3592/2469 2867/3593/2470 2866/3588/2465
f 2874/3394/2296 2623/3393/2295 2875/3594/2471
f 2963/3595/2472 2876/3596/2473 2877/3597/2474
f 2892/3598/2475 2890/3599/2476 2891/3600/2477
f 2653/3601/2478 2905/3602/2479 2904/3603/2480
f 2651/3413/2315 2650/3509/2393 2899/3604/2481
f 2969/3605/2482 2891/3600/2477 2922/3606/2483
f 2947/3607/2484 2908/3608/2485 2909/3609/2486
f 2965/3610/2487 2909/3609/2486 2908/3608/2485
f 2911/3611/2488 2941/3612/2489 2912/3613/2490
f 2938/3614/2491 2913/3615/2492 2950/3616/2493
f 2942/3617/2494 2902/3618/2495 2913/3619/2492
f 2915/3620/2496 2897/3621/2497 2900/3622/2498
f 2951/3623/2499 2913/3615/2492 2914/3624/2500
f 2969/3625/2482 2921/3626/2501 2920/3627/2502
f 2954/3628/2503 2922/3629/2483 2955/3630/2504
f 2925/3631/2505 2971/3632/2506 2923/3633/2507
f 2953/3634/2508 2956/3635/2509 2970/3636/2510
f 2971/3632/2506 2925/3631/2505 2953/3634/2508
f 2923/3633/2507 2896/3637/2511 2925/3631/2505
f 2908/3608/2485 2973/3638/2512 2965/3610/2487
f 2908/3608/2485 2867/3639/2470 2927/3640/2469
f 2928/3641/2513 2930/3642/2514 2929/3643/2515
f 2929/3643/2515 2930/3642/2514 2880/3644/2516
f 2931/3645/2517 2932/3646/2518 2934/3647/2519
f 2936/3648/2520 2930/3642/2514 2934/3647/2519
f 2935/3649/2521 2936/3648/2520 2933/3650/2522
f 2937/3651/2523 2880/3644/2516 2936/3648/2520
f 2703/3472/2367 2945/3652/2524 2869/3653/2525
f 2704/3470/2365 2703/3472/2367 3034/3654/2526
f 2948/3655/2527 2951/3623/2499 2917/3656/2528
f 2913/3615/2492 2949/3657/2529 2950/3616/2493
f 2914/3624/2500 2917/3656/2528 2951/3623/2499
f 2955/3658/2504 2868/3587/2464 2954/3659/2503
f 2952/3660/2530 2926/3661/2531 2927/3592/2469
f 2869/3653/2525 2960/3662/2532 2958/3663/2533
f 2937/3651/2523 2935/3649/2521 2962/3664/2534
f 2903/3665/2535 2902/3666/2495 2942/3667/2494
f 2969/3605/2482 2922/3606/2483 2968/3668/2536
f 2922/3606/2483 2894/3669/2537 2970/3670/2510
f 2894/3669/2537 2971/3671/2506 2970/3670/2510
f 2971/3632/2506 2972/3672/2538 2923/3633/2507
f 2894/3669/2537 2896/3673/2511 2971/3671/2506
f 2896/3673/2511 2972/3674/2538 2971/3671/2506
f 2982/3675/2539 3026/3676/2540 2983/3677/2541
f 2933/3650/2522 2984/3678/2542 2985/3679/2543
f 2938/3680/2491 2988/3681/2544 2942/3617/2494
f 2939/3682/2545 2987/3683/2546 2988/3684/2544
f 2900/3685/2498 2989/3686/2547 3002/3687/2548
f 2989/3688/2547 2990/3689/2549 3004/3690/2550
f 2774/3520/2403 2991/3691/2551 2989/3686/2547
f 2993/3519/2402 2991/3691/2551 2773/3512/2396
f 2994/3692/2552 2991/3691/2551 2993/3519/2402
f 2997/3693/2553 3005/3694/2554 2990/3689/2549
f 2974/3695/2555 2977/3696/2556 3005/3694/2554
f 2915/3697/2496 2999/3698/2557 2998/3699/2558
f 3001/3700/2559 3000/3701/2560 2999/3702/2557
f 3001/3700/2559 3002/3703/2548 3003/3704/2561
f 3008/3705/2562 2963/3595/2472 2878/3706/2563
f 3011/3707/2564 3012/3708/2565 3010/3709/2566
f 3010/3709/2566 3014/3710/2567 2885/3711/2568
f 3012/3708/2565 3013/3712/2569 3014/3710/2567
f 2933/3650/2522 3017/3713/2570 2935/3649/2521
f 3018/3714/2571 3019/3715/2572 3017/3713/2570
f 3018/3714/2571 3017/3713/2570 2985/3679/2543 3032/3716/2573 3020/3717/2574
f 2935/3649/2521 3019/3715/2572 2962/3664/2534
f 3020/3717/2574 3021/3718/2575 2962/3664/2534
f 3025/3719/2576 3023/3720/2577 3022/3721/2578
f 3027/3722/2579 3028/3723/2580 3029/3724/2581
f 3032/3716/2573 2985/3679/2543 3026/3676/2540
f 2704/3470/2365 3034/3654/2526 3033/3725/2582
f 3033/3725/2582 3034/3654/2526 2875/3594/2471
f 2917/3656/2528 3039/3726/2583 2948/3655/2527
f 3040/3727/2584 2904/3603/2480 2903/3665/2535
f 3048/3728/2585 3047/3729/2586 3060/3730/2587
f 3051/3731/2588 3052/3732/2589 2918/3733/2590
f 3053/3734/2591 2645/3403/2305 2920/3735/2502
f 2842/3572/2450 3053/3734/2591 3052/3736/2589
f 2845/3737/2592 2848/3738/2593 3054/3739/2594
f 3057/3740/2595 3055/3741/2596 3056/3742/2597
f 3008/3705/2562 2878/3706/2563 3058/3743/2598
f 3066/3744/2599 3064/3745/2600 3063/3746/2601
f 3065/3747/2602 3060/3730/2587 3064/3745/2600
f 3022/3748/2578 3048/3728/2585 3065/3747/2602
f 3067/3749/2603 3069/3750/2604 3070/3751/2605
f 3070/3751/2605 3069/3750/2604 3170/3752/2606
f 3077/3753/2607 3073/3754/2608 3072/3755/2609
f 3073/3754/2608 3074/3756/2610 3265/3757/2611
f 3077/3753/2607 3071/3758/2612 3076/3759/2613
f 3101/3760/2614 3176/3761/2615 3190/3762/2616
f 3190/3762/2616 3176/3761/2615 3191/3763/2617
f 3176/3761/2615 3097/3764/2618 3148/3765/2619
f 3102/3766/2620 3180/3767/2621 3103/3768/2622
f 3104/3769/2623 3106/3770/2624 3343/3771/2625
f 3108/3772/2626 3107/3773/2627 3109/3774/2628
f 3107/3773/2627 3106/3770/2624 3110/3775/2629
f 3109/3774/2628 3110/3775/2629 3112/3776/2630
f 3110/3775/2629 3105/3777/2631 3111/3778/2632
f 3097/3764/2618 3186/3779/2633 3184/3780/2634
f 3186/3779/2633 3183/3781/2635 3184/3780/2634
f 3114/3782/2636 3115/3783/2637 3113/3784/2638
f 3116/3785/2639 3114/3782/2636 3067/3786/2603
f 3115/3783/2637 3178/3787/2640 3147/3788/2641
f 3114/3782/2636 3117/3789/2642 3178/3787/2640
f 3119/3790/2643 3121/3791/2644 3160/3792/2645
f 3121/3791/2644 3122/3793/2646 3120/3794/2647
f 3123/3795/2648 3124/3796/2649 3102/3797/2620
f 3123/3795/2648 3105/3798/2631 3124/3796/2649
f 3166/3799/2650 3128/3800/2651 3165/3801/2652
f 3128/3800/2651 3188/3802/2653 3163/3803/2654
f 3188/3802/2653 3131/3804/2655 3163/3803/2654
f 3131/3804/2655 3188/3802/2653 3189/3805/2656
f 3131/3804/2655 3129/3806/2657 3163/3803/2654
f 3130/3807/2658 3131/3804/2655 3190/3808/2616
f 3135/3809/2659 3133/3810/2660 3132/3811/2661
f 3136/3812/2662 3134/3813/2663 3133/3810/2660
f 3136/3812/2662 3133/3810/2660 3135/3809/2659
f 3139/3814/2664 3137/3815/2665 3134/3813/2663
f 3140/3816/2666 3138/3817/2667 3137/3815/2665
f 3139/3814/2664 3134/3813/2663 3136/3812/2662
f 3140/3816/2666 3137/3815/2665 3139/3814/2664
f 3139/3814/2664 3141/3818/2668 3140/3816/2666
f 3141/3818/2668 3139/3814/2664 3142/3819/2669
f 3139/3814/2664 3136/3812/2662 3142/3819/2669
f 3136/3812/2662 3135/3809/2659 3142/3819/2669
f 3142/3819/2669 3135/3809/2659 3143/3820/2670
f 3147/3821/2641 3112/3776/2630 3146/3822/2671
f 3155/3823/2672 3150/3824/2673 3386/3825/2674
f 3272/3826/2675 3158/3827/2676 3159/3828/2677
f 3272/3826/2675 3273/3829/2678 3158/3827/2676
f 3159/3830/2677 3158/3831/2676 3122/3793/2646
f 3160/3832/2645 3071/3758/2612 3145/3833/2679
f 3167/3834/2680 3161/3835/2681 3162/3836/2682
f 3167/3834/2680 3130/3837/2658 3068/3838/2683
f 3082/3839/2684 3172/3840/2685 3096/3841/2686
f 3173/3842/2687 3174/3843/2688 3138/3817/2667
f 3137/3815/2665 3174/3843/2688 3175/3844/2689
f 3134/3813/2663 3175/3844/2689 3078/3845/2690
f 3177/3846/2691 3179/3847/2692 3178/3848/2640
f 3112/3776/2630 3111/3778/2632 3146/3822/2671
f 3184/3780/2634 3181/3849/2693 3100/3850/2694
f 3188/3802/2653 3128/3800/2651 3185/3851/2695
f 3188/3802/2653 3187/3852/2696 3189/3805/2656
f 3188/3853/2653 3185/3854/2695 3101/3760/2614
f 3101/3760/2614 3190/3762/2616 3189/3855/2656
f 3197/3856/2697 3202/3857/2698 3201/3858/2699
f 3142/3819/2669 3203/3859/2700 3204/3860/2701
f 3196/3861/2702 3203/3859/2700 3202/3857/2698
f 3204/3860/2701 3203/3859/2700 3200/3862/2703
f 3205/3863/2704 3206/3864/2705 3204/3860/2701
f 3119/3790/2643 3145/3865/2679 3146/3866/2671
f 3115/3783/2637 3147/3788/2641 3113/3784/2638
f 3212/3867/2706 3213/3868/2707 3229/3869/2708
f 3212/3867/2706 3214/3870/2709 3213/3868/2707
f 3214/3870/2709 3218/3871/2710 3216/3872/2711
f 3221/3873/2712 3219/3874/2713 3222/3875/2714
f 3222/3876/2714 3214/3870/2709 3447/3877/2715
f 3222/3876/2714 3218/3871/2710 3214/3870/2709
f 3212/3867/2706 3348/3878/2716 3446/3879/2717
f 3223/3880/2718 3227/3881/2719 3228/3882/2720
f 3227/3881/2719 3225/3883/2721 3132/3811/2661
f 3144/3884/2722 3225/3883/2721 3215/3885/2723
f 3133/3810/2660 3078/3845/2690 3226/3886/2724
f 3078/3845/2690 3227/3881/2719 3226/3886/2724
f 3228/3882/2720 3159/3830/2677 3123/3795/2648
f 3232/3887/2725 3234/3888/2726 3231/3889/2727
f 3141/3818/2668 3241/3890/2728 3240/3891/2729
f 3241/3890/2728 3242/3892/2730 3240/3891/2729
f 3244/3893/2731 3242/3892/2730 3243/3894/2732
f 3247/3895/2733 3243/3894/2732 3245/3896/2734
f 3249/3897/2735 3245/3896/2734 3246/3898/2736
f 3245/3896/2734 3241/3890/2728 3246/3898/2736
f 3243/3894/2732 3247/3895/2733 3138/3817/2667
f 3248/3899/2737 3138/3817/2667 3247/3895/2733
f 3245/3896/2734 3249/3897/2735 3247/3895/2733
f 3248/3899/2737 3251/3900/2738 3171/3901/2739
f 3251/3902/2738 3230/3903/2740 3095/3904/2741
f 3248/3905/2737 3250/3906/2742 3251/3902/2738
f 3252/3907/2743 3249/3897/2735 3246/3898/2736
f 3255/3908/2744 3206/3864/2705 3208/3909/2745
f 3204/3860/2701 3241/3890/2728 3141/3818/2668
f 3241/3890/2728 3204/3860/2701 3258/3910/2746
f 3258/3910/2746 3204/3860/2701 3255/3908/2744
f 3260/3911/2747 3257/3912/2748 3256/3913/2749
f 3265/3757/2611 3074/3756/2610 3264/3914/2750
f 3265/3757/2611 3264/3914/2750 3266/3915/2751
f 3269/3916/2752 3271/3917/2753 3268/3918/2754
f 3270/3919/2755 3269/3916/2752 3487/3920/2756
f 3271/3917/2753 3272/3826/2675 3159/3828/2677
f 3274/3921/2757 3076/3759/2613 3071/3758/2612
f 3270/3919/2755 3491/3922/2758 3274/3921/2757
f 3098/3923/2759 3275/3924/2760 3097/3764/2618
f 3097/3764/2618 3275/3924/2760 3148/3765/2619
f 3275/3924/2760 3276/3925/2761 3148/3765/2619
f 3220/3926/2762 3278/3927/2763 3279/3928/2764
f 3278/3927/2763 3281/3929/2765 3282/3930/2766
f 3289/3931/2767 3290/3932/2768 3291/3933/2769
f 3290/3932/2768 3281/3929/2765 3292/3934/2770
f 3294/3935/2771 3126/3936/2772 3295/3937/2773
f 3126/3936/2772 3294/3935/2771 3296/3938/2774
f 3182/3939/2775 3126/3940/2772 3297/3941/2776
f 3297/3941/2776 3298/3942/2777 3100/3850/2694
f 3080/3943/2778 3301/3944/2779 3078/3945/2690
f 3304/3946/2780 3305/3947/2781 3301/3944/2779
f 3293/3948/2782 3314/3949/2783 3291/3933/2769
f 3291/3933/2769 3314/3949/2783 3310/3950/2784
f 3312/3951/2785 3310/3950/2784 3313/3952/2786
f 3404/3953/2787 3390/3954/2788 3403/3955/2789
f 3318/3956/2790 3400/3957/2791 3381/3958/2792
f 3323/3959/2793 3075/3960/2794 3076/3759/2613
f 3322/3961/2795 3320/3962/2796 3376/3963/2797
f 3325/3964/2798 3327/3965/2799 3412/3966/2800
f 3327/3965/2799 3328/3967/2801 3411/3968/2802
f 3329/3969/2803 3331/3970/2804 3410/3971/2805
f 3330/3972/2806 3332/3973/2807 3333/3974/2808
f 3234/3888/2726 3334/3975/2809 3091/3976/2810
f 3338/3977/2811 3419/3978/2812 3339/3979/2813
f 3512/3980/2814 3099/3981/2815 3298/3942/2777
f 3356/3982/2816 3343/3771/2625 3416/3983/2817
f 3347/3984/2818 3346/3985/2819 3345/3986/2820
f 3496/3987/2821 3346/3985/2819 3108/3772/2626
f 3343/3771/2625 3356/3982/2816 3348/3878/2716
f 3426/3988/2822 3427/3989/2823 3339/3979/2813
f 3426/3988/2822 3339/3979/2813 3358/3990/2824
f 3358/3990/2824 3339/3979/2813 3419/3978/2812
f 3351/3991/2825 3415/3992/2826 3390/3993/2788
f 3415/3992/2826 3351/3991/2825 3341/3994/2827
f 3349/3995/2828 3378/3996/2829 3379/3997/2830
f 3394/3998/2831 3352/3999/2832 3375/4000/2833
f 3352/4001/2832 3355/4002/2834 3375/4003/2833
f 3393/4004/2835 3352/4001/2832 3394/4005/2831
f 3355/4002/2834 3418/4006/2836 3377/4007/2837
f 3418/4006/2836 3354/4008/2838 3417/4009/2839
f 3356/4010/2816 3416/4011/2817 3357/4012/2840
f 3354/4013/2838 3493/4014/2841 3357/4015/2840
f 3360/4016/2842 3359/4017/2843 3421/4018/2844
f 3400/4019/2791 3422/4020/2845 3358/4021/2824
f 3425/4022/2846 3426/4023/2822 3402/4024/2847
f 3405/4025/2848 3362/4026/2849 3402/4024/2847
f 3362/4026/2849 3363/4027/2850 3425/4022/2846
f 3429/4028/2851 3363/4027/2850 3362/4026/2849
f 3369/4029/2852 3370/4030/2853 3368/4031/2854
f 3370/4030/2853 3369/4029/2852 3371/4032/2855
f 3371/4032/2855 3369/4029/2852 3366/4033/2856
f 3373/4034/2857 3410/4035/2805 3374/4036/2858
f 3407/4037/2859 3383/4038/2860 3381/3958/2792
f 3382/4039/2861 3383/4038/2860 3407/4037/2859
f 3150/3824/2673 3149/4040/2862 3383/4038/2860
f 3354/4013/2838 3392/4041/2863 3493/4014/2841
f 3395/4042/2864 3397/4043/2865 3396/4044/2866
f 3397/4045/2865 3402/4024/2847 3401/4046/2867
f 3404/3953/2787 3405/4047/2848 3395/4042/2864
f 3406/4048/2868 3408/4049/2869 3400/3957/2791
f 3411/4050/2802 3410/4035/2805 3364/4051/2870
f 3409/4052/2871 3474/4053/2872 3413/4054/2873
f 3342/4055/2874 3415/4056/2826 3341/4057/2827
f 3419/3978/2812 3359/4058/2843 3358/3990/2824
f 3419/3978/2812 3420/4059/2875 3359/4058/2843
f 3426/4060/2822 3423/4061/2876 3427/4062/2823
f 3426/4023/2822 3425/4022/2846 3423/4063/2876
f 3424/4064/2877 3425/4022/2846 3363/4027/2850
f 3423/4065/2876 3428/4066/2878 3427/3989/2823
f 3432/4067/2879 3436/4068/2880 3438/4069/2881
f 3434/4070/2882 3438/4069/2881 3437/4071/2883
f 3437/4071/2883 3438/4069/2881 3439/4072/2884
f 3372/4073/2885 3440/4074/2886 3370/4030/2853
f 3440/4074/2886 3436/4068/2880 3441/4075/2887
f 3442/4076/2888 3378/3996/2829 3349/3995/2828
f 3463/4077/2889 3444/4078/2890 3464/4079/2891
f 3445/4080/2892 3446/3879/2717 3464/4079/2891
f 3220/3926/2762 3447/4081/2715 3448/4082/2893
f 3445/4080/2892 3449/4083/2894 3447/3877/2715
f 3452/4084/2895 3444/4085/2890 3462/4086/2896
f 3430/4087/2897 3462/4086/2896 3431/4088/2898
f 3454/4089/2899 3356/4090/2816 3453/4091/2900
f 3455/4092/2901 3454/4089/2899 3453/4091/2900
f 3367/4093/2902 3457/4094/2903 3365/4095/2904
f 3455/4092/2901 3458/4096/2905 3457/4094/2903
f 3460/4097/2906 3459/4098/2907 3458/4096/2905
f 3331/3970/2804 3330/3972/2806 3465/4099/2908
f 3330/3972/2806 3333/3974/2808 3465/4099/2908
f 3465/4099/2908 3466/4100/2909 3468/4101/2910
f 3372/4073/2885 3473/4102/2911 3472/4103/2912
f 3473/4102/2911 3471/4104/2913 3472/4103/2912
f 3413/4054/2873 3474/4053/2872 3473/4102/2911
f 3473/4102/2911 3474/4053/2872 3471/4104/2913
f 3471/4104/2913 3469/4105/2914 3472/4103/2912
f 3469/4106/2914 3475/4107/2915 3467/4108/2916
f 3439/4072/2884 3476/4109/2917 3477/4110/2918
f 3476/4109/2917 3478/4111/2919 3477/4110/2918
f 3469/4105/2914 3485/4112/2920 3472/4103/2912
f 3485/4112/2920 3480/4113/2921 3440/4074/2886
f 3472/4103/2912 3485/4112/2920 3372/4073/2885
f 3383/4038/2860 3266/3915/2751 3486/4114/2922
f 3490/4115/2923 3491/3922/2758 3270/3919/2755
f 3489/4116/2924 3490/4115/2923 3487/3920/2756
f 3492/4117/2925 3323/3959/2793 3491/3922/2758
f 3492/4117/2925 3393/4118/2835 3394/4119/2831
f 3323/3959/2793 3492/4117/2925 3319/4120/2926
f 3490/4115/2923 3489/4116/2924 3393/4118/2835
f 3393/4118/2835 3489/4116/2924 3392/4041/2863
f 3489/4116/2924 3493/4014/2841 3392/4041/2863
f 3346/3985/2819 3497/4121/2927 3345/3986/2820
f 3378/4122/2829 3340/4123/2928 3380/4124/2929
f 3378/4122/2829 3495/4125/2930 3340/4123/2928
f 3340/4123/2928 3495/4125/2930 3339/3979/2813
f 3439/4126/2884 3506/4127/2931 3437/4128/2883
f 3296/3938/2774 3294/3935/2771 3509/4129/2932
f 3509/4129/2932 3513/4130/2933 3296/3938/2774
f 3513/4131/2933 3420/4059/2875 3511/4132/2934
f 3512/3980/2814 3511/4132/2934 3419/3978/2812
f 3517/4133/2935 3267/4134/2936 3308/4135/2937
f 3517/4136/2935 3516/4137/2938 3518/4138/2939
f 3459/4139/2907 3519/4140/2940 3325/3964/2798
f 3524/4141/2941 3521/4142/2942 3525/4143/2943
f 3481/4144/2944 3524/4141/2941 3525/4143/2943
f 3526/4145/2945 3505/4146/2946 3506/4127/2931
f 3479/4147/2947 3525/4143/2943 3526/4145/2945
f 3529/4148/2948 3624/4149/2949 3527/4150/2950
f 3527/4150/2950 3528/4151/2951 3582/4152/2952
f 3582/4152/2952 3636/4153/2953 3527/4150/2950
f 3528/4151/2951 3527/4150/2950 3628/4154/2954
f 3636/4153/2953 3529/4148/2948 3527/4150/2950
f 3533/4155/2955 3532/4156/2956 3531/4157/2957
f 3535/4158/2958 3536/4159/2959 3533/4155/2955
f 3532/4156/2956 3536/4159/2959 3784/4160/2960
f 3591/4161/2961 3538/4162/2962 3592/4163/2963
f 3555/4164/2964 3554/4165/2965 3553/4166/2966
f 3755/4167/2967 3804/4168/2968 3558/4169/2969
f 3646/4170/2970 3557/4171/2971 3755/4167/2967
f 3561/4172/2972 3589/4173/2973 3732/4174/2974
f 3557/4171/2971 3561/4172/2972 3731/4175/2975
f 3580/4176/2976 3562/4177/2977 3645/4178/2978
f 3564/4179/2979 3565/4180/2980 3644/4181/2981
f 3567/4182/2982 3643/4183/2983 3568/4184/2984
f 3559/4185/2985 3561/4172/2972 3652/4186/2986
f 3569/4187/2987 3621/4188/2988 3622/4189/2989
f 3569/4187/2987 3570/4190/2990 3621/4188/2988
f 3642/4191/2991 3571/4192/2992 3570/4190/2990
f 3560/4193/2993 3572/4194/2994 3571/4195/2992
f 3608/4196/2995 3627/4197/2996 3575/4198/2997
f 3627/4197/2996 3574/4199/2998 3575/4198/2997
f 3626/4200/2999 3574/4199/2998 3627/4197/2996
f 3644/4201/2981 3581/4202/3000 3579/4203/3001
f 3643/4204/2983 3577/4205/3002 3581/4202/3000
f 3643/4204/2983 3609/4206/3003 3574/4199/2998
f 3609/4206/3003 3575/4198/2997 3574/4199/2998
f 3650/4207/3004 3649/4208/3005 3632/4209/3006
f 3631/4210/3007 3587/4211/3008 3652/4212/2986
f 3635/4213/3009 3588/4214/3010 3587/4211/3008
f 3603/4215/3011 3592/4216/2963 3593/4217/3012
f 3600/4218/3013 3593/4217/3012 3596/4219/3014
f 3640/4220/3015 3596/4219/3014 3593/4217/3012
f 3599/4221/3016 3596/4219/3014 3598/4222/3017
f 3601/4223/3018 3604/4224/3019 3603/4215/3011
f 3605/4225/3020 3606/4226/3021 3594/4227/3022
f 3604/4224/3019 3605/4225/3020 3594/4227/3022
f 3594/4227/3022 3603/4215/3011 3604/4224/3019
f 3594/4227/3022 3606/4226/3021 3595/4228/3023
f 3610/4229/3024 3609/4230/3003 3733/4231/3025
f 3610/4229/3024 3732/4174/2974 3571/4195/2992
f 3617/4232/3026 3615/4233/3027 3616/4234/3028
f 3619/4235/3029 3620/4236/3030 3618/4237/3031
f 3622/4238/2989 3621/4239/2988 3607/4240/3032
f 3625/4241/3033 3577/4205/3002 3573/4242/3034
f 3530/4243/3035 3627/4244/2996 3608/4245/2995
f 3587/4211/3008 3631/4210/3007 3629/4246/3036
f 3628/4247/2954 3630/4248/3037 3629/4246/3036
f 3528/4151/2951 3632/4249/3006 3582/4152/2952
f 3528/4250/2951 3628/4247/2954 3631/4210/3007
f 3641/4251/3038 3597/4252/3039 3638/4253/3040
f 3638/4253/3040 3596/4219/3014 3640/4220/3015
f 3592/4216/2963 3640/4220/3015 3593/4217/3012
f 3654/4254/3041 3653/4255/3042 3590/4256/3043
f 3654/4257/3041 3589/4173/2973 3653/4258/3042
f 3660/4259/3044 3665/4260/3045 3666/4261/3046
f 3661/4262/3047 3666/4261/3046 3667/4263/3048
f 3668/4264/3049 3664/4265/3050 3667/4263/3048
f 3669/4266/3051 3670/4267/3052 3668/4264/3049
f 3607/4268/3032 3575/4198/2997 3609/4206/3003
f 3692/4269/3053 3675/4270/3054 3562/4177/2977
f 3675/4270/3054 3563/4271/3055 3562/4177/2977
f 3676/4272/3056 3675/4270/3054 3693/4273/3057
f 3676/4272/3056 3684/4274/3058 3675/4270/3054
f 3677/4275/3059 3679/4276/3060 3684/4274/3058
f 3682/4277/3061 3683/4278/3062 3680/4279/3063
f 3684/4274/3058 3683/4280/3062 3904/4281/3064
f 3684/4274/3058 3679/4276/3060 3683/4280/3062
f 3563/4271/3055 3675/4270/3054 3685/4282/3065
f 3686/4283/3066 3591/4284/2961 3595/4228/3023
f 3686/4283/3066 3595/4228/3023 3687/4285/3067
f 3606/4226/3021 3687/4285/3067 3595/4228/3023
f 3576/4286/3068 3625/4241/3033 3690/4287/3069
f 3698/4288/3070 3699/4289/3071 3549/4290/3072
f 3703/4291/3073 3704/4292/3074 3695/4293/3075
f 3601/4223/3018 3602/4294/3076 3705/4295/3077
f 3599/4221/3016 3705/4295/3077 3602/4294/3076
f 3705/4295/3077 3599/4221/3016 3706/4296/3078
f 3711/4297/3079 3706/4296/3078 3712/4298/3080
f 3641/4251/3038 3707/4299/3081 3708/4300/3082
f 3709/4301/3083 3710/4302/3084 3639/4303/3085
f 3704/4292/3074 3710/4302/3084 3696/4304/3086
f 3669/4266/3051 3716/4305/3087 3671/4306/3088
f 3713/4307/3089 3715/4308/3090 3768/4309/3091
f 3669/4266/3051 3668/4264/3049 3717/4310/3092
f 3711/4297/3079 3717/4310/3092 3706/4296/3078
f 3611/4311/3093 3534/4312/3094 3529/4148/2948
f 3611/4311/3093 3620/4236/3030 3534/4312/3094
f 3625/4313/3033 3726/4314/3095 3724/4315/3096
f 3726/4314/3095 3573/4316/3034 3626/4317/2999
f 3556/4318/3097 3730/4319/3098 3804/4168/2968
f 3610/4229/3024 3733/4231/3025 3732/4174/2974
f 3732/4174/2974 3733/4231/3025 3731/4175/2975
f 3681/4320/3099 3735/4321/3100 3736/4322/3101
f 3736/4322/3101 3738/4323/3102 3739/4324/3103
f 3749/4325/3104 3748/4326/3105 3739/4324/3103
f 3746/4327/3106 3747/4328/3107 3749/4325/3104
f 3752/4329/3108 3750/4330/3109 3751/4331/3110
f 3754/4332/3111 3753/4333/3112 3648/4334/3113
f 3755/4167/2967 3754/4332/3111 3646/4170/2970
f 3540/4335/3114 3538/4162/2962 3758/4336/3115
f 3686/4337/3066 3761/4338/3116 3758/4336/3115
f 3724/4315/3096 3762/4339/3117 3625/4313/3033
f 3747/4328/3107 3767/4340/3118 3765/4341/3119
f 3766/4342/3120 3765/4341/3119 3775/4343/3121
f 3767/4340/3118 3769/4344/3122 3771/4345/3123
f 3770/4346/3124 3772/4347/3125 3771/4345/3123
f 3779/4348/3126 3777/4349/3127 3817/4350/3128
f 3776/4351/3129 3779/4348/3126 3850/4352/3130
f 3837/4353/3131 3778/4354/3132 3777/4349/3127
f 3784/4160/2960 3536/4159/2959 3785/4355/3133
f 3874/4356/3134 3787/4357/3135 3788/4358/3136
f 3803/4359/3137 3801/4360/3138 3802/4361/3139
f 3566/4362/3140 3815/4363/3141 3814/4364/3142
f 3564/4179/2979 3563/4271/3055 3809/4365/3143
f 3880/4366/3144 3802/4361/3139 3832/4367/3145
f 3857/4368/3146 3819/4369/3147 3820/4370/3148
f 3876/4371/3149 3820/4370/3148 3819/4369/3147
f 3822/4372/3150 3851/4373/3151 3823/4374/3152
f 3848/4375/3153 3824/4376/3154 3860/4377/3155
f 3852/4378/3156 3812/4379/3157 3824/4380/3154
f 3826/4381/3158 3807/4382/3159 3810/4383/3160
f 3861/4384/3161 3824/4380/3154 3825/4385/3162
f 3880/4386/3144 3831/4387/3163 3830/4388/3164
f 3866/4389/3165 3881/4390/3166 3867/4391/3167
f 3835/4392/3168 3882/4393/3169 3833/4394/3170
f 3864/4395/3171 3867/4391/3167 3881/4390/3166
f 3882/4393/3169 3835/4392/3168 3864/4395/3171
f 3833/4394/3170 3806/4396/3172 3835/4392/3168
f 3819/4369/3147 3884/4397/3173 3876/4371/3149
f 3819/4369/3147 3778/4398/3132 3837/4399/3131
f 3838/4400/3174 3840/4401/3175 3839/4402/3176
f 3839/4402/3176 3840/4401/3175 3791/4403/3177
f 3841/4404/3178 3842/4405/3179 3844/4406/3180
f 3846/4407/3181 3840/4401/3175 3844/4406/3180
f 3845/4408/3182 3846/4407/3181 3843/4409/3183
f 3847/4410/3184 3791/4403/3177 3846/4407/3181
f 3618/4237/3031 3855/4411/3185 3780/4412/3186
f 3619/4235/3029 3618/4237/3031 3945/4413/3187
f 3858/4414/3188 3861/4415/3161 3862/4416/3189
f 3824/4417/3154 3859/4418/3190 3860/4419/3155
f 3825/4385/3162 3862/4420/3189 3861/4384/3161
f 3866/4421/3165 3779/4348/3126 3865/4422/3191
f 3863/4423/3192 3836/4424/3193 3837/4353/3131
f 3780/4412/3186 3871/4425/3194 3869/4426/3195
f 3847/4410/3184 3845/4408/3182 3873/4427/3196
f 3813/4428/3197 3812/4429/3157 3852/4430/3156
f 3880/4366/3144 3832/4367/3145 3879/4431/3198
f 3882/4393/3169 3883/4432/3199 3833/4394/3170
f 3816/4433/3200 3806/4434/3172 3882/4435/3169
f 3806/4434/3172 3883/4436/3199 3882/4435/3169
f 3893/4437/3201 3938/4438/3202 3894/4439/3203
f 3843/4409/3183 3895/4440/3204 3896/4441/3205
f 3848/4442/3153 3899/4443/3206 3852/4378/3156
f 3849/4444/3207 3898/4445/3208 3899/4446/3206
f 3810/4447/3160 3900/4448/3209 3912/4449/3210
f 3900/4450/3209 3901/4451/3211 3914/4452/3212
f 3685/4282/3065 3902/4453/3213 3900/4448/3209
f 3904/4281/3064 3902/4453/3213 3684/4274/3058
f 3905/4454/3214 3902/4453/3213 3904/4281/3064
f 3908/4455/3215 3915/4456/3216 3901/4451/3211
f 3885/4457/3217 3888/4458/3218 3915/4456/3216
f 3826/4381/3158 3909/4459/3219 3920/4460/3220
f 3911/4461/3221 3910/4462/3222 3909/4459/3219
f 3911/4461/3221 3912/4463/3210 3913/4464/3223
f 3918/4465/3224 3874/4356/3134 3789/4466/3225
f 3922/4467/3226 3923/4468/3227 3921/4469/3228
f 3921/4469/3228 3925/4470/3229 3796/4471/3230
f 3923/4468/3227 3924/4472/3231 3925/4470/3229
f 3843/4409/3183 3928/4473/3232 3845/4408/3182
f 3931/4474/3233 3932/4475/3234 3928/4473/3232
f 3928/4473/3232 3930/4476/3235 3931/4474/3233
f 3845/4408/3182 3932/4475/3234 3873/4427/3196
f 3929/4477/3236 3933/4478/3237 3873/4427/3196
f 3937/4479/3238 3935/4480/3239 3934/4481/3240
f 3939/4482/3241 3940/4483/3242 3941/4484/3243
f 3944/4485/3244 3896/4441/3205 3938/4438/3202
f 3862/4416/3189 3950/4486/3245 3858/4414/3188
f 3951/4487/3246 3814/4364/3142 3813/4428/3197
f 3959/4488/3247 3958/4489/3248 3971/4490/3249
f 3962/4491/3250 3963/4492/3251 3828/4493/3252
f 3964/4494/3253 3558/4169/2969 3830/4495/3164
f 3753/4333/3112 3964/4494/3253 3963/4496/3251
f 3756/4497/3254 3759/4498/3255 3965/4499/3256
f 3968/4500/3257 3966/4501/3258 3967/4502/3259
f 3918/4465/3224 3789/4466/3225 3969/4503/3260
f 3977/4504/3261 3975/4505/3262 3974/4506/3263
f 3976/4507/3264 3971/4490/3249 3975/4505/3262
f 3934/4508/3240 3959/4488/3247 3976/4507/3264
f 2207/4509/3265 2248/4510/3266 2156/2988/1943
f 2207/4509/3265 2156/2988/1943 2158/2990/1945
f 2156/2988/1943 2201/4511/1977 2355/2989/1944
f 2201/4511/1977 2235/3071/2018 2160/2994/1949 2161/2993/1948
f 2159/2996/1951 2160/2994/1949 2235/3071/2018
f 2165/2992/1947 2163/3198/2132 2414/3149/2086 2162/2995/1950
f 2159/2996/1951 2165/2992/1947 2160/2994/1949
f 2201/4511/1977 2161/2993/1948 2355/2989/1944
f 2162/2995/1950 2161/2993/1948 2165/2992/1947
f 2163/3198/2132 2165/2992/1947 2164/2997/1952
f 2170/3077/2023 2166/3183/2029 2265/4512/2028
f 2166/3183/2029 2170/3077/2023 2167/4513/3267 2168/3181/2116
f 2168/3181/2116 2167/4513/3267 2169/4514/3268 2173/4515/3269
f 2171/4516/3270 2169/4514/3268 2167/4513/3267 2170/3077/2023
f 2169/4514/3268 2171/4516/3270 2172/4517/3271 2174/4518/3272
f 2173/4515/3269 2169/4514/3268 2174/4518/3272 2175/4519/3273
f 2175/4519/3273 2174/4518/3272 2176/4520/3274 2427/4521/3275
f 2177/4522/3276 2176/4520/3274 2174/4518/3272 2172/4517/3271
f 2176/4520/3274 2177/4522/3276 2178/4523/3277 2426/4524/3278
f 2178/4523/3277 2180/4525/3279 2179/3214/2148 2425/4526/3280
f 2179/3214/2148 2180/4525/3279 2320/3125/2064
f 2180/4525/3279 2178/4523/3277 2177/4522/3276 2172/4517/3271
f 2181/4527/3281 2320/3125/2064 2180/4525/3279 2172/4517/3271
f 2182/4528/3282 2181/4527/3281 2172/4517/3271 2171/4516/3270
f 2183/3140/2078 2182/4528/3282 2171/4516/3270 2184/3079/2025
f 2188/3088/2033 2387/3180/2115 2187/3219/2153 2186/3159/2096
f 2171/4516/3270 2170/3077/2023 2184/3079/2025
f 2274/3018/1973 2188/3088/2033 2186/3159/2096 2185/3002/1957
f 2192/3007/1962 2438/3114/2053 2191/3006/1961 2270/3005/1960
f 2266/2999/1954 2189/2998/1953 2185/3002/1957
f 2194/3008/1963 2192/3007/1962 2270/3005/1960 2193/3015/1970
f 2205/3027/1981 2206/4529/3283 2269/4530/2031 2267/4531/2030
f 2438/3114/2053 2192/3007/1962 2433/3009/1964
f 2197/3012/1967 2195/3011/1966 2198/3013/1968
f 2198/3013/1968 2194/3008/1963 2193/3015/1970
f 2200/3014/1969 2198/3013/1968 2199/3016/1971
f 2276/3017/1972 2185/3002/1957 2189/2998/1953
f 2156/3024/1943 2202/3020/1975 2201/3022/1977
f 2202/3020/1975 2204/3023/1978 2205/3027/1981
f 2202/3020/1975 2268/3025/1979 2203/3021/1976
f 2268/3025/1979 2205/3027/1981 2267/4531/2030
f 2204/3023/1978 2248/4532/3266 2206/4529/3283 2205/3027/1981
f 2266/4533/1954 2269/4534/2031 2206/4535/3283
f 2248/4536/3266 2207/4537/3265 2266/4533/1954 2206/4535/3283
f 2251/3030/1984 2235/3101/2018 2208/3028/1982
f 2209/3032/1986 2249/3069/2015 2251/3030/1984 2210/3029/1983
f 2251/3030/1984 2249/3069/2015 2362/4538/2017
f 2270/3005/1960 2190/3004/1959 2213/4539/1988
f 2209/3032/1986 2211/3031/1985 2249/3069/2015
f 2211/3031/1985 2212/3033/1987 2250/3068/2016
f 2199/4540/1971 2212/3033/1987 2211/3031/1985
f 2236/3102/2010 2199/4540/1971 2210/3029/1983
f 2212/3033/1987 2199/4540/1971 2193/3036/1970
f 2211/3031/1985 2210/3029/1983 2199/4540/1971
f 2273/4541/1974 2158/4542/1945 2259/4543/3284 2274/4544/1973
f 2210/3029/1983 2208/3028/1982 2236/3102/2010
f 2274/4545/1973 2259/4546/3284 2260/4547/1946 2214/4548/3285
f 2384/3173/2110 2215/3172/2109 2272/4549/2114 2216/4550/3286
f 2214/4548/3285 2271/4551/2032 2274/4545/1973
f 2216/4550/3286 2272/4549/2114 2271/4551/2032 2214/4548/3285
f 2243/4552/3287 2384/3173/2110 2216/4550/3286 2217/4553/3288
f 2217/4553/3288 2216/4550/3286 2214/4548/3285 2260/4547/1946
f 2276/4554/1972 2257/3037/1989 2158/4542/1945 2273/4541/1974
f 2207/4537/3265 2157/4555/2022 2281/4556/1956 2266/4533/1954
f 2257/3037/1989 2276/4554/1972 2218/3038/1990
f 2256/3039/1991 2218/3038/1990 2254/3041/1993
f 2219/3044/1996 2221/3042/1994 2220/3045/1997
f 2220/3045/1997 2281/4556/1956 2157/4555/2022
f 2234/3120/2059 2233/3058/2009 2225/3047/1998 2222/3049/2000
f 2281/4556/1956 2220/3045/1997 2280/3046/1955
f 2280/3046/1955 2221/3042/1994 2279/3043/1995
f 2223/3048/1999 2224/3051/2002 2166/3083/2029
f 2224/3051/2002 2227/3053/2004 2265/3082/2028
f 2227/3053/2004 2228/3055/2006 2264/3081/2027
f 2236/3102/2010 2235/3101/2018 2237/4557/1980
f 2266/2999/1954 2238/3003/1958 2237/3059/1980 2269/3085/2031
f 2237/3059/1980 2365/3161/2098 2200/3014/1969
f 2238/3003/1958 2365/3161/2098 2237/3059/1980
f 2217/4558/3288 2239/3151/2088 2240/3273/2200 2241/3062/2012
f 2244/4559/3289 2217/4558/3288 2241/3062/2012 2247/3061/2011
f 2217/4558/3288 2244/4559/3289 2243/4560/3287
f 2240/3273/2200 2239/3151/2088 2354/3150/2087
f 2156/2988/1943 2248/4510/3266 2204/4561/1978
f 2252/3073/2020 2258/3072/2019 2157/3076/2022 2257/4562/1989
f 2255/4563/3290 2258/4564/2019 2253/4565/2021 2254/3041/1993
f 2256/3039/1991 2253/4565/2021 2257/3037/1989
f 2253/4565/2021 2256/3039/1991 2254/3041/1993
f 2257/4562/1989 2253/3074/2021 2252/3073/2020
f 2255/4563/3290 2219/3044/1996 2258/4564/2019
f 2258/3072/2019 2219/4566/1996 2220/3075/1997
f 2158/2990/1945 2260/2991/1946 2259/4567/3284
f 2261/4568/2076 2183/3140/2078 2184/3079/2025 2262/3078/2024
f 2217/4558/3288 2260/2991/1946 2239/3151/2088
f 2263/3080/2026 2337/3135/2074 2261/3137/2076 2262/4569/2024
f 2228/3055/2006 2337/3135/2074 2263/3080/2026
f 2262/4569/2024 2264/3081/2027 2263/3080/2026
f 2265/4512/2028 2264/4570/2027 2262/3078/2024 2170/3077/2023
f 2269/3085/2031 2237/3059/1980 2268/3086/1979
f 2193/3015/1970 2270/3005/1960 2213/4539/1988
f 2272/3178/2114 2188/3088/2033 2271/3087/2032
f 2276/4554/1972 2275/3089/2034 2218/3038/1990
f 2277/4571/2035 2278/3091/1992 2189/2998/1953
f 2277/4571/2035 2189/2998/1953 2279/3093/1995
f 2189/4572/1953 2275/4573/2034 2276/4574/1972
f 2284/4575/3291 2282/4576/3292 2306/4577/3293 2283/4578/3294
f 2282/4579/3292 2284/4580/3291 2286/3099/2041 2285/4581/3295
f 2287/3094/2036 2285/4581/3295 2286/3099/2041 2292/3095/2037
f 2289/4582/3296 2283/4578/3294 2373/4583/3297 2288/4584/3298
f 2283/4585/3294 2289/4586/3296 2290/3100/2042 2284/4580/3291
f 2286/3099/2041 2284/4580/3291 2290/3100/2042 2293/3097/2039
f 2233/3058/2009 2234/3120/2059 2291/3096/2038 2292/3095/2037
f 2232/3057/2008 2233/3058/2009 2292/3095/2037 2293/3097/2039
f 2295/4587/3299 2294/3098/2040 2290/3100/2042 2289/4586/3296
f 2231/3056/2007 2232/3057/2008 2294/3098/2040
f 2289/4586/3296 2288/4588/3298 2296/4589/3300 2295/4587/3299
f 2297/4590/3301 2295/4587/3299 2296/4589/3300 2298/4591/3302
f 2296/4589/3300 2288/4588/3298 2374/4592/3303 2298/4591/3302
f 2299/4593/3304 2297/4590/3301 2298/4591/3302 2375/4594/3305
f 2190/3004/1959 2191/3006/1961 2300/4595/3306
f 2235/4596/2018 2201/3022/1977 2237/3026/1980
f 2301/3103/2043 2300/4595/3306 2191/3006/1961 2438/3114/2053
f 2300/4595/3306 2301/3103/2043 2318/3105/2045
f 2305/4597/2048 2282/4576/3292 2285/4598/3295 2304/4599/2060
f 2318/4600/2045 2302/4601/2044 2304/4602/2060
f 2305/3108/2048 2304/4603/2060 2302/3104/2044 2303/3106/2046
f 2306/4577/3293 2282/4576/3292 2305/4597/2048 2307/4604/2047
f 2308/3110/2050 2306/4577/3293 2307/4604/2047 2311/3111/2051
f 2535/3316/2052 2309/3162/2099 2310/3109/2049 2311/3111/2051
f 2312/3116/2055 2317/3118/2057 2212/3033/1987
f 2303/3106/2046 2301/3103/2043 2534/3115/2054
f 2212/3033/1987 2190/3035/1959 2313/4605/3307 2312/3116/2055
f 2223/3048/1999 2315/3122/2061 2316/3117/2056 2222/3049/2000
f 2314/3119/2058 2316/3117/2056 2312/3116/2055 2313/4605/3307
f 2318/4606/2045 2304/3121/2060 2314/3119/2058 2313/4605/3307
f 2234/3120/2059 2222/3049/2000 2314/3119/2058
f 2313/4605/3307 2190/3035/1959 2300/4607/3306
f 2300/4607/3306 2318/4606/2045 2313/4605/3307
f 2166/3183/2029 2394/3185/2119 2316/4608/2056
f 2304/3121/2060 2285/4581/3295 2287/3094/2036
f 2304/3121/2060 2287/3094/2036 2291/3096/2038
f 2234/3120/2059 2304/3121/2060 2291/3096/2038
f 2327/4609/3308 2182/4528/3282 2183/3140/2078 2319/3139/2077
f 2261/4568/2076 2340/3138/2075 2183/3140/2078
f 2325/4610/3309 2181/4527/3281 2182/4528/3282 2327/4609/3308
f 2181/4527/3281 2325/4610/3309 2321/3123/2062 2320/3125/2064
f 2320/3125/2064 2323/3124/2063 2179/3214/2148
f 2322/4611/3310 2323/3124/2063 2321/3123/2062 2324/4612/3311
f 2325/4610/3309 2326/4613/3312 2324/4612/3311 2321/3123/2062
f 2327/4609/3308 2328/4614/3313 2326/4613/3312 2325/4610/3309
f 2319/3139/2077 2335/4615/2073 2328/4614/3313 2327/4609/3308
f 2228/3055/2006 2230/3054/2005 2329/3127/2066 2331/3128/2067
f 2231/3056/2007 2329/3127/2066 2230/3054/2005
f 2331/3128/2067 2333/3129/2068 2228/3055/2006
f 2333/3129/2068 2332/3130/2069 2228/3055/2006
f 2332/3130/2069 2331/3128/2067 2330/3126/2065 2334/3132/2071
f 2338/4616/2079 2337/3135/2074 2336/3131/2070 2339/3133/2072
f 2340/3138/2075 2338/3142/2079 2335/4615/2073 2319/3139/2077
f 2339/4617/2072 2342/4618/3314 2335/4615/2073 2338/3142/2079
f 2297/4590/3301 2299/4593/3304 2343/4619/3315 2345/3145/2082
f 2344/4620/3316 2343/4619/3315 2299/4593/3304 2376/4621/3317
f 2295/4587/3299 2297/4590/3301 2345/3145/2082 2294/3098/2040
f 2346/3148/2085 2347/3147/2084 2344/4620/3316 2400/4622/3318
f 2343/4619/3315 2344/4620/3316 2347/3147/2084 2345/3145/2082
f 2349/4623/3319 2348/3144/2081 2345/3145/2082 2350/3146/2083
f 2335/3134/2073 2330/3126/2065 2348/3144/2081
f 2351/4624/3320 2349/4623/3319 2350/3146/2083 2352/4625/3321
f 2350/3146/2083 2345/3145/2082 2347/3147/2084
f 2352/4625/3321 2350/3146/2083 2346/3148/2085 2400/4622/3318
f 2353/4626/3322 2351/4624/3320 2352/4625/3321 2401/4627/2123
f 2357/3154/2091 2356/3368/2272 2574/3156/2093 2358/3152/2089
f 2162/2995/1950 2354/3150/2087 2355/2989/1944
f 2239/3151/2088 2355/2989/1944 2354/3150/2087
f 2360/3153/2090 2250/3066/2016 2317/4628/2057 2395/4629/3323
f 2361/3064/2014 2358/3152/2089 2359/3155/2092 2362/3067/2017
f 2358/3152/2089 2361/3064/2014 2360/3153/2090
f 2363/3157/2094 2251/3070/1984 2362/3067/2017 2359/3155/2092
f 2251/3070/1984 2363/3157/2094 2159/2996/1951
f 2186/3159/2096 2187/3219/2153 2581/4630/3324 2364/3160/2097
f 2363/3157/2094 2578/3158/2095 2164/2997/1952
f 2197/3012/1967 2200/3014/1969 2365/3161/2098 2366/4631/3325
f 2583/3225/2159 2196/3010/1965 2197/3012/1967 2366/4631/3325
f 2365/3161/2098 2364/3160/2097 2366/4631/3325
f 2581/4630/3324 2583/3225/2159 2366/4631/3325 2364/3160/2097
f 2310/3109/2049 2309/3162/2099 2368/3164/2101 2369/4632/3326
f 2308/3110/2050 2310/3109/2049 2369/4632/3326 2373/4583/3297
f 2368/3164/2101 2367/3163/2100 2371/3166/2103 2372/4633/3327
f 2369/4632/3326 2368/3164/2101 2372/4633/3327 2374/4634/3303
f 2308/3110/2050 2373/4583/3297 2283/4578/3294 2306/4577/3293
f 2288/4584/3298 2373/4583/3297 2369/4632/3326 2374/4634/3303
f 2298/4635/3302 2374/4634/3303 2372/4633/3327 2375/4636/3305
f 2376/4637/3317 2299/4638/3304 2375/4636/3305 2377/4639/3328
f 2377/4639/3328 2375/4636/3305 2372/4633/3327 2371/3166/2103
f 2378/3167/2104 2376/4637/3317 2377/4639/3328 2379/3168/2105
f 2379/3168/2105 2377/4639/3328 2371/3166/2103 2370/3165/2102
f 2381/3170/2107 2382/3186/2120 2380/3169/2106 2379/3168/2105
f 2242/4640/3329 2383/3171/2108 2384/3173/2110 2243/4552/3287
f 2383/3171/2108 2242/4640/3329 2245/4641/3330
f 2173/4515/3269 2175/4519/3273 2388/4642/3331 2389/4643/3332
f 2386/3175/2112 2215/3179/2109 2385/3176/2111
f 2272/3178/2114 2386/3175/2112 2188/3088/2033
f 2168/3181/2116 2173/4515/3269 2389/4643/3332 2390/3182/2117
f 2389/4643/3332 2388/4642/3331 2391/4644/3333 2392/4645/3334
f 2390/3182/2117 2389/4643/3332 2392/4645/3334 2393/3184/2118
f 2394/3185/2119 2166/3183/2029 2390/3182/2117
f 2394/3185/2119 2393/3184/2118 2316/4608/2056
f 2395/4629/3323 2317/4628/2057 2316/4646/2056 2393/4647/2118
f 2357/3154/2091 2360/3153/2090 2395/4629/3323 2396/4648/3335
f 2396/4649/3335 2395/4650/3323 2393/3184/2118 2392/4645/3334
f 2356/3368/2272 2357/3154/2091 2396/4648/3335 2397/3369/2273
f 2397/4651/2273 2396/4649/3335 2392/4645/3334 2391/4644/3333
f 2378/3167/2104 2380/3169/2106 2399/3188/2122 2400/4652/3318
f 2376/4637/3317 2378/3167/2104 2400/4652/3318 2344/4653/3316
f 2382/3186/2120 2398/4654/3336 2403/3187/2121
f 2401/3189/2123 2352/4655/3321 2400/4652/3318 2399/3188/2122
f 2403/3187/2121 2404/4656/3337 2402/3190/2124 2399/3188/2122
f 2398/4654/3336 2405/4657/3338 2404/4656/3337 2403/3187/2121
f 2484/3277/2204 2487/4658/3339 2488/3195/2129
f 2406/4659/3340 2407/3194/2128 2408/3201/2135
f 2484/3277/2204 2488/3195/2129 2478/3192/2126 2492/3191/2125
f 2413/3197/2131 2409/3353/2263 2410/3200/2134 2411/4660/3341
f 2488/3195/2129 2406/4659/3340 2478/3192/2126
f 2406/4659/3340 2488/3195/2129 2407/3194/2128
f 2408/3201/2135 2410/3200/2134 2409/3353/2263
f 2414/3149/2086 2163/3198/2132 2411/4660/3341 2412/3199/2133
f 2410/3200/2134 2412/3199/2133 2411/4660/3341
f 2413/3197/2131 2411/4660/3341 2163/3198/2132
f 2408/3201/2135 2407/3194/2128 2470/3196/2130 2412/3199/2133
f 2416/4661/3342 2499/3206/2140 2418/3205/2139
f 2500/3204/2138 2417/3203/2137 2499/3206/2140
f 2419/3207/2141 2499/3206/2140 2416/4661/3342 2420/3210/2144
f 2415/3202/2136 2426/4524/3278 2417/3203/2137
f 2417/3203/2137 2425/4526/3280 2418/3205/2139
f 2420/3210/2144 2416/4661/3342 2418/3205/2139 2422/3211/2145
f 2422/3211/2145 2425/4526/3280 2424/3213/2147 2423/3212/2146
f 2419/3207/2141 2420/3210/2144 2421/3208/2142
f 2418/3205/2139 2425/4526/3280 2422/3211/2145
f 2426/4524/3278 2178/4523/3277 2425/4526/3280 2417/3203/2137
f 2179/3214/2148 2424/3213/2147 2425/4526/3280
f 2427/4521/3275 2176/4520/3274 2426/4524/3278 2415/3202/2136
f 2505/4662/2177 2504/3221/2155 2434/4663/3343
f 2428/3215/2149 2599/3218/2152 2507/3216/2150
f 2599/3218/2152 2428/3215/2149 2187/3219/2153
f 2515/3227/2161 2430/3358/2265 2429/3217/2151
f 2429/3217/2151 2582/3360/2267 2428/3215/2149
f 2430/3358/2265 2432/3290/2212 2431/3292/2165
f 2430/3358/2265 2515/3227/2161 2432/3290/2212
f 2437/3222/2156 2506/4664/2174 2505/4662/2177 2434/4663/3343
f 2504/3221/2155 2433/3009/1964 2434/4663/3343
f 2437/3222/2156 2195/3011/1966 2196/3010/1965 2436/3223/2157
f 2506/4664/2174 2437/3222/2156 2435/3224/2158
f 2434/4663/3343 2194/3008/1963 2195/3011/1966 2437/3222/2156
f 2479/4665/3344 2408/4666/2135 2530/3311/2226 2439/3233/2166
f 2194/3008/1963 2434/4663/3343 2433/3009/1964
f 2448/3228/2162 2510/4667/2183 2514/3226/2160
f 2477/4668/3345 2479/4665/3344 2439/3233/2166 2440/4669/3346
f 2441/4670/2163 2476/4671/3347 2477/4668/3345 2440/4669/3346
f 2440/4669/3346 2502/4672/3348 2431/4673/2165 2441/4670/2163
f 2476/4674/3347 2441/3229/2163 2478/3231/2126
f 2439/3233/2166 2468/3235/2168 2502/4672/3348 2440/4669/3346
f 2442/3237/2170 2443/4675/3349 2444/3243/2176 2506/3241/2174
f 2442/3237/2170 2481/3240/2173 2443/4675/3349
f 2442/3237/2170 2506/3241/2174 2445/3239/2172
f 2447/3247/2178 2504/3246/2155 2505/3244/2177
f 2443/4675/3349 2481/3240/2173 2480/3274/2201 2444/3243/2176
f 2447/3247/2178 2580/3248/2179 2446/3245/2154
f 2444/3243/2176 2447/3247/2178 2505/3244/2177
f 2494/4676/2206 2488/3252/2129 2448/3254/2162 2449/4677/2181
f 2496/4678/2207 2494/4679/2206 2449/3250/2181 2450/3249/2180
f 2495/4680/2197 2496/4678/2207 2450/3249/2180 2451/4681/3350
f 2475/4682/3351 2495/4680/2197 2451/4681/3350 2597/4683/3352
f 2508/4684/2213 2600/3365/2270 2597/4683/3352 2451/4681/3350
f 2509/3251/2182 2508/4684/2213 2451/4681/3350 2450/3249/2180
f 2514/3256/2160 2510/3253/2183 2487/4685/3339 2489/3279/2205
f 2488/3252/2129 2487/4685/3339 2510/3253/2183
f 2452/3259/2187 2493/3258/2186 2492/4686/2125 2517/3261/2189
f 2513/3255/2184 2490/3257/2185 2452/3259/2187
f 2490/3257/2185 2514/3256/2160 2489/3279/2205
f 2478/3231/2126 2503/3230/2164 2432/4687/2212 2491/4688/2127
f 2491/4688/2127 2432/4687/2212 2517/3261/2189 2492/4686/2125
f 2456/3266/2194 2455/3329/2242 2454/3286/2208
f 2459/3262/2190 2457/3327/2240 2455/3329/2242 2456/3266/2194
f 2454/3286/2208 2498/3268/2143 2463/3267/2195
f 2454/3286/2208 2463/3267/2195 2456/3266/2194
f 2456/3266/2194 2463/3267/2195 2461/3265/2193
f 2457/3327/2240 2459/3262/2190 2458/3264/2192
f 2462/3308/2223 2460/3263/2191 2461/3265/2193
f 2461/3265/2193 2463/3267/2195 2464/3269/2196
f 2408/3201/2135 2476/4689/3347 2406/4659/3340
f 2445/3239/2172 2466/3242/2175 2467/4690/2167 2531/4691/3353
f 2435/3224/2158 2584/3356/2264 2467/3357/2167
f 2474/4692/3354 2245/4641/3330 2246/4693/3355 2473/4694/3356
f 2467/3357/2167 2466/4695/2175 2435/3224/2158
f 2472/3271/2198 2240/3273/2200 2354/3150/2087
f 2471/3272/2199 2241/3062/2012 2472/3271/2198
f 2246/3063/2013 2241/3062/2012 2471/3272/2199
f 2475/4696/3351 2471/3272/2199 2495/3270/2197
f 2476/4689/3347 2408/3201/2135 2479/4697/3344
f 2478/3192/2126 2406/4659/3340 2476/4689/3347
f 2476/4689/3347 2479/4697/3344 2477/4698/3345
f 2482/3352/2169 2408/3201/2135 2409/3353/2263 2579/3350/2262
f 2408/4699/2135 2482/3236/2169 2465/3238/2171
f 2485/3278/2203 2483/4700/2202 2486/4701/3357 2490/3257/2185
f 2492/4702/2125 2483/4703/2202 2484/4704/2204
f 2487/4658/3339 2485/3276/2203 2489/4705/2205
f 2484/3277/2204 2485/3276/2203 2487/4658/3339
f 2483/3282/2202 2493/3281/2186 2486/4706/3357
f 2470/3196/2130 2488/3195/2129 2496/3284/2207 2495/3270/2197
f 2497/3287/2209 2498/3268/2143 2421/4707/2142
f 2498/3209/2143 2499/3206/2140 2419/3207/2141
f 2454/3286/2208 2455/3329/2242 2500/4708/2138 2499/3285/2140
f 2430/3358/2265 2431/3292/2165 2502/4709/3348 2469/3359/2266
f 2498/3268/2143 2497/3287/2209 2464/3269/2196
f 2497/3287/2209 2501/3289/2211 2464/3269/2196
f 2469/3359/2266 2502/4709/3348 2468/4710/2168
f 2469/3359/2266 2468/4710/2168 2467/3357/2167
f 2506/4664/2174 2435/3224/2158 2466/4695/2175
f 2449/3293/2181 2508/3294/2213 2509/4711/2182
f 2511/3298/2214 2513/3255/2184 2512/3299/2215
f 2516/4712/2216 2511/3298/2214 2512/3299/2215 2453/3260/2188
f 2432/3290/2212 2515/3227/2161 2516/3301/2216
f 2432/4687/2212 2516/4712/2216 2517/3261/2189
f 2520/3302/2217 2521/4713/3358 2518/3322/2235 2519/3323/2236
f 2516/4712/2216 2453/3260/2188 2517/3261/2189
f 2526/3304/2219 2522/3305/2220 2521/4713/3358 2520/3302/2217
f 2524/3303/2218 2520/3302/2217 2519/3323/2236 2523/4714/3359
f 2529/3310/2225 2458/3264/2192 2460/3263/2191 2528/3309/2224
f 2526/3304/2219 2524/3303/2218 2567/3346/2258
f 2528/3309/2224 2567/3346/2258 2524/3303/2218
f 2529/3310/2225 2524/3303/2218 2523/4714/3359
f 2530/3311/2226 2408/4666/2135 2531/4715/3353
f 2531/4715/3353 2467/3234/2167 2530/3311/2226
f 2465/4716/2171 2445/4717/2172 2531/4715/3353 2408/4666/2135
f 2438/3114/2053 2446/3220/2154 2552/3314/2229 2534/3115/2054
f 2367/3163/2100 2309/3162/2099 2536/3317/2231 2585/4718/3360
f 2532/3313/2228 2533/3315/2230 2552/3314/2229
f 2533/3315/2230 2303/3106/2046 2534/3115/2054
f 2535/3113/2052 2303/3106/2046 2533/3315/2230
f 2537/4719/2232 2538/4720/3361 2536/3317/2231 2535/3316/2052
f 2539/4721/3362 2538/4720/3361 2537/4719/2232 2540/4722/2233
f 2539/4721/3362 2518/4723/2235 2521/4724/3358 2595/4725/3363
f 2540/4726/2233 2537/3318/2232 2533/3315/2230 2532/3313/2228
f 2518/3322/2235 2539/4727/3362 2540/3319/2233 2550/3321/2234
f 2532/3320/2228 2551/4728/2227 2550/3321/2234
f 2580/3248/2179 2549/4729/3364 2541/3325/2238 2446/3245/2154
f 2541/3325/2238 2549/4729/3364 2548/3331/2244 2543/3326/2239
f 2446/3245/2154 2542/3324/2237 2552/4730/2229
f 2552/4730/2229 2542/3324/2237 2543/3326/2239 2544/4731/3365
f 2544/4731/3365 2551/4728/2227 2552/4730/2229
f 2458/3264/2192 2550/3321/2234 2545/3328/2241 2457/3327/2240
f 2545/3328/2241 2550/3321/2234 2551/4728/2227 2544/4731/3365
f 2546/3330/2243 2455/3329/2242 2545/3328/2241
f 2544/4731/3365 2543/3326/2239 2545/3328/2241
f 2547/3332/2245 2500/4708/2138 2455/3329/2242 2546/3330/2243
f 2543/3326/2239 2548/3331/2244 2546/3330/2243
f 2547/3373/2245 2415/3202/2136 2500/3204/2138
f 2519/3323/2236 2550/3321/2234 2523/4714/3359
f 2523/4714/3359 2550/3321/2234 2529/3310/2225
f 2458/3264/2192 2529/3310/2225 2550/3321/2234
f 2421/3208/2142 2553/3333/2246 2555/3340/2253 2497/4732/2209
f 2556/4733/2248 2557/4734/2251 2555/4735/2253 2553/4736/2246
f 2553/3333/2246 2423/3212/2146 2554/3334/2247
f 2423/3212/2146 2424/3213/2147 2558/4737/3366 2554/3334/2247
f 2558/4737/3366 2323/3124/2063 2322/4611/3310
f 2560/3336/2249 2462/3308/2223 2461/3265/2193 2464/3269/2196
f 2323/3124/2063 2558/4737/3366 2424/3213/2147
f 2462/3308/2223 2572/3345/2257 2528/3309/2224
f 2560/3336/2249 2464/3269/2196 2501/3289/2211
f 2559/3337/2250 2561/3288/2210 2557/3344/2251
f 2497/4732/2209 2555/3340/2253 2562/3339/2252 2561/4738/2210
f 2557/3344/2251 2561/3288/2210 2562/4739/2252
f 2563/3341/2254 2527/3307/2222 2526/3304/2219 2567/3346/2258
f 2566/3381/2283 2613/3379/2281 2564/4740/2255 2565/4741/2256
f 2563/3341/2254 2567/3346/2258 2565/3343/2256
f 2568/4742/2280 2612/4743/2279 2566/4744/2283 2569/4745/3367
f 2569/4745/3367 2566/4744/2283 2565/3343/2256 2571/4746/3368
f 2570/4747/3369 2611/4748/2277 2568/4742/2280 2569/4745/3367
f 2571/4746/3368 2565/3343/2256 2567/3346/2258 2572/3345/2257
f 2574/3156/2093 2356/3368/2272 2575/4749/3370 2576/3349/2261
f 2354/3150/2087 2414/3149/2086 2573/3347/2259
f 2414/3149/2086 2412/3199/2133 2573/3347/2259
f 2470/3196/2130 2472/3271/2198 2573/3347/2259
f 2470/3196/2130 2573/3347/2259 2412/3199/2133
f 2574/3156/2093 2577/3348/2260 2359/3155/2092
f 2581/4630/3324 2187/3219/2153 2428/3215/2149 2582/3360/2267
f 2578/3158/2095 2413/3197/2131 2164/2997/1952
f 2577/3348/2260 2579/3350/2262 2578/3158/2095
f 2579/3350/2262 2577/3348/2260 2481/3351/2173
f 2576/3349/2261 2575/4749/3370 2580/3355/2179
f 2580/3355/2179 2605/4750/2275 2549/4751/3364
f 2584/3356/2264 2583/3225/2159 2581/4630/3324 2582/3360/2267
f 2583/3225/2159 2584/3356/2264 2436/3223/2157
f 2370/3165/2102 2367/3163/2100 2585/4718/3360 2586/4752/3371
f 2584/3356/2264 2582/3360/2267 2467/3357/2167
f 2585/4718/3360 2536/3317/2231 2538/4720/3361 2587/4753/3372
f 2381/3170/2107 2370/3165/2102 2586/4752/3371 2589/4754/3373
f 2586/4752/3371 2585/4718/3360 2587/4753/3372 2588/4755/3374
f 2589/4754/3373 2586/4752/3371 2588/4755/3374 2591/4756/3375
f 2382/3186/2120 2381/3170/2107 2589/4754/3373 2590/4757/3376
f 2590/4757/3376 2589/4754/3373 2591/4756/3375 2592/3380/2282
f 2593/3362/2268 2527/3361/2222 2564/4740/2255 2613/3379/2281
f 2588/4755/3374 2594/4758/3377 2593/3362/2268 2591/4756/3375
f 2593/3362/2268 2592/3380/2282 2591/4756/3375
f 2594/4758/3377 2522/4759/2220 2525/3363/2221 2593/3362/2268
f 2595/4725/3363 2521/4724/3358 2522/4759/2220 2594/4758/3377
f 2538/4720/3361 2539/4721/3362 2595/4725/3363 2587/4753/3372
f 2595/4725/3363 2594/4758/3377 2588/4755/3374 2587/4753/3372
f 2245/4641/3330 2474/4692/3354 2596/3364/2269 2383/3171/2108
f 2597/4683/3352 2596/3364/2269 2474/4692/3354 2475/4682/3351
f 2596/3364/2269 2597/4683/3352 2600/3365/2270
f 2601/4760/3378 2388/4642/3331 2175/4519/3273 2427/4521/3275
f 2599/3218/2152 2387/3180/2115 2598/3177/2113
f 2507/3216/2150 2598/3177/2113 2508/3294/2213
f 2385/3176/2111 2600/3366/2270 2598/3177/2113
f 2602/4761/3379 2391/4644/3333 2388/4642/3331 2601/4760/3378
f 2606/3374/2276 2601/4760/3378 2427/4521/3275 2415/3202/2136
f 2603/3371/2274 2602/4761/3379 2601/4760/3378 2606/3374/2276
f 2604/3370/2271 2397/4651/2273 2391/4644/3333 2602/4761/3379
f 2605/4750/2275 2580/3355/2179 2575/4749/3370 2604/3367/2271
f 2602/4761/3379 2603/3371/2274 2604/3370/2271
f 2604/3367/2271 2575/4749/3370 2356/3368/2272
f 2548/4762/2244 2549/4751/3364 2605/4750/2275 2603/4763/2274
f 2606/3374/2276 2547/3373/2245 2548/4764/2244 2603/3371/2274
f 2382/3186/2120 2590/4757/3376 2607/4765/3380 2398/4654/3336
f 2608/3376/2278 2607/4765/3380 2590/4757/3376 2592/3380/2282
f 2609/4766/3381 2405/4657/3338 2398/4654/3336 2607/4765/3380
f 2610/4767/3382 2609/4766/3381 2607/4765/3380 2608/3376/2278
f 2592/3380/2282 2613/3379/2281 2612/3377/2279 2608/3376/2278
f 2611/3375/2277 2610/4767/3382 2608/3376/2278
f 2720/4768/3383 2714/3388/2290 2614/3384/2286 2709/3383/2285
f 2706/3474/2324 2709/3383/2285 2693/3475/2368
f 2706/3474/2324 2708/4769/3384 2709/3383/2285
f 2709/3383/2285 2719/4770/3385 2720/4768/3383
f 2618/3391/2293 2694/3480/2331 2693/3475/2368 2620/3389/2291
f 2616/3382/2284 2693/3475/2368 2709/3383/2285
f 2722/3387/2289 2697/3550/2431 2616/3382/2284
f 2694/3480/2331 2618/3391/2293 2617/3478/2371
f 2624/4771/3386 2617/3478/2371 2618/3391/2293 2619/3390/2292
f 2874/3394/2296 2873/4772/3387 2624/4771/3386 2619/3390/2292
f 2621/3551/2432 2620/3389/2291 2693/3475/2368
f 2621/3551/2432 2622/3392/2294 2620/3389/2291
f 2622/3392/2294 3033/3725/2582 2623/3393/2295
f 2619/3390/2292 2620/3389/2291 2623/3393/2295
f 2628/4773/3388 2626/4774/3389 2627/3574/2452 2630/4775/3390
f 2625/3396/2298 2627/3574/2452 2626/4774/3389
f 2728/4776/2351 2625/3396/2298 2626/4774/3389
f 2728/4776/2351 2626/4774/3389 2628/4773/3388
f 2629/4777/3391 2728/4776/2351 2628/4773/3388 2631/4778/3392
f 2631/4778/3392 2628/4773/3388 2630/4775/3390 2632/4779/3393
f 2633/4780/3394 2631/4778/3392 2632/4779/3393 2888/4781/3395
f 2634/4782/3396 2629/4777/3391 2631/4778/3392 2633/4780/3394
f 2635/4783/3397 2634/4782/3396 2633/4780/3394 2889/4784/3398
f 2635/4783/3397 2887/4785/3399 2637/4786/3400 2638/4787/3401
f 2636/3528/2410 2638/4787/3401 2637/4786/3400
f 2634/4782/3396 2635/4783/3397 2638/4787/3401 2639/4788/3402
f 2638/4787/3401 2636/3528/2410 2783/4789/3403 2639/4788/3402
f 2629/4777/3391 2634/4782/3396 2639/4788/3402 2641/3399/2301
f 2639/4788/3402 2783/4789/3403 2640/3400/2302 2641/3399/2301
f 2728/4776/2351 2629/4777/3391 2641/3399/2301 2642/3398/2300
f 2728/4776/2351 2642/3398/2300 2725/4790/2376
f 2651/3413/2315 2733/3412/2314 2649/3411/2313 2650/3509/2393
f 2643/3557/2435 2893/3402/2304 2644/3405/2307
f 2844/3401/2303 2644/3405/2307 2893/3402/2304
f 2675/3407/2309 2743/4791/3404 2647/4792/2329
f 2821/3408/2310 2675/3407/2309 2647/4792/2329
f 2648/3406/2308 2646/3419/2321 2675/3407/2309
f 2732/3415/2317 2652/3414/2316 2655/3418/2320 2731/3417/2319
f 2733/3412/2314 2651/3413/2315 2732/3415/2317
f 2653/3601/2478 2654/3416/2318 2655/3418/2320
f 2657/3424/2326 2658/3426/2328 2659/4793/2330
f 2654/3416/2318 2695/3464/2339 2731/3417/2319
f 2738/4794/2340 2648/3406/2308 2644/3405/2307
f 2648/3406/2308 2738/4794/2340 2740/3420/2322
f 2644/3405/2307 2734/3404/2306 2738/4794/2340
f 2738/4794/2340 2739/4795/3405 2740/3420/2322
f 2693/3503/2368 2656/3421/2323 2707/3423/2325
f 2763/3504/2389 2730/3425/2327 2656/3421/2323
f 2763/3504/2389 2696/4796/2360 2730/3425/2327
f 2656/3421/2323 2730/3425/2327 2657/3424/2326
f 2706/3422/2324 2657/3424/2326 2659/4793/2330 2708/4797/3384
f 2708/4798/3384 2659/3428/2330 2647/3427/2329 2709/4799/2285
f 2667/3436/2336 2662/3524/2406 2664/4800/3406 2665/3437/2337
f 2712/3434/2335 2711/3477/2370 2660/3433/2334
f 2663/3439/2338 2731/3438/2319 2660/3433/2334
f 2711/3477/2370 2663/3439/2338 2660/3433/2334
f 2710/3476/2369 2662/3524/2406 2663/3439/2338
f 2662/3524/2406 2667/3436/2336 2663/3439/2338
f 2666/3410/2312 2733/3412/2314 2665/4801/2337
f 2667/3436/2336 2732/3435/2317 2731/3438/2319
f 2664/4800/3406 2666/4802/2312 2665/3437/2337
f 2722/4803/2289 2723/4804/2288 2737/4805/2341 2668/4806/3407
f 2718/3443/2342 2737/3442/2341 2723/4807/2288
f 2670/4808/3408 2736/4809/2451 2669/4810/3409 2671/4811/3410
f 2737/4805/2341 2735/4812/3411 2668/4806/3407
f 2735/4812/3411 2670/4808/3408 2671/4811/3410 2668/4806/3407
f 2671/4811/3410 2669/4810/3409 2672/4813/3412 2698/4814/3413
f 2668/4806/3407 2671/4811/3410 2698/4814/3413 2722/4803/2289
f 2740/3446/2322 2739/4815/3405 2615/3485/2287 2717/3444/2343
f 2718/3443/2342 2615/3485/2287 2739/4815/3405
f 2674/3448/2346 2676/3491/2379 2741/3490/2378 2673/3445/2344
f 2674/3448/2346 2721/3447/2345 2720/4816/3383 2675/4817/2309
f 2740/3446/2322 2673/3445/2344 2741/3490/2378
f 2739/4815/3405 2738/3441/2340 2718/3443/2342
f 2675/4817/2309 2720/4816/3383 2719/4818/3385 2743/4819/3404
f 2743/4819/3404 2719/4818/3385 2709/4799/2285 2647/3427/2329
f 2729/3522/2297 2677/3450/2299 2679/3461/2358 2680/3462/2359
f 2676/3491/2379 2674/3448/2346 2675/4817/2309
f 2683/3456/2353 2681/3453/2350 2725/3488/2376 2682/3487/2375
f 2688/3449/2347 2679/3461/2358 2677/3450/2299
f 2678/3451/2348 2685/3452/2349 2688/3449/2347
f 2681/3453/2350 2684/3455/2352 2687/3532/2414 2685/3452/2349
f 2685/3452/2349 2687/3532/2414 2686/3457/2354
f 2685/3452/2349 2686/3457/2354 2688/3449/2347
f 2692/3505/2390 2693/3503/2368 2694/4820/2331
f 2696/4821/2360 2692/3506/2390 2695/3440/2339
f 2705/3471/2366 2697/3550/2431 2698/4822/3413 2702/4823/2362
f 2702/4823/2362 2698/4822/3413 2699/4824/3414 2700/4825/2363
f 2672/4826/3412 2699/4824/3414 2698/4822/3413
f 2703/3472/2367 2705/3471/2366 2702/4823/2362
f 2714/3482/2290 2715/3481/2372 2717/3444/2343
f 2721/3447/2345 2714/3482/2290 2720/4816/3383
f 2716/3483/2373 2714/3482/2290 2721/3447/2345
f 2673/3445/2344 2715/3481/2372 2721/3447/2345
f 2725/3488/2376 2724/4827/3415 2726/3541/2423
f 2697/3550/2431 2722/3387/2289 2698/4822/3413
f 2724/4828/3415 2725/4790/2376 2642/3398/2300
f 2725/3488/2376 2726/3541/2423 2727/3486/2374
f 2728/4776/2351 2677/3397/2299 2625/3396/2298
f 2821/3408/2310 2647/4792/2329 2658/3466/2328
f 2658/3466/2328 2730/4829/2327 2696/3463/2360
f 2665/4801/2337 2733/3412/2314 2732/3415/2317
f 2735/4830/3411 2734/3404/2306 2670/4831/3408
f 2738/4794/2340 2734/3404/2306 2735/4830/3411
f 2737/4832/2341 2738/4794/2340 2735/4830/3411
f 2741/3493/2378 2646/3419/2321 2740/3420/2322
f 2646/3419/2321 2741/3493/2378 2675/3407/2309
f 2742/3492/2377 2676/4833/2379 2675/3407/2309
f 2744/4834/3416 2745/4835/3417 2749/3497/2383 2746/4836/3418
f 2767/4837/3419 2744/4838/3416 2746/4839/3418 2747/4840/3420
f 2749/3497/2383 2745/4835/3417 2748/3494/2380 2754/3496/2382
f 2747/4841/3420 2746/4836/3418 2752/3500/2386 2750/4842/3421
f 2830/4843/3422 2747/4840/3420 2750/4844/3421 2751/4845/3423
f 2752/3500/2386 2746/4836/3418 2749/3497/2383 2755/3498/2384
f 2690/3459/2356 2754/3496/2382 2753/3495/2381 2691/3460/2357
f 2689/3458/2355 2755/3498/2384 2754/3496/2382 2690/3459/2356
f 2755/3498/2384 2689/3458/2355 2686/3457/2354 2756/3499/2385
f 2752/3500/2386 2756/3499/2385 2758/3502/2388 2750/4842/3421
f 2757/3501/2387 2762/4846/3424 2758/3502/2388
f 2761/4847/3425 2759/4848/2426 2760/4849/3426 2833/4850/3427
f 2750/4842/3421 2758/3502/2388 2762/4846/3424 2751/4851/3423
f 2762/4852/3424 2761/4847/3425 2831/4853/3428 2751/4845/3423
f 2762/4846/3424 2757/3501/2387 2759/3545/2426 2761/4854/3425
f 2692/3506/2390 2694/3430/2331 2661/3432/2333
f 2649/3411/2313 2666/3410/2312 2781/3507/2391
f 2763/3504/2389 2692/3505/2390 2696/4796/2360
f 2764/3508/2392 2781/3507/2391 2782/3511/2395
f 2765/4855/2394 2782/4856/2395 2780/4857/3429
f 2745/4858/3417 2744/4838/3416 2766/4859/2397 2780/4860/3429
f 2765/3510/2394 2780/4861/3429 2766/3513/2397 2773/3512/2396
f 2766/4859/2397 2744/4838/3416 2767/4837/3419 2768/4862/2398
f 2768/4862/2398 2767/4837/3419 2769/3517/2401 2772/3516/2400
f 2771/3515/2399 2770/3559/2437 2993/4863/2402 2772/3516/2400
f 2779/3525/2407 2664/4800/3406 2662/3524/2406
f 2774/3520/2403 2764/3508/2392 2773/3512/2396
f 2779/3525/2407 2666/4802/2312 2664/4800/3406
f 2775/3523/2405 2780/4864/3429 2782/4865/2395 2776/4866/3430
f 2779/3525/2407 2777/3521/2404 2775/3523/2405
f 2691/3460/2357 2780/4864/3429 2775/3523/2405
f 2666/4802/2312 2776/4866/3430 2781/4867/2391
f 2776/4866/3430 2782/4865/2395 2781/4867/2391
f 2776/4866/3430 2666/4802/2312 2779/3525/2407
f 2776/4866/3430 2779/3525/2407 2775/3523/2405
f 2777/4868/2404 2779/4869/2407 2778/4870/3431
f 2780/4864/3429 2748/3494/2380 2745/4835/3417
f 2780/4864/3429 2753/3495/2381 2748/3494/2380
f 2780/4864/3429 2691/3460/2357 2753/3495/2381
f 2785/3543/2424 2798/4871/2421 2724/4828/3415 2642/3398/2300
f 2640/3400/2302 2785/3543/2424 2642/3398/2300
f 2786/4872/3432 2784/3531/2413 2640/3400/2302 2783/4789/3403
f 2785/3543/2424 2640/3400/2302 2784/3531/2413
f 2783/4789/3403 2636/3528/2410 2788/3527/2409 2786/4872/3432
f 2789/4873/3433 2790/4874/3434 2788/3527/2409 2787/3526/2408
f 2637/4786/3400 2787/3526/2408 2636/3528/2410
f 2786/4872/3432 2788/3527/2409 2790/4874/3434 2791/4875/3435
f 2784/3531/2413 2786/4872/3432 2791/4875/3435 2792/3529/2411
f 2784/3531/2413 2793/3530/2412 2785/3543/2424
f 2794/3533/2415 2806/3549/2430 2756/3499/2385 2686/3457/2354
f 2795/3534/2416 2684/3455/2352 2682/3487/2375 2797/3538/2420
f 2683/3456/2353 2682/3487/2375 2684/3455/2352
f 2727/3486/2374 2797/3538/2420 2682/3487/2375
f 2797/3538/2420 2801/3536/2418 2795/3534/2416
f 2799/3540/2422 2797/3538/2420 2796/3537/2419 2726/3541/2423
f 2726/3541/2423 2796/3537/2419 2727/3486/2374
f 2799/3540/2422 2793/4876/2412 2800/3535/2417
f 2726/3541/2423 2724/4827/3415 2798/3539/2421
f 2798/4871/2421 2785/3543/2424 2799/3542/2422
f 2801/3536/2418 2799/3540/2422 2800/3535/2417
f 2799/3540/2422 2801/3536/2418 2797/3538/2420
f 2803/4877/3436 2760/4878/3426 2759/3545/2426 2805/3544/2425
f 2802/4879/2427 2832/4880/3437 2760/4878/3426 2803/4877/3436
f 2807/4881/3438 2806/3549/2430 2808/4882/3439 2812/4883/3440
f 2757/3501/2387 2806/3549/2430 2805/3544/2425
f 2802/4879/2427 2803/4877/3436 2804/4884/2428
f 2806/3549/2430 2794/3533/2415 2795/3534/2416
f 2805/3544/2425 2806/3549/2430 2807/4881/3438 2803/4877/3436
f 2811/4885/3441 2809/4886/3442 2810/4887/3443 2859/3585/2462
f 2803/4877/3436 2807/4881/3438 2812/4883/3440 2804/4884/2428
f 2812/4883/3440 2808/4882/3439 2809/4888/3442 2811/4889/3441
f 2804/4884/2428 2812/4883/3440 2811/4889/3441 2858/4890/2460
f 2621/3551/2432 2704/3470/2365 3033/3725/2582 2622/3392/2294
f 2814/4891/3444 3035/4892/3445 2813/3554/2434 2815/3553/2433
f 2693/3475/2368 2616/3382/2284 2621/3551/2432
f 2704/3470/2365 2621/3551/2432 2705/3471/2366
f 3036/4893/3446 2814/4891/3444 2815/3553/2433 2816/4894/3447
f 2713/3479/2332 2617/3478/2371 2624/4771/3386 2817/4895/3448
f 2710/3476/2369 2851/4896/2455 2779/3525/2407
f 2815/3553/2433 2712/3556/2335 2816/4894/3447
f 2710/3552/2369 2711/3555/2370 2815/3553/2433
f 2712/3556/2335 2713/3479/2332 2817/4895/3448 2816/4894/3447
f 2817/4895/3448 2624/4771/3386 2873/4772/3387 2818/4897/3449
f 2816/4894/3447 2817/4895/3448 2818/4897/3449 3036/4893/3446
f 2654/3416/2318 2653/3601/2478 2823/4898/3450 2822/3465/2361
f 2643/3557/2435 2820/3409/2311 2819/3558/2436
f 2643/3557/2435 2644/3405/2307 2820/3409/2311
f 2820/3409/2311 2648/3406/2308 2821/3408/2310
f 2822/3465/2361 2695/3464/2339 2654/3416/2318
f 2822/3465/2361 2823/4898/3450 2819/3558/2436 2820/3409/2311
f 2824/3560/2438 2770/3559/2437 2771/3515/2399 2826/4899/3451
f 2826/4899/3451 2771/3515/2399 2769/3517/2401 2830/4843/3422
f 2827/3562/2440 2825/3561/2439 2824/3560/2438 2829/4900/3452
f 2829/4900/3452 2824/3560/2438 2826/4899/3451 2831/4853/3428
f 2769/3517/2401 2767/4837/3419 2747/4840/3420 2830/4843/3422
f 2826/4899/3451 2830/4843/3422 2751/4845/3423 2831/4853/3428
f 2761/4847/3425 2833/4850/3427 2829/4900/3452 2831/4853/3428
f 2833/4850/3427 2760/4849/3426 2832/4901/3437 2834/4902/3453
f 2829/4900/3452 2833/4850/3427 2834/4902/3453 2827/3562/2440
f 2834/4902/3453 2832/4901/3437 2835/3566/2444 2838/3564/2442
f 2837/3565/2443 2838/3564/2442 2836/3567/2445 2855/3581/2458
f 2827/3562/2440 2834/4902/3453 2838/3564/2442 2828/3563/2441
f 2840/3570/2448 2672/4813/3412 2669/4810/3409 2841/3568/2446
f 2844/3401/2303 2645/3403/2305 3053/3734/2591 2843/3571/2449
f 2841/3568/2446 2669/4810/3409 2736/4809/2451
f 2736/4809/2451 2842/4903/2450 2841/3568/2446
f 2843/3571/2449 3053/3734/2591 2842/3572/2450
f 2670/4831/3408 2843/3571/2449 2736/3573/2451
f 2734/3404/2306 2843/3571/2449 2670/4831/3408
f 2845/3737/2592 2632/4779/3393 2630/4775/3390 2846/4904/3454
f 2846/4904/3454 2630/4775/3390 2627/3574/2452 2847/3575/2453
f 2848/3738/2593 2845/3737/2592 2846/4904/3454 2849/4905/3455
f 2849/4905/3455 2846/4904/3454 2847/3575/2453 2850/3577/2454
f 2777/3576/2404 2847/3575/2453 2625/3396/2298 2729/3395/2297
f 2850/3577/2454 2777/3576/2404 2778/4906/3431
f 2778/4906/3431 2779/4907/2407 2851/4908/2455 2850/3577/2454
f 2850/3577/2454 2851/4908/2455 2852/4909/3456 2849/4905/3455
f 2813/3554/2434 2852/4910/3456 2851/3578/2455
f 2852/4910/3456 2813/3554/2434 3035/4892/3445 2853/4911/3457
f 2849/4905/3455 2852/4909/3456 2853/4912/3457 2848/3738/2593
f 2856/3579/2456 2836/3567/2445 2835/3566/2444 2857/3548/2429
f 2855/3581/2458 2836/3567/2445 2854/3580/2457
f 2857/3548/2429 2835/3566/2444 2832/4901/3437 2802/3546/2427
f 2854/3580/2457 2856/3579/2456 2860/3584/2461
f 2858/3583/2460 2856/3579/2456 2857/3548/2429 2804/3547/2428
f 2858/3583/2460 2811/4885/3441 2859/3585/2462 2860/3584/2461
f 2864/3582/2459 2854/3580/2457 2862/4913/3458 2863/4914/3459
f 2854/3580/2457 2860/3584/2461 2861/3586/2463 2862/4913/3458
f 2940/3591/2468 2939/4915/2545 2871/4916/3460 2872/4917/3461
f 2940/3591/2468 2868/3587/2464 2906/3589/2466
f 2927/3592/2469 2866/3588/2465 2955/3658/2504
f 2955/3658/2504 2866/3588/2465 2868/3587/2464
f 2865/3590/2467 2869/3653/2525 2958/3663/2533
f 2865/3590/2467 2958/3663/2533 2868/3587/2464
f 2870/4918/3462 2871/4916/3460 2939/4915/2545
f 2874/3394/2296 2871/4916/3460 2870/4918/3462 2873/4772/3387
f 2871/4916/3460 2875/3594/2471 2872/4917/3461
f 2878/3706/2563 2963/3595/2472 2877/3597/2474 2881/4919/3463
f 2871/4916/3460 2874/3394/2296 2875/3594/2471
f 3033/3725/2582 2875/3594/2471 2623/3393/2295
f 2872/4917/3461 2865/3590/2467 2940/3591/2468
f 2875/3594/2471 2865/3590/2467 2872/4917/3461
f 2877/3597/2474 2876/3596/2473 2879/4920/3464 2883/4921/3465
f 2880/4922/2516 2879/4920/3464 2876/3596/2473
f 2882/4923/3466 2878/3706/2563 2881/4919/3463 2889/4784/3398
f 2881/4919/3463 2877/3597/2474 2883/4921/3465 2887/4785/3399
f 2961/4924/3467 3010/3709/2566 2937/4925/2523
f 2884/4926/3468 2937/4925/2523 3010/3709/2566 2885/3711/2568
f 2879/4920/3464 2880/4922/2516 2884/4926/3468 2885/3711/2568
f 2937/4925/2523 2884/4926/3468 2880/4922/2516
f 2883/4921/3465 2879/4920/3464 2885/3711/2568 2886/4927/3469
f 2886/4927/3469 3016/4928/3470 2787/3526/2408 2637/4786/3400
f 2886/4927/3469 2637/4786/3400 2887/4785/3399 2883/4921/3465
f 2888/4781/3395 2882/4923/3466 2889/4784/3398 2633/4780/3394
f 2889/4784/3398 2881/4919/3463 2887/4785/3399 2635/4783/3397
f 2891/3600/2477 2645/3403/2305 2893/3402/2304 2892/3598/2475
f 2901/4929/3471 2899/3604/2481 2897/4930/2497 2898/4931/3472
f 2890/3599/2476 2895/4932/3473 2894/3669/2537
f 2892/3598/2475 3041/4933/3474 2890/3599/2476
f 2965/4934/2487 2896/3673/2511 2895/4932/3473
f 2896/3673/2511 2894/3669/2537 2895/4932/3473
f 2965/3610/2487 2973/3638/2512 2896/3637/2511
f 2900/3685/2498 2897/4930/2497 2899/3604/2481
f 2904/3603/2480 2905/3602/2479 2902/3666/2495 2903/3665/2535
f 2905/3602/2479 2901/4929/3471 2898/4931/3472 2902/3666/2495
f 2901/4929/3471 2905/3602/2479 2655/3418/2320 2652/3414/2316
f 2653/3601/2478 2655/3418/2320 2905/3602/2479
f 2899/3604/2481 2901/4929/3471 2652/3414/2316 2651/3413/2315
f 2899/3604/2481 2650/3509/2393 2900/3685/2498
f 2941/3612/2489 2939/4935/2545 2906/4936/2466 2912/3613/2490
f 2890/3599/2476 2894/3669/2537 2922/3606/2483
f 2922/3606/2483 2891/3600/2477 2890/3599/2476
f 2910/4937/3475 2912/3613/2490 2906/4936/2466 2907/4938/3476
f 2909/4939/2486 2910/4937/3475 2907/4938/3476 2947/4940/2484
f 2947/3607/2484 2867/3639/2470 2908/3608/2485
f 2910/4937/3475 2909/4939/2486 2966/4941/3477 2964/4942/3478
f 2965/3610/2487 2966/4943/3477 2909/3609/2486
f 2912/3613/2490 2910/4937/3475 2964/4942/3478 2911/3611/2488
f 2913/3619/2492 2938/3680/2491 2942/3617/2494
f 2913/3615/2492 2951/3623/2499 2949/3657/2529
f 2913/3619/2492 2902/3618/2495 2914/4944/2500
f 2902/3618/2495 2898/4945/3472 2914/4944/2500
f 2916/4946/3479 2898/4945/3472 2915/3620/2496 2917/4947/2528
f 2915/3620/2496 2898/4945/3472 2897/3621/2497
f 2916/4946/3479 2914/4944/2500 2898/4945/3472
f 2968/4948/2536 2954/3628/2503 2959/4949/3480 2969/4950/2482
f 2917/3656/2528 2914/3624/2500 2916/4951/3479
f 2969/3625/2482 2959/4952/3480 2958/4953/2533 2921/3626/2501
f 2921/3626/2501 2958/4953/2533 2960/4954/2532 2919/4955/3481
f 2919/4955/3481 2960/4954/2532 2946/4956/3482 2918/3733/2590
f 2918/3733/2590 3052/3732/2589 2967/4957/3483 2919/4955/3481
f 2919/4955/3481 2967/4957/3483 2920/3627/2502 2921/3626/2501
f 2970/3636/2510 2956/3635/2509 2955/3630/2504 2922/3629/2483
f 2954/3628/2503 2968/4948/2536 2922/3629/2483
f 2896/3637/2511 2973/3638/2512 2927/3640/2469 2926/4958/2531
f 2971/3632/2506 2953/3634/2508 2970/3636/2510
f 2953/3634/2508 2925/3631/2505 2924/4959/3484
f 2924/4959/3484 2925/3631/2505 2926/4958/2531
f 2925/3631/2505 2896/3637/2511 2926/4958/2531
f 2908/3608/2485 2927/3640/2469 2973/3638/2512
f 2929/3643/2515 2876/4960/2473 2963/4961/2472 2928/3641/2513
f 2934/3647/2519 2930/3642/2514 2928/3641/2513 2931/3645/2517
f 2876/4960/2473 2929/3643/2515 2880/3644/2516
f 2936/3648/2520 2935/3649/2521 2937/3651/2523
f 2934/3647/2519 2932/3646/2518 2933/3650/2522
f 2933/3650/2522 2936/3648/2520 2934/3647/2519
f 2930/3642/2514 2936/3648/2520 2880/3644/2516
f 2942/4962/2494 2988/3684/2544 2941/4963/2489
f 2965/4934/2487 2895/4932/3473 2941/4964/2489
f 2941/4964/2489 3040/3727/2584 2903/3665/2535
f 2903/3665/2535 2942/3667/2494 2941/4964/2489
f 2701/4965/3485 2839/3569/2447 2943/4966/3486 2944/4967/3487
f 3034/3654/2526 2703/3472/2367 2869/3653/2525
f 2869/3653/2525 2945/3652/2524 2960/3662/2532
f 2703/3472/2367 2702/4823/2362 2945/3652/2524
f 2702/4823/2362 2701/4968/2364 2945/3652/2524
f 2945/3652/2524 2946/4969/3482 2960/3662/2532
f 2907/4970/3476 2906/3589/2466 2947/4971/2484
f 2906/3589/2466 2866/3588/2465 2947/4971/2484
f 2866/3588/2465 2867/3593/2470 2947/4971/2484
f 2906/3589/2466 2939/4915/2545 2940/3591/2468
f 2949/3657/2529 2951/3623/2499 2948/3655/2527 3038/4972/3488
f 2950/3616/2493 3037/4973/3489 2870/4918/3462
f 2870/4918/3462 2939/4915/2545 2950/3616/2493
f 2939/4974/2545 2938/3680/2491 2950/4975/2493
f 2953/4976/2508 2952/3660/2530 2927/3592/2469 2955/3658/2504
f 2956/4977/2509 2953/4976/2508 2955/3658/2504
f 2952/3660/2530 2953/4976/2508 2957/4978/3490 2924/4979/3484
f 2952/3660/2530 2924/4979/3484 2926/3661/2531
f 2954/3659/2503 2868/3587/2464 2959/4980/3480
f 2868/3587/2464 2958/3663/2533 2959/4980/3480
f 2962/4981/2534 2961/4924/3467 2937/4925/2523
f 2965/4934/2487 2964/4982/3478 2966/4983/3477
f 2965/4934/2487 2941/4964/2489 2964/4982/3478
f 2964/4982/3478 2941/4964/2489 2911/4984/2488
f 2891/3600/2477 2969/3605/2482 2920/3735/2502
f 2896/3637/2511 2923/3633/2507 2972/3672/2538
f 2976/4985/3491 2977/3696/2556 2974/3695/2555 2975/4986/3492
f 2982/3675/2539 2976/4985/3491 2975/4986/3492 2978/4987/3493
f 2983/3677/2541 2979/4988/3494 2976/4985/3491 2982/3675/2539
f 2977/3696/2556 2976/4985/3491 2979/4988/3494
f 2983/3677/2541 3026/3676/2540 2985/3679/2543 2984/3678/2542
f 2980/4989/3495 2981/4990/3496 2982/3675/2539
f 2978/4987/3493 2980/4989/3495 2982/3675/2539
f 2979/4988/3494 2983/3677/2541 2984/3678/2542 2986/4991/3497
f 2986/4991/3497 2984/3678/2542 2933/3650/2522 2932/3646/2518
f 2988/3681/2544 2938/3680/2491 2939/4974/2545
f 2939/4992/2545 2941/4993/2489 2987/4994/2546
f 2988/3684/2544 2987/3683/2546 2941/4963/2489
f 2989/3686/2547 2900/3685/2498 2650/3509/2393 2774/3520/2403
f 3004/4995/2550 3002/3687/2548 2989/3686/2547
f 2992/4996/3498 2770/3559/2437 2825/3561/2439 3042/4997/3499
f 2989/3686/2547 2991/3691/2551 2990/4998/2549
f 2774/3520/2403 2773/3512/2396 2991/3691/2551
f 2994/4999/2552 2993/4863/2402 2992/4996/3498 2995/5000/3500
f 2770/3559/2437 2992/4996/3498 2993/4863/2402
f 2994/4999/2552 2995/5000/3500 2996/5001/3501 2997/5002/2553
f 2996/5001/3501 3050/5003/3502 2975/5004/3492 2974/5005/2555
f 2997/3693/2553 2996/5006/3501 2974/3695/2555 3005/3694/2554
f 2991/3691/2551 2994/3692/2552 2997/5007/2553 2990/4998/2549
f 3004/3690/2550 2990/3689/2549 3005/3694/2554
f 3001/3700/2559 2999/3702/2557 2915/3620/2496 2900/3622/2498
f 2917/3656/2528 2915/3697/2496 2998/3699/2558
f 3009/5008/3503 2998/5009/2558 2999/3702/2557 3000/3701/2560
f 3001/3700/2559 2900/3622/2498 3002/3703/2548
f 3001/3700/2559 3003/3704/2561 3000/3701/2560
f 3004/3690/2550 3003/3704/2561 3002/3703/2548
f 2932/3646/2518 2931/3645/2517 3006/5010/3504 3005/3694/2554
f 3004/3690/2550 3005/3694/2554 3006/5010/3504 3003/3704/2561
f 3007/5011/3505 3006/5010/3504 2931/3645/2517 2928/3641/2513
f 3003/3704/2561 3006/5010/3504 3007/5011/3505 3000/3701/2560
f 3008/5012/2562 3007/5011/3505 2928/3641/2513 2963/4961/2472
f 3000/3701/2560 3007/5011/3505 3008/5012/2562 3009/5008/3503
f 3005/3694/2554 2977/3696/2556 2979/4988/3494
f 3005/3694/2554 2979/4988/3494 2986/4991/3497
f 2986/4991/3497 2932/3646/2518 3005/3694/2554
f 2961/4924/3467 3011/3707/2564 3010/3709/2566
f 2789/4873/3433 2787/3526/2408 3016/4928/3470 3015/5013/3506
f 3010/3709/2566 3012/3708/2565 3014/3710/2567
f 3011/5014/2564 3020/5015/2574 3012/5016/2565
f 3014/3710/2567 3013/3712/2569 3015/5013/3506 3016/4928/3470
f 2885/3711/2568 3014/3710/2567 3016/4928/3470 2886/4927/3469
f 2935/3649/2521 3017/3713/2570 3019/3715/2572
f 3017/3713/2570 2933/3650/2522 2985/3679/2543
f 3020/3717/2574 2962/3664/2534 3018/3714/2571
f 3019/3715/2572 3018/3714/2571 2962/3664/2534
f 3021/5017/2575 3011/3707/2564 2961/4924/3467 2962/4981/2534
f 3020/5018/2574 3011/3707/2564 3021/5017/2575
f 3022/3721/2578 3023/3720/2577 2981/4990/3496 3048/5019/2585
f 2982/3675/2539 2981/4990/3496 3023/3720/2577 3026/3676/2540
f 3024/5020/3507 3025/3719/2576 3022/3721/2578 3065/5021/2602
f 3025/3719/2576 3024/5020/3507 3030/5022/3508 3031/5023/3509
f 3025/3719/2576 3026/3676/2540 3023/3720/2577
f 3027/5024/2579 3065/3747/2602 3028/5025/2580
f 3027/3722/2579 3030/5022/3508 3024/5020/3507 3065/5021/2602
f 3030/5022/3508 3027/3722/2579 3029/3724/2581 3031/5023/3509
f 3026/3676/2540 3025/3719/2576 3031/5023/3509 3032/3716/2573
f 3039/3726/2583 3035/4892/3445 2814/4891/3444 2948/3655/2527
f 2875/3594/2471 3034/3654/2526 2865/3590/2467
f 2869/3653/2525 2865/3590/2467 3034/3654/2526
f 2948/3655/2527 2814/4891/3444 3036/4893/3446 3038/4972/3488
f 3038/4972/3488 3036/4893/3446 2818/4897/3449 3037/4973/3489
f 3037/4973/3489 2818/4897/3449 2873/4772/3387 2870/4918/3462
f 3037/4973/3489 2950/3616/2493 2949/3657/2529 3038/4972/3488
f 3039/3726/2583 2917/3656/2528 2998/3699/2558 3056/5026/2597
f 2892/3598/2475 2893/3402/2304 2819/3558/2436 3041/4933/3474
f 2904/3603/2480 3040/3727/2584 2823/4898/3450 2653/3601/2478
f 3040/3727/2584 3041/4933/3474 2819/3558/2436 2823/4898/3450
f 3040/3727/2584 2941/4964/2489 2895/4932/3473 3041/4933/3474
f 3042/4997/3499 2825/3561/2439 2828/3563/2441 3043/5027/3510
f 3041/4933/3474 2895/4932/3473 2890/3599/2476
f 2995/5000/3500 2992/4996/3498 3042/4997/3499 3044/5028/3511
f 3043/5027/3510 2828/3563/2441 2837/3565/2443 3046/5029/3512
f 3044/5028/3511 3042/4997/3499 3043/5027/3510 3045/5030/3513
f 3046/5029/3512 2837/3565/2443 2855/3581/2458 3059/5031/3514
f 3045/5030/3513 3043/5027/3510 3046/5029/3512 3047/3729/2586
f 3047/3729/2586 3046/5029/3512 3059/5031/3514 3060/3730/2587
f 3045/5030/3513 3047/3729/2586 3048/3728/2585 3049/5032/3515
f 3049/5032/3515 3048/3728/2585 2980/5033/3495 2978/5034/3493
f 2981/5035/3496 2980/5033/3495 3048/3728/2585
f 3050/5003/3502 3049/5032/3515 2978/5034/3493 2975/5004/3492
f 2995/5000/3500 3044/5028/3511 3050/5003/3502 2996/5001/3501
f 3045/5030/3513 3049/5032/3515 3050/5003/3502 3044/5028/3511
f 2839/3569/2447 2841/3568/2446 3051/3731/2588 2943/4966/3486
f 2918/3733/2590 2946/4956/3482 2943/4966/3486 3051/3731/2588
f 2842/4903/2450 3051/3731/2588 2841/3568/2446
f 3054/3739/2594 2888/4781/3395 2632/4779/3393 2845/3737/2592
f 3051/3731/2588 2842/4903/2450 3052/3732/2589
f 2920/3735/2502 2645/3403/2305 2891/3600/2477
f 2967/5036/3483 3053/3734/2591 2920/3735/2502
f 3052/3736/2589 3053/3734/2591 2967/5036/3483
f 3058/3743/2598 2882/4923/3466 2888/4781/3395 3054/3739/2594
f 3057/3740/2595 3058/3743/2598 3054/3739/2594 2848/3738/2593
f 3055/3741/2596 3057/3740/2595 2848/3738/2593 2853/4912/3457
f 3055/5037/2596 2853/4911/3457 3035/4892/3445 3039/3726/2583
f 3056/5026/2597 2998/3699/2558 3009/5038/3503 3057/5039/2595
f 3056/5026/2597 3055/5037/2596 3039/3726/2583
f 3058/3743/2598 3057/3740/2595 3009/5040/3503 3008/3705/2562
f 2855/3581/2458 2864/3582/2459 3062/5041/3516 3059/5031/3514
f 3058/3743/2598 2878/3706/2563 2882/4923/3466
f 3064/3745/2600 3060/3730/2587 3059/5031/3514 3062/5041/3516
f 3061/5042/3517 3062/5041/3516 2864/3582/2459 2863/4914/3459
f 3063/3746/2601 3064/3745/2600 3062/5041/3516 3061/5042/3517
f 3066/3744/2599 3028/5025/2580 3065/3747/2602 3064/3745/2600
f 3157/5043/3518 3070/3751/2605 3166/5044/2650 3068/3838/2683
f 3065/3747/2602 3048/3728/2585 3060/3730/2587
f 3157/5043/3518 3156/5045/3519 3067/3749/2603
f 3157/5043/3518 3067/3749/2603 3070/3751/2605
f 3067/3749/2603 3113/5046/2638 3069/3750/2604
f 3170/3752/2606 3069/3750/2604 3265/3757/2611
f 3113/5046/2638 3145/3833/2679 3072/3755/2609 3073/3754/2608
f 3071/3758/2612 3072/3755/2609 3145/3833/2679
f 3265/3757/2611 3069/3750/2604 3113/5046/2638 3073/3754/2608
f 3071/3758/2612 3077/3753/2607 3072/3755/2609
f 3077/3753/2607 3075/3960/2794 3324/5047/3520 3074/3756/2610
f 3074/3756/2610 3073/3754/2608 3077/3753/2607
f 3075/3960/2794 3077/3753/2607 3076/3759/2613
f 3082/3839/2684 3078/3945/2690 3175/5048/2689
f 3078/3945/2690 3082/3839/2684 3079/5049/3521 3080/3943/2778
f 3080/3943/2778 3079/5049/3521 3081/5050/3522 3085/5051/3523
f 3083/5052/3524 3081/5050/3522 3079/5049/3521 3082/3839/2684
f 3081/5050/3522 3083/5052/3524 3084/5053/3525 3086/5054/3526
f 3085/5051/3523 3081/5050/3522 3086/5054/3526 3087/5055/3527
f 3087/5055/3527 3086/5054/3526 3088/5056/3528 3337/5057/3529
f 3089/5058/3530 3088/5056/3528 3086/5054/3526 3084/5053/3525
f 3088/5056/3528 3089/5058/3530 3090/5059/3531 3336/5060/3532
f 3090/5059/3531 3092/5061/3533 3091/3976/2810 3335/5062/3534
f 3091/3976/2810 3092/5061/3533 3231/3889/2727
f 3092/5061/3533 3090/5059/3531 3089/5058/3530 3084/5053/3525
f 3093/5063/3535 3231/3889/2727 3092/5061/3533 3084/5053/3525
f 3094/5064/3536 3093/5063/3535 3084/5053/3525 3083/5052/3524
f 3095/3904/2741 3094/5064/3536 3083/5052/3524 3096/3841/2686
f 3100/3850/2694 3298/3942/2777 3099/3981/2815 3098/3923/2759
f 3083/5052/3524 3082/3839/2684 3096/3841/2686
f 3184/3780/2634 3100/3850/2694 3098/3923/2759 3097/3764/2618
f 3104/3769/2623 3348/3878/2716 3103/3768/2622 3180/3767/2621
f 3176/3761/2615 3101/3760/2614 3097/3764/2618
f 3106/3770/2624 3104/3769/2623 3180/3767/2621 3105/3777/2631
f 3117/3789/2642 3118/5065/3537 3179/5066/2692 3177/5067/2691
f 3348/3878/2716 3104/3769/2623 3343/3771/2625
f 3109/3774/2628 3107/3773/2627 3110/3775/2629
f 3110/3775/2629 3106/3770/2624 3105/3777/2631
f 3112/3776/2630 3110/3775/2629 3111/3778/2632
f 3186/3779/2633 3097/3764/2618 3101/3760/2614
f 3067/3786/2603 3114/3782/2636 3113/3784/2638
f 3114/3782/2636 3116/3785/2639 3117/3789/2642
f 3114/3782/2636 3178/3787/2640 3115/3783/2637
f 3178/3787/2640 3117/3789/2642 3177/5067/2691
f 3116/3785/2639 3156/5068/3519 3118/5065/3537 3117/3789/2642
f 3176/5069/2615 3179/5070/2692 3118/5071/3537
f 3156/5072/3519 3157/5073/3518 3176/5069/2615 3118/5071/3537
f 3160/3792/2645 3145/3865/2679 3119/3790/2643
f 3120/3794/2647 3158/3831/2676 3160/3792/2645 3121/3791/2644
f 3160/3792/2645 3158/3831/2676 3273/5074/2678
f 3180/5075/2621 3102/3797/2620 3124/3796/2649
f 3120/3794/2647 3122/3793/2646 3158/3831/2676
f 3122/3793/2646 3123/3795/2648 3159/3830/2677
f 3111/5076/2632 3123/3795/2648 3122/3793/2646
f 3146/3866/2671 3111/5076/2632 3121/3791/2644
f 3123/3795/2648 3111/5076/2632 3105/3798/2631
f 3122/3793/2646 3121/3791/2644 3111/5076/2632
f 3183/5077/2635 3070/5078/2605 3168/5079/3538 3184/5080/2634
f 3121/3791/2644 3119/3790/2643 3146/3866/2671
f 3184/5081/2634 3168/5082/3538 3169/5083/3539 3125/5084/3540
f 3295/3937/2773 3126/3936/2772 3182/5085/2775 3127/5086/3541
f 3125/5084/3540 3181/5087/2693 3184/5081/2634
f 3127/5086/3541 3182/5085/2775 3181/5087/2693 3125/5084/3540
f 3151/5088/3542 3295/3937/2773 3127/5086/3541 3170/5089/2606
f 3170/5089/2606 3127/5086/3541 3125/5084/3540 3169/5083/3539
f 3186/5090/2633 3166/3799/2650 3070/5078/2605 3183/5077/2635
f 3157/5073/3518 3068/5091/2683 3191/5092/2617 3176/5069/2615
f 3166/3799/2650 3186/5090/2633 3128/3800/2651
f 3165/3801/2652 3128/3800/2651 3163/3803/2654
f 3129/3806/2657 3131/3804/2655 3130/3807/2658
f 3130/3807/2658 3191/5092/2617 3068/5091/2683
f 3144/3884/2722 3143/3820/2670 3135/3809/2659 3132/3811/2661
f 3191/5092/2617 3130/3807/2658 3190/3808/2616
f 3190/3808/2616 3131/3804/2655 3189/3805/2656
f 3133/3810/2660 3134/3813/2663 3078/3845/2690
f 3134/3813/2663 3137/3815/2665 3175/3844/2689
f 3137/3815/2665 3138/3817/2667 3174/3843/2688
f 3146/3866/2671 3145/3865/2679 3147/5093/2641
f 3176/3761/2615 3148/3765/2619 3147/3821/2641 3179/3847/2692
f 3147/3821/2641 3276/3925/2761 3112/3776/2630
f 3148/3765/2619 3276/3925/2761 3147/3821/2641
f 3170/3752/2606 3149/4040/2862 3150/3824/2673
f 3265/3757/2611 3149/4040/2862 3170/3752/2606
f 3153/5094/3543 3170/3752/2606 3150/3824/2673 3155/3823/2672
f 3170/3752/2606 3153/5094/3543 3151/5095/3542
f 3149/4040/2862 3265/3757/2611 3266/3915/2751
f 3067/3749/2603 3156/5045/3519 3116/5096/2639
f 3161/3835/2681 3167/3834/2680 3068/3838/2683 3166/5044/2650
f 3164/5097/3544 3167/5098/2680 3162/5099/2682 3163/3803/2654
f 3165/3801/2652 3162/5099/2682 3166/3799/2650
f 3162/5099/2682 3165/3801/2652 3163/3803/2654
f 3166/3799/2650 3162/5099/2682 3161/5100/2681
f 3164/5097/3544 3129/3806/2657 3167/5098/2680
f 3167/5098/2680 3129/3806/2657 3130/3807/2658
f 3070/3751/2605 3169/5101/3539 3168/5102/3538
f 3169/5101/3539 3070/3751/2605 3170/3752/2606
f 3171/5103/2739 3095/3904/2741 3096/3841/2686 3172/3840/2685
f 3173/3842/2687 3248/3899/2737 3171/3901/2739 3172/5104/2685
f 3138/3817/2667 3248/3899/2737 3173/3842/2687
f 3172/5104/2685 3174/3843/2688 3173/3842/2687
f 3175/5048/2689 3174/5105/2688 3172/3840/2685 3082/3839/2684
f 3179/3847/2692 3147/3821/2641 3178/3848/2640
f 3105/3777/2631 3180/3767/2621 3124/5106/2649
f 3182/3939/2775 3100/3850/2694 3181/3849/2693
f 3186/5090/2633 3185/3851/2695 3128/3800/2651
f 3187/5107/2696 3188/3853/2653 3101/3760/2614
f 3187/5107/2696 3101/3760/2614 3189/3855/2656
f 3101/3760/2614 3185/3854/2695 3186/3779/2633
f 3194/5108/3545 3192/5109/3546 3217/5110/3547 3193/5111/3548
f 3192/5112/3546 3194/5113/3545 3196/3861/2702 3195/5114/3549
f 3197/3856/2697 3195/5114/3549 3196/3861/2702 3202/3857/2698
f 3199/5115/3550 3193/5111/3548 3284/5116/3551 3198/5117/3552
f 3193/5118/3548 3199/5119/3550 3200/3862/2703 3194/5113/3545
f 3196/3861/2702 3194/5113/3545 3200/3862/2703 3203/3859/2700
f 3143/3820/2670 3144/3884/2722 3201/3858/2699 3202/3857/2698
f 3142/3819/2669 3143/3820/2670 3202/3857/2698 3203/3859/2700
f 3205/3863/2704 3204/3860/2701 3200/3862/2703 3199/5119/3550
f 3141/3818/2668 3142/3819/2669 3204/3860/2701
f 3198/5120/3552 3207/5121/3553 3205/3863/2704 3199/5119/3550
f 3205/3863/2704 3207/5121/3553 3206/3864/2705
f 3208/3909/2745 3206/3864/2705 3207/5121/3553 3209/5122/3554
f 3207/5123/3553 3198/5117/3552 3285/5124/3555 3209/5125/3554
f 3210/5126/3556 3208/5127/2745 3209/5125/3554 3286/5128/3557
f 3102/3766/2620 3103/3768/2622 3211/5129/3558
f 3145/5130/2679 3113/3784/2638 3147/3788/2641
f 3212/3867/2706 3211/5129/3558 3103/3768/2622 3348/3878/2716
f 3211/5129/3558 3212/3867/2706 3229/3869/2708
f 3216/5131/2711 3192/5109/3546 3195/5132/3549 3215/5133/2723
f 3229/5134/2708 3213/5135/2707 3215/5136/2723
f 3216/3872/2711 3215/5137/2723 3213/3868/2707 3214/3870/2709
f 3217/5110/3547 3192/5109/3546 3216/5131/2711 3218/5138/2710
f 3219/3874/2713 3217/5110/3547 3218/5138/2710 3222/3875/2714
f 3447/4081/2715 3220/3926/2762 3221/3873/2712 3222/3875/2714
f 3223/3880/2718 3228/3882/2720 3123/3795/2648
f 3214/3870/2709 3212/3867/2706 3446/3879/2717
f 3123/3795/2648 3102/3797/2620 3224/5139/3559 3223/3880/2718
f 3133/3810/2660 3226/3886/2724 3227/3881/2719 3132/3811/2661
f 3225/3883/2721 3227/3881/2719 3223/3880/2718 3224/5139/3559
f 3229/5140/2708 3215/3885/2723 3225/3883/2721 3224/5139/3559
f 3144/3884/2722 3132/3811/2661 3225/3883/2721
f 3224/5139/3559 3102/3797/2620 3211/5141/3558
f 3211/5141/3558 3229/5140/2708 3224/5139/3559
f 3078/3945/2690 3305/3947/2781 3227/5142/2719
f 3215/3885/2723 3195/5114/3549 3197/3856/2697
f 3215/3885/2723 3197/3856/2697 3201/3858/2699
f 3144/3884/2722 3215/3885/2723 3201/3858/2699
f 3238/5143/3560 3094/5064/3536 3095/3904/2741 3230/3903/2740
f 3171/5103/2739 3251/3902/2738 3095/3904/2741
f 3236/5144/3561 3093/5063/3535 3094/5064/3536 3238/5143/3560
f 3093/5063/3535 3236/5144/3561 3232/3887/2725 3231/3889/2727
f 3231/3889/2727 3234/3888/2726 3091/3976/2810
f 3233/5145/3562 3234/3888/2726 3232/3887/2725 3235/5146/3563
f 3236/5144/3561 3237/5147/3564 3235/5146/3563 3232/3887/2725
f 3238/5143/3560 3239/5148/3565 3237/5147/3564 3236/5144/3561
f 3230/5149/2740 3246/5150/2736 3239/5151/3565 3238/5152/3560
f 3138/3817/2667 3140/3816/2666 3240/3891/2729 3242/3892/2730
f 3141/3818/2668 3240/3891/2729 3140/3816/2666
f 3242/3892/2730 3244/3893/2731 3138/3817/2667
f 3244/3893/2731 3243/3894/2732 3138/3817/2667
f 3243/3894/2732 3242/3892/2730 3241/3890/2728 3245/3896/2734
f 3250/5153/2742 3248/3899/2737 3247/3895/2733 3249/3897/2735
f 3251/3902/2738 3250/3906/2742 3246/5154/2736 3230/3903/2740
f 3249/5155/2735 3252/5156/2743 3246/5154/2736 3250/3906/2742
f 3208/3909/2745 3210/5157/3556 3253/5158/3566 3255/3908/2744
f 3254/5159/3567 3253/5158/3566 3210/5157/3556 3287/5160/3568
f 3256/3913/2749 3257/3912/2748 3254/5159/3567 3311/5161/3569
f 3255/3908/2744 3204/3860/2701 3206/3864/2705
f 3253/5158/3566 3254/5159/3567 3257/3912/2748 3255/3908/2744
f 3259/5162/3570 3258/3910/2746 3255/3908/2744 3260/3911/2747
f 3246/3898/2736 3241/3890/2728 3258/3910/2746
f 3261/5163/3571 3259/5162/3570 3260/3911/2747 3262/5164/3572
f 3260/3911/2747 3255/3908/2744 3257/3912/2748
f 3262/5165/3572 3260/5166/2747 3256/5167/2749 3311/5168/3569
f 3263/5169/3573 3261/5170/3571 3262/5165/3572 3312/3951/2785
f 3264/3914/2750 3074/3756/2610 3324/5047/3520 3266/3915/2751
f 3268/3918/2754 3267/4134/2936 3487/3920/2756 3269/3916/2752
f 3271/3917/2753 3159/3828/2677 3228/5171/2720 3306/5172/3574
f 3272/3826/2675 3269/3916/2752 3270/3919/2755 3273/3829/2678
f 3269/3916/2752 3272/3826/2675 3271/3917/2753
f 3274/3921/2757 3160/3832/2645 3273/3829/2678 3270/3919/2755
f 3160/3832/2645 3274/3921/2757 3071/3758/2612
f 3098/3923/2759 3099/3981/2815 3494/5173/3575 3275/3924/2760
f 3274/3921/2757 3491/3922/2758 3076/3759/2613
f 3109/3774/2628 3112/3776/2630 3276/3925/2761 3277/5174/3576
f 3496/3987/2821 3108/3772/2626 3109/3774/2628 3277/5174/3576
f 3276/3925/2761 3275/3924/2760 3277/5174/3576
f 3494/5173/3575 3496/3987/2821 3277/5174/3576 3275/3924/2760
f 3221/3873/2712 3220/3926/2762 3279/3928/2764 3280/5175/3577
f 3219/3874/2713 3221/3873/2712 3280/5175/3577 3284/5116/3551
f 3279/3928/2764 3278/3927/2763 3282/3930/2766 3283/5176/3578
f 3280/5175/3577 3279/3928/2764 3283/5176/3578 3285/5124/3555
f 3219/3874/2713 3284/5116/3551 3193/5111/3548 3217/5110/3547
f 3198/5117/3552 3284/5116/3551 3280/5175/3577 3285/5124/3555
f 3209/5125/3554 3285/5124/3555 3283/5176/3578 3286/5128/3557
f 3287/5177/3568 3210/5126/3556 3286/5128/3557 3288/5178/3579
f 3288/5178/3579 3286/5128/3557 3283/5176/3578 3282/3930/2766
f 3289/3931/2767 3287/5177/3568 3288/5178/3579 3290/3932/2768
f 3290/3932/2768 3288/5178/3579 3282/3930/2766 3281/3929/2765
f 3292/3934/2770 3293/3948/2782 3291/3933/2769 3290/3932/2768
f 3152/5179/3580 3294/3935/2771 3295/3937/2773 3151/5088/3542
f 3294/3935/2771 3152/5179/3580 3154/5180/3581
f 3085/5051/3523 3087/5055/3527 3299/5181/3582 3300/5182/3583
f 3297/3941/2776 3126/3940/2772 3296/5183/2774
f 3182/3939/2775 3297/3941/2776 3100/3850/2694
f 3080/3943/2778 3085/5051/3523 3300/5182/3583 3301/3944/2779
f 3300/5182/3583 3299/5181/3582 3302/5184/3584 3303/5185/3585
f 3301/3944/2779 3300/5182/3583 3303/5185/3585 3304/3946/2780
f 3305/3947/2781 3078/3945/2690 3301/3944/2779
f 3305/3947/2781 3304/3946/2780 3227/5142/2719
f 3306/5186/3574 3228/5187/2720 3227/5142/2719 3304/3946/2780
f 3268/3918/2754 3271/3917/2753 3306/5172/3574 3307/5188/3586
f 3307/5189/3586 3306/5186/3574 3304/3946/2780 3303/5185/3585
f 3267/4134/2936 3268/3918/2754 3307/5188/3586 3308/4135/2937
f 3308/5190/2937 3307/5189/3586 3303/5185/3585 3302/5184/3584
f 3289/3931/2767 3291/3933/2769 3310/3950/2784 3311/5168/3569
f 3287/5177/3568 3289/3931/2767 3311/5168/3569 3254/5191/3567
f 3293/3948/2782 3309/5192/3587 3314/3949/2783
f 3312/3951/2785 3262/5165/3572 3311/5168/3569 3310/3950/2784
f 3314/3949/2783 3315/5193/3588 3313/3952/2786 3310/3950/2784
f 3309/5192/3587 3316/5194/3589 3315/5193/3588 3314/3949/2783
f 3396/4044/2866 3399/5195/3590 3400/3957/2791
f 3317/5196/3591 3318/3956/2790 3376/3963/2797
f 3396/4044/2866 3400/3957/2791 3390/3954/2788 3404/3953/2787
f 3323/3959/2793 3319/4120/2926 3320/3962/2796 3321/5197/3592
f 3400/3957/2791 3317/5196/3591 3390/3954/2788
f 3317/5196/3591 3400/3957/2791 3318/3956/2790
f 3376/3963/2797 3320/3962/2796 3319/4120/2926
f 3324/5047/3520 3075/3960/2794 3321/5197/3592 3322/3961/2795
f 3320/3962/2796 3322/3961/2795 3321/5197/3592
f 3323/3959/2793 3321/5197/3592 3075/3960/2794
f 3376/3963/2797 3318/3956/2790 3381/3958/2792 3322/3961/2795
f 3326/5198/3593 3411/3968/2802 3328/3967/2801
f 3412/3966/2800 3327/3965/2799 3411/3968/2802
f 2207/4509/3265 2158/2990/1945 2257/4562/1989 2157/3076/2022
f 3329/3969/2803 3411/3968/2802 3326/5198/3593 3330/3972/2806
f 3325/3964/2798 3336/5060/3532 3327/3965/2799
f 3327/3965/2799 3335/5062/3534 3328/3967/2801
f 3330/3972/2806 3326/5198/3593 3328/3967/2801 3332/3973/2807
f 3332/3973/2807 3335/5062/3534 3334/3975/2809 3333/3974/2808
f 3329/3969/2803 3330/3972/2806 3331/3970/2804
f 3328/3967/2801 3335/5062/3534 3332/3973/2807
f 3336/5060/3532 3090/5059/3531 3335/5062/3534 3327/3965/2799
f 3091/3976/2810 3334/3975/2809 3335/5062/3534
f 3337/5057/3529 3088/5056/3528 3336/5060/3532 3325/3964/2798
f 3417/5199/2839 3416/3983/2817 3344/5200/3594
f 3338/3977/2811 3512/3980/2814 3419/3978/2812
f 3512/3980/2814 3338/3977/2811 3099/3981/2815
f 3427/3989/2823 3340/4123/2928 3339/3979/2813
f 3339/3979/2813 3495/4125/2930 3338/3977/2811
f 3340/4123/2928 3342/4055/2874 3341/4057/2827
f 3340/4123/2928 3427/3989/2823 3342/4055/2874
f 3347/3984/2818 3418/5201/2836 3417/5199/2839 3344/5200/3594
f 3416/3983/2817 3343/3771/2625 3344/5200/3594
f 3347/3984/2818 3107/3773/2627 3108/3772/2626 3346/3985/2819
f 3418/5201/2836 3347/3984/2818 3345/3986/2820
f 3344/5200/3594 3106/3770/2624 3107/3773/2627 3347/3984/2818
f 3391/5202/3595 3376/5203/2797 3442/4076/2888 3349/3995/2828
f 3106/3770/2624 3344/5200/3594 3343/3771/2625
f 3358/3990/2824 3422/5204/2845 3426/3988/2822
f 3389/5205/3596 3391/5202/3595 3349/3995/2828 3350/5206/3597
f 3351/5207/2825 3388/5208/3598 3389/5205/3596 3350/5206/3597
f 3350/5206/3597 3414/5209/3599 3341/5210/2827 3351/5207/2825
f 3388/5211/3598 3351/3991/2825 3390/3993/2788
f 3349/3995/2828 3379/3997/2830 3414/5209/3599 3350/5206/3597
f 3352/4001/2832 3353/5212/3600 3354/4008/2838 3418/4006/2836
f 3352/4001/2832 3393/4004/2835 3353/5212/3600
f 3352/4001/2832 3418/4006/2836 3355/4002/2834
f 3357/4012/2840 3416/4011/2817 3417/4009/2839
f 3353/5212/3600 3393/4004/2835 3392/5213/2863 3354/4008/2838
f 3357/4015/2840 3493/4014/2841 3356/5214/2816
f 3354/4008/2838 3357/4012/2840 3417/4009/2839
f 3406/5215/2868 3400/4019/2791 3358/4021/2824 3359/5216/2843
f 3408/5217/2869 3406/5218/2868 3359/4017/2843 3360/4016/2842
f 3407/5219/2859 3408/5217/2869 3360/4016/2842 3361/5220/3601
f 3387/5221/3602 3407/5219/2859 3361/5220/3601 3510/5222/3603
f 3420/5223/2875 3513/4130/2933 3510/5222/3603 3361/5220/3601
f 3421/4018/2844 3420/5223/2875 3361/5220/3601 3360/4016/2842
f 3426/4023/2822 3422/4020/2845 3399/5224/3590 3401/4046/2867
f 3400/4019/2791 3399/5224/3590 3422/4020/2845
f 3362/4026/2849 3405/4025/2848 3404/5225/2787 3429/4028/2851
f 3425/4022/2846 3402/4024/2847 3362/4026/2849
f 3402/4024/2847 3426/4023/2822 3401/4046/2867
f 3390/3993/2788 3415/3992/2826 3342/5226/2874 3403/5227/2789
f 3403/5227/2789 3342/5226/2874 3429/4028/2851 3404/5225/2787
f 3366/4033/2856 3365/4095/2904 3364/4051/2870
f 3369/4029/2852 3367/4093/2902 3365/4095/2904 3366/4033/2856
f 3364/4051/2870 3410/4035/2805 3373/4034/2857
f 3364/4051/2870 3373/4034/2857 3366/4033/2856
f 3366/4033/2856 3373/4034/2857 3371/4032/2855
f 3367/4093/2902 3369/4029/2852 3368/4031/2854
f 3372/4073/2885 3370/4030/2853 3371/4032/2855
f 3371/4032/2855 3373/4034/2857 3374/4036/2858
f 3376/3963/2797 3388/5228/3598 3317/5196/3591
f 3355/4002/2834 3377/4007/2837 3378/5229/2829 3443/5230/3604
f 3345/3986/2820 3497/4121/2927 3378/4122/2829
f 3385/5231/3605 3154/5180/3581 3386/5232/3606 3384/5233/3607
f 3378/4122/2829 3377/5234/2837 3345/3986/2820
f 3383/4038/2860 3149/4040/2862 3266/3915/2751
f 3382/4039/2861 3150/3824/2673 3383/4038/2860
f 3386/3825/2674 3150/3824/2673 3382/4039/2861
f 3387/5235/3602 3382/4039/2861 3407/4037/2859
f 3388/5228/3598 3376/3963/2797 3391/5236/3595
f 3390/3954/2788 3317/5196/3591 3388/5228/3598
f 3388/5228/3598 3391/5236/3595 3389/5237/3596
f 3394/4119/2831 3376/3963/2797 3319/4120/2926 3492/4117/2925
f 3376/5238/2797 3394/4005/2831 3375/4003/2833
f 3397/4043/2865 3395/4042/2864 3398/5239/3608 3402/5240/2847
f 3404/5241/2787 3395/5242/2864 3396/5243/2866
f 3399/5195/3590 3397/4043/2865 3401/5244/2867
f 3396/4044/2866 3397/4043/2865 3399/5195/3590
f 3395/4042/2864 3405/4047/2848 3398/5239/3608
f 3381/3958/2792 3400/3957/2791 3408/4049/2869 3407/4037/2859
f 3409/5245/2871 3410/3971/2805 3331/3970/2804
f 3410/3971/2805 3411/3968/2802 3329/3969/2803
f 3364/4051/2870 3365/4095/2904 3412/5246/2800 3411/4050/2802
f 3340/4123/2928 3341/4057/2827 3414/5247/3599 3380/4124/2929
f 3410/4035/2805 3409/4052/2871 3374/4036/2858
f 3409/4052/2871 3413/4054/2873 3374/4036/2858
f 3380/4124/2929 3414/5247/3599 3379/5248/2830
f 3380/4124/2929 3379/5248/2830 3378/4122/2829
f 3418/5201/2836 3345/3986/2820 3377/5234/2837
f 3359/4058/2843 3420/4059/2875 3421/5249/2844
f 3423/4063/2876 3425/4022/2846 3424/4064/2877
f 3428/5250/2878 3423/4063/2876 3424/4064/2877 3363/4027/2850
f 3342/4055/2874 3427/3989/2823 3428/4066/2878
f 3342/4055/2874 3428/4066/2878 3429/5251/2851
f 3432/4067/2879 3433/5252/3609 3430/4087/2897 3431/4088/2898
f 3428/5250/2878 3363/4027/2850 3429/4028/2851
f 3438/4069/2881 3434/4070/2882 3433/5252/3609 3432/4067/2879
f 3436/4068/2880 3432/4067/2879 3431/4088/2898 3435/5253/3610
f 3441/4075/2887 3368/4031/2854 3370/4030/2853 3440/4074/2886
f 3438/4069/2881 3436/4068/2880 3480/4113/2921
f 3440/4074/2886 3480/4113/2921 3436/4068/2880
f 3441/4075/2887 3436/4068/2880 3435/5253/3610
f 3442/4076/2888 3376/5203/2797 3443/5254/3604
f 3443/5254/3604 3378/3996/2829 3442/4076/2888
f 3375/4003/2833 3355/4002/2834 3443/5230/3604 3376/5238/2797
f 3348/3878/2716 3356/3982/2816 3464/4079/2891 3446/3879/2717
f 3278/3927/2763 3220/3926/2762 3448/4082/2893 3498/5255/3611
f 3444/4078/2890 3445/4080/2892 3464/4079/2891
f 3445/4080/2892 3214/3870/2709 3446/3879/2717
f 3447/3877/2715 3214/3870/2709 3445/4080/2892
f 3449/5256/2894 3450/5257/3612 3448/4082/2893 3447/4081/2715
f 3451/5258/3613 3450/5257/3612 3449/5256/2894 3452/5259/2895
f 3451/5258/3613 3430/5260/2897 3433/5261/3609 3508/5262/3614
f 3452/5263/2895 3449/4083/2894 3445/4080/2892 3444/4078/2890
f 3430/4087/2897 3451/5264/3613 3452/4084/2895 3462/4086/2896
f 3444/4085/2890 3463/5265/2889 3462/4086/2896
f 3493/5266/2841 3461/5267/3615 3453/4091/2900 3356/4090/2816
f 3453/4091/2900 3461/5267/3615 3460/4097/2906 3455/4092/2901
f 3356/4090/2816 3454/4089/2899 3464/5268/2891
f 3464/5268/2891 3454/4089/2899 3455/4092/2901 3456/5269/3616
f 3456/5269/3616 3463/5265/2889 3464/5268/2891
f 3368/4031/2854 3462/4086/2896 3457/4094/2903 3367/4093/2902
f 3457/4094/2903 3462/4086/2896 3463/5265/2889 3456/5269/3616
f 3458/4096/2905 3365/4095/2904 3457/4094/2903
f 3456/5269/3616 3455/4092/2901 3457/4094/2903
f 3459/4098/2907 3412/5246/2800 3365/4095/2904 3458/4096/2905
f 3455/4092/2901 3460/4097/2906 3458/4096/2905
f 3459/4139/2907 3325/3964/2798 3412/3966/2800
f 3431/4088/2898 3462/4086/2896 3435/5253/3610
f 3435/5253/3610 3462/4086/2896 3441/4075/2887
f 3368/4031/2854 3441/4075/2887 3462/4086/2896
f 3331/3970/2804 3465/4099/2908 3467/4108/2916 3409/5245/2871
f 3468/4101/2910 3469/4106/2914 3467/4108/2916 3465/4099/2908
f 3465/4099/2908 3333/3974/2808 3466/4100/2909
f 3333/3974/2808 3334/3975/2809 3470/5270/3617 3466/4100/2909
f 3470/5270/3617 3234/3888/2726 3233/5145/3562
f 3473/4102/2911 3372/4073/2885 3371/4032/2855 3374/4036/2858
f 3234/3888/2726 3470/5270/3617 3334/3975/2809
f 3372/4073/2885 3485/4112/2920 3440/4074/2886
f 3473/4102/2911 3374/4036/2858 3413/4054/2873
f 3471/4104/2913 3474/4053/2872 3469/4105/2914
f 3409/5245/2871 3467/4108/2916 3475/4107/2915 3474/5271/2872
f 3469/4105/2914 3474/4053/2872 3475/5272/2915
f 3476/4109/2917 3439/4072/2884 3438/4069/2881 3480/4113/2921
f 3479/4147/2947 3526/4145/2945 3477/5273/2918 3478/5274/2919
f 3476/4109/2917 3480/4113/2921 3478/4111/2919
f 3481/5275/2944 3525/5276/2943 3479/5277/2947 3482/5278/3618
f 3482/5278/3618 3479/5277/2947 3478/4111/2919 3484/5279/3619
f 3483/5280/3620 3524/5281/2941 3481/5275/2944 3482/5278/3618
f 3484/5279/3619 3478/4111/2919 3480/4113/2921 3485/4112/2920
f 3487/3920/2756 3267/4134/2936 3488/5282/3621 3489/4116/2924
f 3266/3915/2751 3324/5047/3520 3486/4114/2922
f 3324/5047/3520 3322/3961/2795 3486/4114/2922
f 3381/3958/2792 3383/4038/2860 3486/4114/2922
f 3381/3958/2792 3486/4114/2922 3322/3961/2795
f 3487/3920/2756 3490/4115/2923 3270/3919/2755
f 3494/5173/3575 3099/3981/2815 3338/3977/2811 3495/4125/2930
f 3491/3922/2758 3323/3959/2793 3076/3759/2613
f 3490/4115/2923 3492/4117/2925 3491/3922/2758
f 3492/4117/2925 3490/4115/2923 3393/4118/2835
f 3489/4116/2924 3488/5282/3621 3493/4014/2841
f 3493/4014/2841 3518/5283/2939 3461/5284/3615
f 3497/4121/2927 3496/3987/2821 3494/5173/3575 3495/4125/2930
f 3496/3987/2821 3497/4121/2927 3346/3985/2819
f 3281/3929/2765 3278/3927/2763 3498/5255/3611 3499/5285/3622
f 3497/4121/2927 3495/4125/2930 3378/4122/2829
f 3498/5255/3611 3448/4082/2893 3450/5257/3612 3500/5286/3623
f 3292/3934/2770 3281/3929/2765 3499/5285/3622 3502/5287/3624
f 3499/5285/3622 3498/5255/3611 3500/5286/3623 3501/5288/3625
f 3502/5287/3624 3499/5285/3622 3501/5288/3625 3504/5289/3626
f 3293/3948/2782 3292/3934/2770 3502/5287/3624 3503/5290/3627
f 3503/5290/3627 3502/5287/3624 3504/5289/3626 3505/4146/2946
f 3506/4127/2931 3439/4126/2884 3477/5273/2918 3526/4145/2945
f 3501/5288/3625 3507/5291/3628 3506/4127/2931 3504/5289/3626
f 3506/4127/2931 3505/4146/2946 3504/5289/3626
f 3507/5291/3628 3434/5292/2882 3437/4128/2883 3506/4127/2931
f 3508/5262/3614 3433/5261/3609 3434/5292/2882 3507/5291/3628
f 3450/5257/3612 3451/5258/3613 3508/5262/3614 3500/5286/3623
f 3508/5262/3614 3507/5291/3628 3501/5288/3625 3500/5286/3623
f 3154/5180/3581 3385/5231/3605 3509/4129/2932 3294/3935/2771
f 3510/5222/3603 3509/4129/2932 3385/5231/3605 3387/5221/3602
f 3509/4129/2932 3510/5222/3603 3513/4130/2933
f 3297/3941/2776 3511/4132/2934 3512/3980/2814 3298/3942/2777
f 3511/4132/2934 3297/3941/2776 3296/5183/2774
f 3514/5293/3629 3299/5181/3582 3087/5055/3527 3337/5057/3529
f 3419/3978/2812 3511/4132/2934 3420/4059/2875
f 3296/5183/2774 3513/4131/2933 3511/4132/2934
f 3515/5294/3630 3302/5184/3584 3299/5181/3582 3514/5293/3629
f 3519/4140/2940 3514/5293/3629 3337/5057/3529 3325/3964/2798
f 3516/4137/2938 3515/5294/3630 3514/5293/3629 3519/4140/2940
f 3517/4136/2935 3308/5190/2937 3302/5184/3584 3515/5294/3630
f 3518/5283/2939 3493/4014/2841 3488/5282/3621 3517/4133/2935
f 3515/5294/3630 3516/4137/2938 3517/4136/2935
f 3517/4133/2935 3488/5282/3621 3267/4134/2936
f 3460/5295/2906 3461/5284/3615 3518/5283/2939 3516/5296/2938
f 3519/4140/2940 3459/4139/2907 3460/5297/2906 3516/4137/2938
f 3293/3948/2782 3503/5290/3627 3520/5298/3631 3309/5192/3587
f 3521/4142/2942 3520/5298/3631 3503/5290/3627 3505/4146/2946
f 3522/5299/3632 3316/5194/3589 3309/5192/3587 3520/5298/3631
f 3523/5300/3633 3522/5299/3632 3520/5298/3631 3521/4142/2942
f 3505/4146/2946 3526/4145/2945 3525/4143/2943 3521/4142/2942
f 3524/4141/2941 3523/5300/3633 3521/4142/2942
f 3634/5301/3634 3628/4154/2954 3527/4150/2950 3624/4149/2949
f 3621/5302/2988 3624/4149/2949 3607/5303/3032
f 3621/5302/2988 3623/5304/3635 3624/4149/2949
f 3624/4149/2949 3633/5305/3636 3634/5301/3634
f 3531/4157/2957 3608/4245/2995 3607/5303/3032 3533/4155/2955
f 3529/4148/2948 3607/5303/3032 3624/4149/2949
f 3636/4153/2953 3611/4311/3093 3529/4148/2948
f 3608/4245/2995 3531/4157/2957 3530/4243/3035
f 3537/5306/3637 3530/4243/3035 3531/4157/2957 3532/4156/2956
f 3784/4160/2960 3783/5307/3638 3537/5306/3637 3532/4156/2956
f 3534/4312/3094 3533/4155/2955 3607/5303/3032
f 3534/4312/3094 3535/4158/2958 3533/4155/2955
f 3532/4156/2956 3533/4155/2955 3536/4159/2959
f 3541/5308/3639 3539/5309/3640 3540/4335/3114 3543/5310/3641
f 3538/4162/2962 3540/4335/3114 3539/5309/3640
f 3640/5311/3015 3538/4162/2962 3539/5309/3640
f 3640/5311/3015 3539/5309/3640 3541/5308/3639
f 3542/5312/3642 3640/5311/3015 3541/5308/3639 3544/5313/3643
f 3544/5313/3643 3541/5308/3639 3543/5310/3641 3545/5314/3644
f 3546/5315/3645 3544/5313/3643 3545/5314/3644 3799/5316/3646
f 3547/5317/3647 3542/5312/3642 3544/5313/3643 3546/5315/3645
f 3548/5318/3648 3547/5317/3647 3546/5315/3645 3800/5319/3649
f 3548/5318/3648 3798/5320/3650 3550/5321/3651 3551/5322/3652
f 3549/4290/3072 3551/5322/3652 3550/5321/3651
f 3547/5317/3647 3548/5318/3648 3551/5322/3652 3552/5323/3653
f 3551/5322/3652 3549/4290/3072 3694/5324/3654 3552/5323/3653
f 3542/5312/3642 3547/5317/3647 3552/5323/3653 3554/4165/2965
f 3552/5323/3653 3694/5324/3654 3553/4166/2966 3554/4165/2965
f 3640/5311/3015 3542/5312/3642 3554/4165/2965 3555/4164/2964
f 3640/5311/3015 3555/4164/2964 3638/5325/3040
f 3564/4179/2979 3645/4178/2978 3562/4177/2977 3563/4271/3055
f 3556/4318/3097 3804/4168/2968 3557/4171/2971
f 3755/4167/2967 3557/4171/2971 3804/4168/2968
f 3589/4173/2973 3655/5326/3655 3560/4193/2993
f 3732/4174/2974 3589/4173/2973 3560/4193/2993
f 3561/4172/2972 3559/4185/2985 3589/4173/2973
f 3644/4181/2981 3565/4180/2980 3568/4184/2984 3643/4183/2983
f 3645/4178/2978 3564/4179/2979 3644/4181/2981
f 3566/4362/3140 3567/4182/2982 3568/4184/2984
f 3622/4189/2989 3607/5327/3032 3569/4187/2987
f 3567/4182/2982 3609/4230/3003 3643/4183/2983
f 3650/5328/3004 3561/4172/2972 3557/4171/2971
f 3561/4172/2972 3650/5328/3004 3652/4186/2986
f 3557/4171/2971 3646/4170/2970 3650/5328/3004
f 3650/5328/3004 3651/5329/3656 3652/4186/2986
f 3570/4190/2990 3571/4192/2992 3572/5330/2994
f 3610/5331/3024 3642/4191/2991 3569/4187/2987
f 3569/4187/2987 3642/4191/2991 3570/4190/2990
f 3621/4188/2988 3570/4190/2990 3572/5330/2994 3623/5332/3635
f 3623/5333/3635 3572/5334/2994 3560/5335/2993 3624/5336/2949
f 3581/4202/3000 3576/4286/3068 3578/5337/3657 3579/4203/3001
f 3626/4200/2999 3573/4242/3034 3574/4199/2998
f 3577/4205/3002 3643/4204/2983 3574/4199/2998
f 3573/4242/3034 3577/4205/3002 3574/4199/2998
f 3625/4241/3033 3576/4286/3068 3577/4205/3002
f 3576/4286/3068 3581/4202/3000 3577/4205/3002
f 3580/4176/2976 3645/4178/2978 3579/5338/3001
f 3581/4202/3000 3644/4201/2981 3643/4204/2983
f 3578/5337/3657 3580/5339/2976 3579/4203/3001
f 3636/5340/2953 3582/5341/2952 3649/5342/3005 3583/5343/3658
f 3632/4209/3006 3649/4208/3005 3582/5344/2952
f 3585/5345/3659 3648/5346/3113 3584/5347/3660 3586/5348/3661
f 3649/5342/3005 3647/5349/3662 3583/5343/3658
f 3647/5349/3662 3585/5345/3659 3586/5348/3661 3583/5343/3658
f 3586/5348/3661 3584/5347/3660 3613/5350/3663 3612/5351/3664
f 3583/5343/3658 3586/5348/3661 3612/5351/3664 3636/5340/2953
f 3652/4212/2986 3651/5352/3656 3528/4250/2951 3631/4210/3007
f 3632/4209/3006 3528/4250/2951 3651/5352/3656
f 3588/4214/3010 3590/4256/3043 3653/4255/3042 3587/4211/3008
f 3588/4214/3010 3635/4213/3009 3634/5353/3634 3589/5354/2973
f 3652/4212/2986 3587/4211/3008 3653/4255/3042
f 3651/5352/3656 3650/4207/3004 3632/4209/3006
f 3589/5354/2973 3634/5353/3634 3633/5355/3636 3655/5356/3655
f 3655/5356/3655 3633/5355/3636 3624/5336/2949 3560/5335/2993
f 3591/4284/2961 3592/4216/2963 3594/4227/3022 3595/4228/3023
f 3590/4256/3043 3588/4214/3010 3589/5354/2973
f 3598/4222/3017 3596/4219/3014 3638/4253/3040 3597/4252/3039
f 3603/4215/3011 3594/4227/3022 3592/4216/2963
f 3593/4217/3012 3600/4218/3013 3603/4215/3011
f 3596/4219/3014 3599/4221/3016 3602/4294/3076 3600/4218/3013
f 3600/4218/3013 3602/4294/3076 3601/4223/3018
f 3600/4218/3013 3601/4223/3018 3603/4215/3011
f 3610/5357/3024 3607/4268/3032 3609/4206/3003
f 3620/4236/3030 3611/4311/3093 3612/5358/3664 3617/4232/3026
f 3617/4232/3026 3612/5358/3664 3614/5359/3665 3615/4233/3027
f 3613/5360/3663 3614/5359/3665 3612/5358/3664
f 3618/4237/3031 3620/4236/3030 3617/4232/3026
f 3628/4247/2954 3629/4246/3036 3631/4210/3007
f 3635/5361/3009 3628/4154/2954 3634/5301/3634
f 3630/4248/3037 3628/4247/2954 3635/4213/3009
f 3587/4211/3008 3629/4246/3036 3635/4213/3009
f 3638/4253/3040 3637/5362/3666 3639/5363/3085
f 3611/4311/3093 3636/4153/2953 3612/5358/3664
f 3637/5364/3666 3638/5325/3040 3555/4164/2964
f 3638/4253/3040 3639/5363/3085 3641/4251/3038
f 3640/5311/3015 3592/4163/2963 3538/4162/2962
f 3732/4174/2974 3560/4193/2993 3571/4195/2992
f 3571/4195/2992 3642/5365/2991 3610/4229/3024
f 3579/5338/3001 3645/4178/2978 3644/4181/2981
f 3647/5366/3662 3646/4170/2970 3585/5367/3659
f 3650/5328/3004 3646/4170/2970 3647/5366/3662
f 3649/5368/3005 3650/5328/3004 3647/5366/3662
f 3653/4258/3042 3559/4185/2985 3652/4186/2986
f 3559/4185/2985 3653/4258/3042 3589/4173/2973
f 3654/4257/3041 3590/5369/3043 3589/4173/2973
f 3656/5370/3667 3657/5371/3668 3661/4262/3047 3658/5372/3669
f 3678/5373/3670 3656/5374/3667 3658/5375/3669 3659/5376/3671
f 3661/4262/3047 3657/5371/3668 3660/4259/3044 3666/4261/3046
f 3659/5377/3671 3658/5372/3669 3664/4265/3050 3662/5378/3672
f 3741/5379/3673 3659/5376/3671 3662/5380/3672 3663/5381/3674
f 3664/4265/3050 3658/5372/3669 3661/4262/3047 3667/4263/3048
f 3605/4225/3020 3666/4261/3046 3665/4260/3045 3606/4226/3021
f 3604/4224/3019 3667/4263/3048 3666/4261/3046 3605/4225/3020
f 3667/4263/3048 3604/4224/3019 3601/4223/3018 3668/4264/3049
f 3664/4265/3050 3668/4264/3049 3670/4267/3052 3662/5378/3672
f 3669/4266/3051 3674/5382/3675 3670/4267/3052
f 3673/5383/3676 3671/4306/3088 3672/5384/3677 3744/5385/3678
f 3662/5378/3672 3670/4267/3052 3674/5382/3675 3663/5386/3674
f 3674/5387/3675 3673/5388/3676 3742/5389/3679 3663/5381/3674
f 3674/5382/3675 3669/4266/3051 3671/4306/3088 3673/5383/3676
f 3607/4268/3032 3608/4196/2995 3575/4198/2997
f 3610/5331/3024 3569/4187/2987 3607/5327/3032
f 3562/4177/2977 3580/4176/2976 3692/4269/3053
f 3675/4270/3054 3692/4269/3053 3693/4273/3057
f 3676/4272/3056 3693/4273/3057 3691/5390/3680
f 3657/5391/3668 3656/5392/3667 3677/4275/3059 3691/5390/3680
f 3676/4272/3056 3691/5390/3680 3677/4275/3059 3684/4274/3058
f 3677/5393/3059 3656/5374/3667 3678/5373/3670 3679/5394/3060
f 3679/5394/3060 3678/5373/3670 3680/4279/3063 3683/4278/3062
f 3682/4277/3061 3681/4320/3099 3904/5395/3064 3683/4278/3062
f 3690/4287/3069 3578/5337/3657 3576/4286/3068
f 3685/4282/3065 3675/4270/3054 3684/4274/3058
f 3690/4287/3069 3580/5339/2976 3578/5337/3657
f 3687/4285/3067 3691/5396/3680 3693/5397/3057 3688/5398/3681
f 3690/4287/3069 3686/4283/3066 3687/4285/3067
f 3606/4226/3021 3691/5396/3680 3687/4285/3067
f 3580/5339/2976 3688/5398/3681 3692/5399/3053
f 3688/5398/3681 3693/5397/3057 3692/5399/3053
f 3688/5398/3681 3580/5339/2976 3690/4287/3069
f 3688/5398/3681 3690/4287/3069 3687/4285/3067
f 3686/5400/3066 3690/5401/3069 3689/5402/3682
f 3691/5396/3680 3660/4259/3044 3657/5371/3668
f 3691/5396/3680 3665/4260/3045 3660/4259/3044
f 3691/5396/3680 3606/4226/3021 3665/4260/3045
f 3696/4304/3086 3709/4301/3083 3637/5364/3666 3555/4164/2964
f 3553/4166/2966 3696/4304/3086 3555/4164/2964
f 3697/5403/3683 3695/4293/3075 3553/4166/2966 3694/5324/3654
f 3696/4304/3086 3553/4166/2966 3695/4293/3075
f 3694/5324/3654 3549/4290/3072 3699/4289/3071 3697/5403/3683
f 3700/5404/3684 3701/5405/3685 3699/4289/3071 3698/4288/3070
f 3550/5321/3651 3698/4288/3070 3549/4290/3072
f 3697/5403/3683 3699/4289/3071 3701/5405/3685 3702/5406/3686
f 3695/4293/3075 3697/5403/3683 3702/5406/3686 3703/4291/3073
f 3695/4293/3075 3704/4292/3074 3696/4304/3086
f 3705/4295/3077 3717/4310/3092 3668/4264/3049 3601/4223/3018
f 3706/4296/3078 3599/4221/3016 3597/4252/3039 3708/4300/3082
f 3598/4222/3017 3597/4252/3039 3599/4221/3016
f 3641/4251/3038 3708/4300/3082 3597/4252/3039
f 3708/4300/3082 3712/4298/3080 3706/4296/3078
f 3710/5407/3084 3708/4300/3082 3707/4299/3081 3639/5363/3085
f 3639/5363/3085 3707/4299/3081 3641/4251/3038
f 3710/5407/3084 3704/5408/3074 3711/4297/3079
f 3639/5363/3085 3637/5362/3666 3709/5409/3083
f 3709/4301/3083 3696/4304/3086 3710/4302/3084
f 3712/4298/3080 3710/5407/3084 3711/4297/3079
f 3710/5407/3084 3712/4298/3080 3708/4300/3082
f 3714/5410/3687 3672/5384/3677 3671/4306/3088 3716/4305/3087
f 3713/5411/3089 3743/5412/3688 3672/5384/3677 3714/5410/3687
f 3718/5413/3689 3717/4310/3092 3719/5414/3690 3723/5415/3691
f 3669/4266/3051 3717/4310/3092 3716/4305/3087
f 3713/5411/3089 3714/5410/3687 3715/5416/3090
f 3717/4310/3092 3705/4295/3077 3706/4296/3078
f 3716/4305/3087 3717/4310/3092 3718/5413/3689 3714/5410/3687
f 3722/5417/3692 3720/5418/3693 3721/5419/3694 3770/5420/3124
f 3714/5410/3687 3718/5413/3689 3723/5415/3691 3715/5416/3090
f 3723/5415/3691 3719/5414/3690 3720/5418/3693 3722/5417/3692
f 3715/5416/3090 3723/5415/3691 3722/5417/3692 3769/5421/3122
f 3534/4312/3094 3619/4235/3029 3536/4159/2959 3535/4158/2958
f 3725/5422/3695 3946/5423/3696 3724/4315/3096 3726/4314/3095
f 3607/5303/3032 3529/4148/2948 3534/4312/3094
f 3619/4235/3029 3534/4312/3094 3620/4236/3030
f 3947/5424/3697 3725/5422/3695 3726/4314/3095 3727/5425/3698
f 3627/4244/2996 3530/4243/3035 3537/5306/3637 3728/5426/3699
f 3625/4313/3033 3762/4339/3117 3690/5427/3069
f 3726/4314/3095 3626/4317/2999 3727/5425/3698
f 3625/4313/3033 3573/4316/3034 3726/4314/3095
f 3626/4317/2999 3627/4244/2996 3728/5426/3699 3727/5425/3698
f 3728/5426/3699 3537/5306/3637 3783/5307/3638 3729/5428/3700
f 3727/5425/3698 3728/5426/3699 3729/5428/3700 3947/5424/3697
f 3567/4182/2982 3566/4362/3140 3734/5429/3701 3733/4231/3025
f 3556/4318/3097 3731/4175/2975 3730/4319/3098
f 3556/4318/3097 3557/4171/2971 3731/4175/2975
f 3731/4175/2975 3561/4172/2972 3732/4174/2974
f 3733/4231/3025 3609/4230/3003 3567/4182/2982
f 3733/4231/3025 3734/5429/3701 3730/4319/3098 3731/4175/2975
f 3735/4321/3100 3681/4320/3099 3682/4277/3061 3737/5430/3702
f 3737/5430/3702 3682/4277/3061 3680/4279/3063 3741/5379/3673
f 3738/4323/3102 3736/4322/3101 3735/4321/3100 3740/5431/3703
f 3740/5431/3703 3735/4321/3100 3737/5430/3702 3742/5389/3679
f 3680/4279/3063 3678/5373/3670 3659/5376/3671 3741/5379/3673
f 3737/5430/3702 3741/5379/3673 3663/5381/3674 3742/5389/3679
f 3673/5388/3676 3744/5432/3678 3740/5431/3703 3742/5389/3679
f 3744/5432/3678 3672/5433/3677 3743/5434/3688 3745/5435/3704
f 3740/5431/3703 3744/5432/3678 3745/5435/3704 3738/4323/3102
f 3745/5435/3704 3743/5434/3688 3746/4327/3106 3749/4325/3104
f 3748/4326/3105 3749/4325/3104 3747/4328/3107 3766/4342/3120
f 3738/4323/3102 3745/5435/3704 3749/4325/3104 3739/4324/3103
f 3751/4331/3110 3613/5350/3663 3584/5347/3660 3752/4329/3108
f 3755/4167/2967 3558/4169/2969 3964/4494/3253 3754/4332/3111
f 3752/4329/3108 3584/5347/3660 3648/5346/3113
f 3648/5346/3113 3753/5436/3112 3752/4329/3108
f 3754/5437/3111 3964/5438/3253 3753/5439/3112
f 3585/5367/3659 3754/4332/3111 3648/4334/3113
f 3646/4170/2970 3754/4332/3111 3585/5367/3659
f 3756/4497/3254 3545/5314/3644 3543/5310/3641 3757/5440/3705
f 3757/5440/3705 3543/5310/3641 3540/4335/3114 3758/4336/3115
f 3759/4498/3255 3756/4497/3254 3757/5440/3705 3760/5441/3706
f 3760/5441/3706 3757/5440/3705 3758/4336/3115 3761/4338/3116
f 3686/4337/3066 3758/4336/3115 3538/4162/2962 3591/4161/2961
f 3761/4338/3116 3686/4337/3066 3689/5442/3682
f 3689/5442/3682 3690/5443/3069 3762/5444/3117 3761/4338/3116
f 3761/4338/3116 3762/5444/3117 3763/5445/3707 3760/5441/3706
f 3724/4315/3096 3763/5446/3707 3762/4339/3117
f 3763/5446/3707 3724/4315/3096 3946/5423/3696 3764/5447/3708
f 3760/5441/3706 3763/5445/3707 3764/5448/3708 3759/4498/3255
f 3767/4340/3118 3747/4328/3107 3746/4327/3106 3768/4309/3091
f 3766/4342/3120 3747/4328/3107 3765/4341/3119
f 3768/4309/3091 3746/4327/3106 3743/5434/3688 3713/4307/3089
f 3765/4341/3119 3767/4340/3118 3771/4345/3123
f 3769/4344/3122 3767/4340/3118 3768/4309/3091 3715/4308/3090
f 3769/4344/3122 3722/5449/3692 3770/4346/3124 3771/4345/3123
f 3775/4343/3121 3765/4341/3119 3773/5450/3709 3774/5451/3710
f 3765/4341/3119 3771/4345/3123 3772/4347/3125 3773/5450/3709
f 3850/4352/3130 3849/5452/3207 3782/5453/3711 3786/5454/3712
f 3850/4352/3130 3779/4348/3126 3817/4350/3128
f 3837/4353/3131 3777/4349/3127 3866/4421/3165
f 3866/4421/3165 3777/4349/3127 3779/4348/3126
f 3776/4351/3129 3780/4412/3186 3869/4426/3195
f 3776/4351/3129 3869/4426/3195 3779/4348/3126
f 3781/5455/3713 3782/5453/3711 3849/5452/3207
f 3784/4160/2960 3782/5453/3711 3781/5455/3713 3783/5307/3638
f 3785/4355/3133 3786/5454/3712 3782/5453/3711 3784/4160/2960
f 3789/4466/3225 3874/4356/3134 3788/4358/3136 3792/5456/3714
f 3786/5454/3712 3776/4351/3129 3850/4352/3130
f 3785/4355/3133 3776/4351/3129 3786/5454/3712
f 3788/4358/3136 3787/4357/3135 3790/5457/3715 3794/5458/3716
f 3791/5459/3177 3790/5457/3715 3787/4357/3135
f 3793/5460/3717 3789/4466/3225 3792/5456/3714 3800/5319/3649
f 3792/5456/3714 3788/4358/3136 3794/5458/3716 3798/5320/3650
f 3872/5461/3718 3921/4469/3228 3847/5462/3184
f 3795/5463/3719 3847/5462/3184 3921/4469/3228 3796/4471/3230
f 3790/5457/3715 3791/5459/3177 3795/5463/3719 3796/4471/3230
f 3847/5462/3184 3795/5463/3719 3791/5459/3177
f 3794/5458/3716 3790/5457/3715 3796/4471/3230 3797/5464/3720
f 3797/5464/3720 3927/5465/3721 3698/4288/3070 3550/5321/3651
f 3797/5464/3720 3550/5321/3651 3798/5320/3650 3794/5458/3716
f 3799/5316/3646 3793/5460/3717 3800/5319/3649 3546/5315/3645
f 3800/5319/3649 3792/5456/3714 3798/5320/3650 3548/5318/3648
f 3802/4361/3139 3558/4169/2969 3804/4168/2968 3803/4359/3137
f 3811/5466/3722 3809/4365/3143 3807/5467/3159 3808/5468/3723
f 3801/4360/3138 3805/5469/3724 3816/4433/3200
f 3803/4359/3137 3952/5470/3725 3801/4360/3138
f 3876/5471/3149 3806/4434/3172 3805/5469/3724
f 3806/4434/3172 3816/4433/3200 3805/5469/3724
f 3876/4371/3149 3884/4397/3173 3806/4396/3172
f 3810/4447/3160 3807/5467/3159 3809/4365/3143
f 3814/4364/3142 3815/4363/3141 3812/4429/3157 3813/4428/3197
f 3815/4363/3141 3811/5466/3722 3808/5468/3723 3812/4429/3157
f 3811/5466/3722 3815/4363/3141 3568/4184/2984 3565/4180/2980
f 3566/4362/3140 3568/4184/2984 3815/4363/3141
f 3809/4365/3143 3811/5466/3722 3565/4180/2980 3564/4179/2979
f 3809/4365/3143 3563/4271/3055 3810/4447/3160
f 3851/4373/3151 3849/5472/3207 3817/5473/3128 3823/4374/3152
f 3801/4360/3138 3816/4433/3200 3832/4367/3145
f 3832/4367/3145 3802/4361/3139 3801/4360/3138
f 3821/5474/3726 3823/4374/3152 3817/5473/3128 3818/5475/3727
f 3820/5476/3148 3821/5474/3726 3818/5475/3727 3857/5477/3146
f 3857/4368/3146 3778/4398/3132 3819/4369/3147
f 3821/5474/3726 3820/5476/3148 3877/5478/3728 3875/5479/3729
f 3876/4371/3149 3877/5480/3728 3820/4370/3148
f 3823/4374/3152 3821/5474/3726 3875/5479/3729 3822/4372/3150
f 3824/4380/3154 3848/4442/3153 3852/4378/3156
f 3824/5481/3154 3861/4415/3161 3859/5482/3190
f 3824/4380/3154 3812/4379/3157 3825/4385/3162
f 3812/4379/3157 3808/5483/3723 3825/4385/3162
f 3827/5484/3730 3808/5483/3723 3826/4381/3158 3862/4420/3189
f 3826/4381/3158 3808/5483/3723 3807/4382/3159
f 3827/5484/3730 3825/4385/3162 3808/5483/3723
f 3879/5485/3198 3865/5486/3191 3870/5487/3731 3880/5488/3144
f 3862/4420/3189 3825/4385/3162 3827/5484/3730
f 3880/4386/3144 3870/5489/3731 3869/5490/3195 3831/4387/3163
f 3831/4387/3163 3869/5490/3195 3871/5491/3194 3829/5492/3732
f 3829/5492/3732 3871/5491/3194 3856/5493/3733 3828/4493/3252
f 3828/4493/3252 3963/4492/3251 3878/5494/3734 3829/5492/3732
f 3829/5492/3732 3878/5494/3734 3830/4388/3164 3831/4387/3163
f 3832/5495/3145 3866/4389/3165 3865/5486/3191 3879/5485/3198
f 3806/4396/3172 3884/4397/3173 3837/4399/3131 3836/5496/3193
f 3866/4389/3165 3832/5495/3145 3881/4390/3166
f 3882/4393/3169 3864/4395/3171 3881/4390/3166
f 3864/4395/3171 3835/4392/3168 3834/5497/3735
f 3834/5497/3735 3835/4392/3168 3836/5496/3193
f 3835/4392/3168 3806/4396/3172 3836/5496/3193
f 3819/4369/3147 3837/4399/3131 3884/4397/3173
f 3839/4402/3176 3787/5498/3135 3874/5499/3134 3838/4400/3174
f 3844/4406/3180 3840/4401/3175 3838/4400/3174 3841/4404/3178
f 3787/5498/3135 3839/4402/3176 3791/4403/3177
f 3846/4407/3181 3845/4408/3182 3847/4410/3184
f 3844/4406/3180 3842/4405/3179 3843/4409/3183
f 3843/4409/3183 3846/4407/3181 3844/4406/3180
f 3840/4401/3175 3846/4407/3181 3791/4403/3177
f 3852/5500/3156 3899/4446/3206 3851/5501/3151
f 3876/5471/3149 3805/5469/3724 3851/5502/3151
f 3851/5502/3151 3951/4487/3246 3813/4428/3197
f 3813/4428/3197 3852/4430/3156 3851/5502/3151
f 3616/5503/3736 3750/4330/3109 3853/5504/3737 3854/5505/3738
f 3945/4413/3187 3618/4237/3031 3780/4412/3186
f 3780/4412/3186 3855/4411/3185 3871/4425/3194
f 3618/4237/3031 3617/4232/3026 3855/4411/3185
f 3617/4232/3026 3616/4234/3028 3855/4411/3185
f 3855/4411/3185 3856/5506/3733 3871/4425/3194
f 3818/5507/3727 3817/4350/3128 3857/5508/3146
f 3817/4350/3128 3777/4349/3127 3857/5508/3146
f 3777/4349/3127 3778/4354/3132 3857/5508/3146
f 3817/4350/3128 3849/5452/3207 3850/4352/3130
f 3859/5482/3190 3861/4415/3161 3858/4414/3188 3949/5509/3739
f 3860/5510/3155 3948/5511/3740 3781/5455/3713
f 3781/5455/3713 3849/5452/3207 3860/5510/3155
f 3849/5512/3207 3848/4442/3153 3860/5513/3155
f 3864/5514/3171 3863/4423/3192 3837/4353/3131 3866/4421/3165
f 3867/5515/3167 3864/5514/3171 3866/4421/3165
f 3863/4423/3192 3864/5514/3171 3868/5516/3741 3834/5517/3735
f 3863/4423/3192 3834/5517/3735 3836/4424/3193
f 3865/4422/3191 3779/4348/3126 3870/5518/3731
f 3779/4348/3126 3869/4426/3195 3870/5518/3731
f 3873/5519/3196 3872/5461/3718 3847/5462/3184
f 3876/5471/3149 3875/5520/3729 3877/5521/3728
f 3876/5471/3149 3851/5502/3151 3875/5520/3729
f 3875/5520/3729 3851/5502/3151 3822/5522/3150
f 3802/4361/3139 3880/4366/3144 3830/4495/3164
f 3882/4393/3169 3881/4390/3166 3832/5495/3145 3816/5523/3200
f 3806/4396/3172 3833/4394/3170 3883/4432/3199
f 3887/5524/3742 3888/4458/3218 3885/4457/3217 3886/5525/3743
f 3893/4437/3201 3887/5524/3742 3886/5525/3743 3889/5526/3744
f 3894/4439/3203 3890/5527/3745 3887/5524/3742 3893/4437/3201
f 3888/4458/3218 3887/5524/3742 3890/5527/3745
f 3894/4439/3203 3938/4438/3202 3896/4441/3205 3895/4440/3204
f 3891/5528/3746 3892/5529/3747 3893/4437/3201
f 3889/5526/3744 3891/5528/3746 3893/4437/3201
f 3890/5527/3745 3894/4439/3203 3895/4440/3204 3897/5530/3748
f 3897/5530/3748 3895/4440/3204 3843/4409/3183 3842/4405/3179
f 3899/4443/3206 3848/4442/3153 3849/5512/3207
f 3849/5531/3207 3851/5532/3151 3898/5533/3208
f 3899/4446/3206 3898/4445/3208 3851/5501/3151
f 3900/4448/3209 3810/4447/3160 3563/4271/3055 3685/4282/3065
f 3914/4452/3212 3912/4463/3210 3900/4450/3209
f 3903/5534/3749 3681/4320/3099 3736/4322/3101 3953/5535/3750
f 3900/4448/3209 3902/4453/3213 3901/5536/3211
f 3685/4282/3065 3684/4274/3058 3902/4453/3213
f 3905/5537/3214 3904/5395/3064 3903/5534/3749 3906/5538/3751
f 3681/4320/3099 3903/5534/3749 3904/5395/3064
f 3905/5537/3214 3906/5538/3751 3907/5539/3752 3908/5540/3215
f 3907/5539/3752 3961/5541/3753 3886/5542/3743 3885/5543/3217
f 3908/4455/3215 3907/5544/3752 3885/4457/3217 3915/4456/3216
f 3902/5545/3213 3905/5537/3214 3908/5540/3215 3901/5546/3211
f 3914/4452/3212 3901/4451/3211 3915/4456/3216
f 3911/4461/3221 3909/4459/3219 3826/4381/3158 3810/4383/3160
f 3862/4420/3189 3826/4381/3158 3920/4460/3220
f 3919/5547/3754 3920/4460/3220 3909/4459/3219 3910/4462/3222
f 3911/4461/3221 3810/4383/3160 3912/4463/3210
f 3911/4461/3221 3913/4464/3223 3910/4462/3222
f 3914/4452/3212 3913/4464/3223 3912/4463/3210
f 3842/4405/3179 3841/4404/3178 3916/5548/3755 3915/4456/3216
f 3914/4452/3212 3915/4456/3216 3916/5548/3755 3913/4464/3223
f 3917/5549/3756 3916/5548/3755 3841/4404/3178 3838/4400/3174
f 3913/4464/3223 3916/5548/3755 3917/5549/3756 3910/4462/3222
f 3918/5550/3224 3917/5549/3756 3838/4400/3174 3874/5499/3134
f 3910/4462/3222 3917/5549/3756 3918/5550/3224 3919/5547/3754
f 3915/4456/3216 3888/4458/3218 3890/5527/3745
f 3915/4456/3216 3890/5527/3745 3897/5530/3748
f 3897/5530/3748 3842/4405/3179 3915/4456/3216
f 3872/5461/3718 3922/4467/3226 3921/4469/3228
f 3700/5404/3684 3698/4288/3070 3927/5465/3721 3926/5551/3757
f 3921/4469/3228 3923/4468/3227 3925/4470/3229
f 3922/5552/3226 3929/4477/3236 3923/5553/3227
f 3925/4470/3229 3924/4472/3231 3926/5551/3757 3927/5465/3721
f 3796/4471/3230 3925/4470/3229 3927/5465/3721 3797/5464/3720
f 3845/4408/3182 3928/4473/3232 3932/4475/3234
f 3928/4473/3232 3843/4409/3183 3896/4441/3205
f 3929/4477/3236 3873/4427/3196 3931/4474/3233 3930/4476/3235
f 3932/4475/3234 3931/4474/3233 3873/4427/3196
f 3933/5554/3237 3922/4467/3226 3872/5461/3718 3873/5519/3196
f 3929/4477/3236 3922/5552/3226 3933/4478/3237
f 3934/4508/3240 3935/5555/3239 3892/5556/3747 3959/4488/3247
f 3893/4437/3201 3892/5529/3747 3935/4480/3239 3938/4438/3202
f 3936/5557/3758 3937/5558/3238 3934/4508/3240 3976/4507/3264
f 3937/4479/3238 3936/5559/3758 3942/5560/3759 3943/5561/3760
f 3937/4479/3238 3938/4438/3202 3935/4480/3239
f 3939/5562/3241 3976/4507/3264 3940/5563/3242
f 3939/5562/3241 3942/5564/3759 3936/5557/3758 3976/4507/3264
f 3942/5560/3759 3939/4482/3241 3941/4484/3243 3943/5561/3760
f 3938/4438/3202 3937/4479/3238 3943/5561/3760 3944/4485/3244
f 3896/4441/3205 3944/4485/3244 3930/4476/3235 3928/4473/3232
f 3929/4477/3236 3930/4476/3235 3944/4485/3244
f 3945/4413/3187 3785/4355/3133 3536/4159/2959 3619/4235/3029
f 3950/4486/3245 3946/5423/3696 3725/5422/3695 3858/4414/3188
f 3785/4355/3133 3945/4413/3187 3776/4351/3129
f 3780/4412/3186 3776/4351/3129 3945/4413/3187
f 3858/4414/3188 3725/5422/3695 3947/5424/3697 3949/5509/3739
f 3949/5509/3739 3947/5424/3697 3729/5428/3700 3948/5511/3740
f 3948/5511/3740 3729/5428/3700 3783/5307/3638 3781/5455/3713
f 3948/5511/3740 3860/5510/3155 3859/5482/3190 3949/5509/3739
f 3950/4486/3245 3862/4416/3189 3920/5565/3220 3967/5566/3259
f 3803/4359/3137 3804/4168/2968 3730/4319/3098 3952/5470/3725
f 3814/4364/3142 3951/4487/3246 3734/5429/3701 3566/4362/3140
f 3951/4487/3246 3952/5470/3725 3730/4319/3098 3734/5429/3701
f 3951/4487/3246 3851/5502/3151 3805/5469/3724 3952/5470/3725
f 3953/5535/3750 3736/4322/3101 3739/4324/3103 3954/5567/3761
f 3952/5470/3725 3805/5469/3724 3801/4360/3138
f 3906/5538/3751 3903/5534/3749 3953/5535/3750 3955/5568/3762
f 3954/5567/3761 3739/4324/3103 3748/4326/3105 3957/5569/3763
f 3955/5568/3762 3953/5535/3750 3954/5567/3761 3956/5570/3764
f 3957/5569/3763 3748/4326/3105 3766/4342/3120 3970/5571/3765
f 3956/5570/3764 3954/5567/3761 3957/5569/3763 3958/4489/3248
f 3958/4489/3248 3957/5569/3763 3970/5571/3765 3971/4490/3249
f 3956/5570/3764 3958/4489/3248 3959/4488/3247 3960/5572/3766
f 3960/5572/3766 3959/4488/3247 3891/5573/3746 3889/5574/3744
f 3892/5556/3747 3891/5573/3746 3959/4488/3247
f 3961/5541/3753 3960/5572/3766 3889/5574/3744 3886/5542/3743
f 3906/5538/3751 3955/5568/3762 3961/5541/3753 3907/5539/3752
f 3956/5570/3764 3960/5572/3766 3961/5541/3753 3955/5568/3762
f 3750/4330/3109 3752/4329/3108 3962/4491/3250 3853/5504/3737
f 3828/4493/3252 3856/5493/3733 3853/5504/3737 3962/4491/3250
f 3753/5436/3112 3962/4491/3250 3752/4329/3108
f 3965/4499/3256 3799/5316/3646 3545/5314/3644 3756/4497/3254
f 3962/4491/3250 3753/5436/3112 3963/4492/3251
f 3830/4495/3164 3558/4169/2969 3802/4361/3139
f 3878/5575/3734 3964/4494/3253 3830/4495/3164
f 3963/4496/3251 3964/4494/3253 3878/5575/3734
f 3969/4503/3260 3793/5460/3717 3799/5316/3646 3965/4499/3256
f 3968/4500/3257 3969/4503/3260 3965/4499/3256 3759/4498/3255
f 3966/4501/3258 3968/4500/3257 3759/4498/3255 3764/5448/3708
f 3966/5576/3258 3764/5447/3708 3946/5423/3696 3950/4486/3245
f 3967/5566/3259 3920/5565/3220 3919/5577/3754 3968/5578/3257
f 3967/5566/3259 3966/5576/3258 3950/4486/3245
f 3969/4503/3260 3968/4500/3257 3919/5579/3754 3918/4465/3224
f 3766/4342/3120 3775/4343/3121 3973/5580/3767 3970/5571/3765
f 3969/4503/3260 3789/4466/3225 3793/5460/3717
f 3975/4505/3262 3971/4490/3249 3970/5571/3765 3973/5580/3767
f 3972/5581/3768 3973/5580/3767 3775/4343/3121 3774/5451/3710
f 3974/4506/3263 3975/4505/3262 3973/5580/3767 3972/5581/3768
f 3977/4504/3261 3940/5563/3242 3976/4507/3264 3975/4505/3262
f 3976/4507/3264 3959/4488/3247 3971/4490/3249
f 3978/5582/3769 3979/5583/3770 3980/5584/3771
f 3979/5583/3770 3984/5585/3772 3980/5584/3771
f 3979/5583/3770 3997/5586/3773 3984/5585/3772
f 3997/5586/3773 3981/5587/3774 3984/5585/3772
f 3982/5588/3775 3983/5589/3776 3981/5590/3774
f 3983/5589/3776 3984/5591/3772 3981/5590/3774
f 3983/5589/3776 3985/5592/3777 3984/5591/3772
f 3985/5592/3777 3980/5593/3771 3984/5591/3772
f 3985/5592/3777 3983/5589/3776 3986/5594/3778
f 3983/5589/3776 3982/5588/3775 3987/5595/3779
f 3983/5589/3776 3987/5595/3779 3986/5594/3778
f 3988/5596/3780 3987/5595/3779 3982/5588/3775
f 3989/5597/3781 3988/5596/3780 3982/5588/3775
f 3990/5598/3782 3986/5594/3778 3987/5595/3779
f 3988/5596/3780 3990/5598/3782 3987/5595/3779
f 3990/5599/3782 3988/5600/3780 3991/5601/3783
f 3988/5600/3780 3992/5602/3784 3991/5601/3783
f 3988/5600/3780 3989/5603/3781 3992/5602/3784
f 3989/5603/3781 3993/5604/3785 3992/5602/3784
f 3994/5605/3786 3992/5606/3784 3993/5607/3785
f 3995/5608/3787 3994/5609/3786 3993/5604/3785
f 3996/5610/3788 3991/5611/3783 3992/5606/3784
f 3994/5605/3786 3996/5610/3788 3992/5606/3784
f 3978/5582/3769 3996/5610/3788 3994/5605/3786
f 3979/5583/3770 3978/5582/3769 3994/5605/3786
f 3995/5612/3787 3997/5586/3773 3994/5605/3786
f 3979/5583/3770 3994/5605/3786 3997/5586/3773
f 3997/5586/3773 3998/5613/3789 3981/5587/3774
f 3998/5614/3789 3999/5615/3790 3981/5616/3774
f 3998/5614/3789 4000/5617/3791 3999/5615/3790
f 4000/5617/3791 4003/5618/3792 3999/5615/3790
f 4002/5619/3793 4001/5620/3794 4003/5621/3792
f 3982/5588/3775 3981/5590/3774 3999/5622/3790
f 4001/5620/3794 3982/5588/3775 3999/5622/3790
f 4001/5620/3794 3999/5622/3790 4003/5621/3792
f 4001/5620/3794 4004/5623/3795 3982/5588/3775
f 4001/5620/3794 4002/5619/3793 4004/5623/3795
f 3989/5597/3781 3982/5588/3775 4004/5623/3795
f 4002/5619/3793 4005/5624/3796 4004/5623/3795
f 4006/5625/3797 3989/5597/3781 4004/5623/3795
f 4006/5625/3797 4004/5623/3795 4005/5624/3796
f 4007/5626/3798 4006/5625/3797 4005/5624/3796
f 3989/5603/3781 4006/5627/3797 3993/5604/3785
f 4006/5627/3797 4007/5628/3798 4008/5629/3799
f 3995/5608/3787 3993/5604/3785 4008/5629/3799
f 4006/5627/3797 4008/5629/3799 3993/5604/3785
f 4007/5628/3798 4009/5630/3800 4008/5629/3799
f 4010/5631/3801 3995/5608/3787 4008/5629/3799
f 4011/5632/3802 4010/5633/3801 4009/5634/3800
f 3995/5612/3787 4010/5633/3801 3997/5586/3773
f 4010/5631/3801 4008/5629/3799 4009/5630/3800
f 4010/5633/3801 4012/5635/3803 3997/5586/3773
f 4010/5633/3801 4011/5632/3802 4012/5635/3803
f 3998/5613/3789 3997/5586/3773 4012/5635/3803
f 3998/5613/3789 4012/5635/3803 4011/5632/3802
f 4000/5636/3791 3998/5613/3789 4011/5632/3802
f 4000/5617/3791 4013/5637/3804 4003/5618/3792
f 4013/5637/3804 4018/5638/3805 4003/5618/3792
f 4013/5637/3804 4014/5639/3806 4018/5638/3805
f 4014/5639/3806 4015/5640/3807 4018/5638/3805
f 4002/5619/3793 4016/5641/3808 4005/5624/3796
f 4017/5642/3809 4016/5643/3808 4015/5640/3807
f 4002/5644/3793 4003/5618/3792 4018/5638/3805
f 4016/5643/3808 4002/5644/3793 4018/5638/3805
f 4016/5643/3808 4018/5638/3805 4015/5640/3807
f 4016/5641/3808 4017/5645/3809 4019/5646/3810
f 4007/5626/3798 4005/5624/3796 4019/5646/3810
f 4016/5641/3808 4019/5646/3810 4005/5624/3796
f 4017/5645/3809 4020/5647/3811 4019/5646/3810
f 4007/5628/3798 4019/5648/3810 4009/5630/3800
f 4019/5649/3810 4021/5650/3812 4009/5651/3800
f 4019/5652/3810 4020/5653/3811 4021/5654/3812
f 4011/5632/3802 4009/5634/3800 4021/5655/3812
f 4020/5656/3811 4022/5657/3813 4021/5658/3812
f 4023/5659/3814 4011/5632/3802 4021/5655/3812
f 4023/5659/3814 4021/5655/3812 4022/5660/3813
f 4024/5661/3815 4023/5662/3814 4022/5663/3813
f 4000/5636/3791 4011/5632/3802 4023/5659/3814
f 4013/5664/3804 4000/5636/3791 4023/5659/3814
f 4014/5665/3806 4013/5664/3804 4024/5666/3815
f 4013/5664/3804 4023/5659/3814 4024/5666/3815
f 4014/5639/3806 4025/5667/3816 4015/5640/3807
f 4025/5667/3816 4030/5668/3817 4015/5640/3807
f 4025/5667/3816 4026/5669/3818 4030/5668/3817
f 4026/5669/3818 4027/5670/3819 4030/5668/3817
f 4017/5645/3809 4028/5671/3820 4020/5647/3811
f 4029/5672/3821 4028/5673/3820 4027/5670/3819
f 4017/5642/3809 4015/5640/3807 4030/5668/3817
f 4028/5673/3820 4017/5642/3809 4030/5668/3817
f 4028/5673/3820 4030/5668/3817 4027/5670/3819
f 4028/5671/3820 4031/5674/3822 4020/5647/3811
f 4028/5671/3820 4029/5675/3821 4031/5674/3822
f 4029/5675/3821 4032/5676/3823 4031/5674/3822
f 4033/5677/3824 4020/5647/3811 4031/5674/3822
f 4033/5677/3824 4031/5674/3822 4032/5676/3823
f 4020/5678/3811 4033/5679/3824 4022/5663/3813
f 4033/5679/3824 4034/5680/3825 4022/5663/3813
f 4033/5679/3824 4032/5681/3823 4034/5680/3825
f 4024/5661/3815 4022/5663/3813 4034/5680/3825
f 4032/5681/3823 4035/5682/3826 4034/5680/3825
f 4036/5683/3827 4024/5661/3815 4034/5680/3825
f 4036/5683/3827 4034/5680/3825 4035/5682/3826
f 4037/5684/3828 4036/5683/3827 4035/5682/3826
f 4036/5685/3827 4038/5686/3829 4024/5666/3815
f 4036/5685/3827 4037/5687/3828 4038/5686/3829
f 4014/5665/3806 4024/5666/3815 4038/5686/3829
f 4025/5688/3816 4014/5665/3806 4038/5686/3829
f 4026/5689/3818 4025/5688/3816 4039/5690/3830
f 4037/5687/3828 4039/5690/3830 4038/5686/3829
f 4025/5688/3816 4038/5686/3829 4039/5690/3830
f 4026/5669/3818 4040/5691/3831 4027/5670/3819
f 4040/5691/3831 4044/5692/3832 4027/5670/3819
f 4040/5691/3831 4041/5693/3833 4044/5692/3832
f 4041/5693/3833 4043/5694/3834 4044/5692/3832
f 4029/5675/3821 4045/5695/3835 4032/5676/3823
f 4042/5696/3836 4045/5697/3835 4043/5694/3834
f 4029/5672/3821 4027/5670/3819 4044/5692/3832
f 4045/5697/3835 4029/5672/3821 4044/5692/3832
f 4045/5697/3835 4044/5692/3832 4043/5694/3834
f 4042/5698/3836 4046/5699/3837 4045/5700/3835
f 4047/5701/3838 4032/5676/3823 4045/5695/3835
f 4047/5702/3838 4045/5703/3835 4046/5704/3837
f 4048/5705/3839 4047/5702/3838 4046/5704/3837
f 4032/5681/3823 4047/5706/3838 4035/5682/3826
f 4047/5706/3838 4048/5707/3839 4049/5708/3840
f 4037/5684/3828 4035/5682/3826 4049/5708/3840
f 4047/5706/3838 4049/5708/3840 4035/5682/3826
f 4048/5707/3839 4050/5709/3841 4049/5708/3840
f 4051/5710/3842 4037/5684/3828 4049/5708/3840
f 4051/5710/3842 4049/5708/3840 4050/5709/3841
f 4052/5711/3843 4051/5710/3842 4050/5709/3841
f 4037/5687/3828 4051/5712/3842 4039/5690/3830
f 4051/5712/3842 4052/5713/3843 4053/5714/3844
f 4026/5689/3818 4039/5690/3830 4053/5714/3844
f 4040/5715/3831 4026/5689/3818 4053/5714/3844
f 4051/5712/3842 4053/5714/3844 4039/5690/3830
f 4040/5715/3831 4053/5714/3844 4054/5716/3845
f 4041/5717/3833 4040/5715/3831 4054/5716/3845
f 4052/5713/3843 4054/5716/3845 4053/5714/3844
f 4041/5693/3833 4055/5718/3846 4043/5694/3834
f 4055/5718/3846 4056/5719/3847 4043/5694/3834
f 4055/5718/3846 4057/5720/3848 4056/5719/3847
f 4057/5720/3848 4060/5721/3849 4056/5719/3847
f 4042/5722/3836 4058/5723/3850 4046/5704/3837
f 4059/5724/3851 4058/5725/3850 4060/5721/3849
f 4042/5696/3836 4043/5694/3834 4056/5719/3847
f 4058/5725/3850 4056/5719/3847 4060/5721/3849
f 4058/5725/3850 4042/5696/3836 4056/5719/3847
f 4058/5723/3850 4061/5726/3852 4046/5704/3837
f 4058/5723/3850 4059/5727/3851 4061/5726/3852
f 4048/5705/3839 4046/5704/3837 4061/5726/3852
f 4059/5727/3851 4062/5728/3853 4061/5726/3852
f 4048/5707/3839 4061/5729/3852 4050/5709/3841
f 4063/5730/3854 4061/5726/3852 4062/5728/3853
f 4061/5729/3852 4064/5731/3855 4050/5709/3841
f 4061/5729/3852 4063/5732/3854 4064/5731/3855
f 4052/5711/3843 4050/5709/3841 4064/5731/3855
f 4063/5732/3854 4065/5733/3856 4064/5731/3855
f 4066/5734/3857 4052/5711/3843 4064/5731/3855
f 4066/5734/3857 4064/5731/3855 4065/5733/3856
f 4067/5735/3858 4066/5734/3857 4065/5733/3856
f 4052/5713/3843 4066/5736/3857 4054/5716/3845
f 4066/5736/3857 4068/5737/3859 4054/5716/3845
f 4066/5738/3857 4067/5739/3858 4068/5740/3859
f 4041/5717/3833 4054/5716/3845 4068/5737/3859
f 4055/5741/3846 4041/5717/3833 4068/5737/3859
f 4057/5742/3848 4055/5743/3846 4069/5744/3860
f 4067/5739/3858 4069/5744/3860 4068/5740/3859
f 4055/5743/3846 4068/5740/3859 4069/5744/3860
f 4057/5720/3848 4070/5745/3861 4060/5721/3849
f 4070/5745/3861 4075/5746/3862 4060/5721/3849
f 4070/5745/3861 4071/5747/3863 4075/5746/3862
f 4071/5747/3863 4074/5748/3864 4075/5746/3862
f 4059/5727/3851 4072/5749/3865 4062/5728/3853
f 4073/5750/3866 4072/5751/3865 4074/5748/3864
f 4059/5724/3851 4060/5721/3849 4075/5746/3862
f 4072/5751/3865 4059/5724/3851 4075/5746/3862
f 4072/5751/3865 4075/5746/3862 4074/5748/3864
f 4072/5749/3865 4076/5752/3867 4062/5728/3853
f 4072/5749/3865 4073/5753/3866 4076/5752/3867
f 4063/5730/3854 4062/5728/3853 4076/5752/3867
f 4073/5753/3866 4077/5754/3868 4076/5752/3867
f 4078/5755/3869 4063/5730/3854 4076/5752/3867
f 4078/5755/3869 4076/5752/3867 4077/5754/3868
f 4079/5756/3870 4078/5755/3869 4077/5754/3868
f 4063/5732/3854 4078/5757/3869 4065/5733/3856
f 4078/5757/3869 4079/5758/3870 4080/5759/3871
f 4067/5735/3858 4065/5733/3856 4080/5759/3871
f 4078/5757/3869 4080/5759/3871 4065/5733/3856
f 4079/5758/3870 4081/5760/3872 4080/5759/3871
f 4082/5761/3873 4067/5735/3858 4080/5759/3871
f 4082/5761/3873 4080/5759/3871 4081/5760/3872
f 4083/5762/3874 4082/5761/3873 4081/5760/3872
f 4067/5739/3858 4082/5763/3873 4069/5744/3860
f 4082/5763/3873 4084/5764/3875 4069/5744/3860
f 4082/5763/3873 4083/5765/3874 4084/5764/3875
f 4057/5742/3848 4069/5744/3860 4084/5764/3875
f 4070/5766/3861 4057/5742/3848 4084/5764/3875
f 4071/5767/3863 4070/5766/3861 4083/5765/3874
f 4070/5766/3861 4084/5764/3875 4083/5765/3874
f 4071/5747/3863 4085/5768/3876 4074/5748/3864
f 4085/5768/3876 4090/5769/3877 4074/5748/3864
f 4085/5768/3876 4086/5770/3878 4090/5769/3877
f 4086/5770/3878 4087/5771/3879 4090/5769/3877
f 4073/5753/3866 4088/5772/3880 4077/5754/3868
f 4089/5773/3881 4088/5774/3880 4087/5771/3879
f 4073/5750/3866 4074/5748/3864 4090/5769/3877
f 4088/5774/3880 4090/5769/3877 4087/5771/3879
f 4088/5774/3880 4073/5750/3866 4090/5769/3877
f 4088/5772/3880 4091/5775/3882 4077/5754/3868
f 4088/5772/3880 4089/5776/3881 4091/5775/3882
f 4079/5756/3870 4077/5754/3868 4091/5775/3882
f 4089/5776/3881 4092/5777/3883 4091/5775/3882
f 4093/5778/3884 4079/5756/3870 4091/5775/3882
f 4093/5778/3884 4091/5775/3882 4092/5777/3883
f 4094/5779/3885 4093/5778/3884 4092/5777/3883
f 4079/5758/3870 4093/5780/3884 4081/5760/3872
f 4093/5780/3884 4094/5781/3885 4095/5782/3886
f 4083/5762/3874 4081/5760/3872 4095/5782/3886
f 4093/5780/3884 4095/5782/3886 4081/5760/3872
f 4094/5781/3885 4096/5783/3887 4095/5782/3886
f 4098/5784/3888 4083/5762/3874 4095/5782/3886
f 4098/5785/3888 4095/5786/3886 4096/5787/3887
f 4097/5788/3889 4098/5789/3888 4096/5790/3887
f 4071/5767/3863 4083/5765/3874 4098/5791/3888
f 4085/5792/3876 4071/5767/3863 4098/5791/3888
f 4085/5792/3876 4098/5791/3888 4099/5793/3890
f 4086/5794/3878 4085/5792/3876 4099/5793/3890
f 4097/5795/3889 4099/5793/3890 4098/5791/3888
f 4086/5770/3878 4100/5796/3891 4087/5771/3879
f 4100/5796/3891 4101/5797/3892 4087/5771/3879
f 4100/5796/3891 4102/5798/3893 4101/5797/3892
f 4102/5798/3893 4105/5799/3894 4101/5797/3892
f 4089/5776/3881 4103/5800/3895 4092/5777/3883
f 4104/5801/3896 4103/5802/3895 4105/5799/3894
f 4089/5773/3881 4087/5771/3879 4101/5797/3892
f 4103/5802/3895 4089/5773/3881 4101/5797/3892
f 4103/5802/3895 4101/5797/3892 4105/5799/3894
f 4103/5800/3895 4106/5803/3897 4092/5777/3883
f 4103/5800/3895 4104/5804/3896 4106/5803/3897
f 4094/5779/3885 4092/5777/3883 4106/5803/3897
f 4104/5804/3896 4107/5805/3898 4106/5803/3897
f 4108/5806/3899 4094/5779/3885 4106/5803/3897
f 4108/5806/3899 4106/5803/3897 4107/5805/3898
f 4109/5807/3900 4108/5806/3899 4107/5805/3898
f 4094/5779/3885 4108/5806/3899 4096/5808/3887
f 4108/5806/3899 4109/5807/3900 4110/5809/3901
f 4097/5788/3889 4096/5790/3887 4110/5810/3901
f 4108/5806/3899 4110/5809/3901 4096/5808/3887
f 4109/5807/3900 4111/5811/3902 4110/5809/3901
f 4112/5812/3903 4097/5788/3889 4110/5810/3901
f 4112/5812/3903 4110/5810/3901 4111/5813/3902
f 4113/5814/3904 4112/5812/3903 4111/5813/3902
f 4097/5795/3889 4112/5815/3903 4099/5793/3890
f 4112/5815/3903 4113/5816/3904 4114/5817/3905
f 4086/5794/3878 4099/5793/3890 4114/5817/3905
f 4100/5818/3891 4086/5794/3878 4114/5817/3905
f 4112/5815/3903 4114/5817/3905 4099/5793/3890
f 4100/5818/3891 4114/5817/3905 4115/5819/3906
f 4102/5820/3893 4100/5818/3891 4115/5819/3906
f 4113/5816/3904 4115/5819/3906 4114/5817/3905
f 4102/5798/3893 4116/5821/3907 4105/5799/3894
f 4116/5821/3907 4117/5822/3908 4105/5799/3894
f 4116/5821/3907 4118/5823/3909 4117/5822/3908
f 4118/5823/3909 4121/5824/3910 4117/5822/3908
f 4104/5804/3896 4119/5825/3911 4107/5805/3898
f 4120/5826/3912 4119/5827/3911 4121/5824/3910
f 4104/5801/3896 4105/5799/3894 4117/5822/3908
f 4119/5827/3911 4104/5801/3896 4117/5822/3908
f 4119/5827/3911 4117/5822/3908 4121/5824/3910
f 4119/5825/3911 4122/5828/3913 4107/5805/3898
f 4119/5825/3911 4120/5829/3912 4122/5828/3913
f 4109/5807/3900 4107/5805/3898 4122/5828/3913
f 4120/5829/3912 4123/5830/3914 4122/5828/3913
f 4124/5831/3915 4109/5807/3900 4122/5828/3913
f 4124/5831/3915 4122/5828/3913 4123/5830/3914
f 4109/5807/3900 4124/5831/3915 4111/5811/3902
f 4124/5831/3915 4125/5832/3916 4111/5811/3902
f 4124/5833/3915 4123/5834/3914 4125/5835/3916
f 4113/5814/3904 4111/5813/3902 4125/5836/3916
f 4123/5830/3914 4126/5837/3917 4125/5832/3916
f 4127/5838/3918 4113/5814/3904 4125/5836/3916
f 4127/5838/3918 4125/5836/3916 4126/5839/3917
f 4113/5816/3904 4127/5840/3918 4115/5819/3906
f 4128/5841/3919 4127/5840/3918 4126/5842/3917
f 4127/5840/3918 4129/5843/3920 4115/5819/3906
f 4127/5840/3918 4128/5841/3919 4129/5843/3920
f 4116/5844/3907 4102/5820/3893 4129/5843/3920
f 4102/5820/3893 4115/5819/3906 4129/5843/3920
f 4116/5844/3907 4129/5843/3920 4128/5841/3919
f 4118/5845/3909 4116/5844/3907 4128/5841/3919
f 4118/5823/3909 4130/5846/3921 4121/5824/3910
f 4130/5846/3921 4134/5847/3922 4121/5824/3910
f 4130/5846/3921 4142/5848/3923 4134/5847/3922
f 4142/5849/3923 4133/5850/3924 4134/5851/3922
f 4120/5829/3912 4131/5852/3925 4123/5830/3914
f 4132/5853/3926 4131/5854/3925 4133/5855/3924
f 4120/5826/3912 4121/5824/3910 4134/5847/3922
f 4131/5854/3925 4120/5826/3912 4134/5847/3922
f 4131/5854/3925 4134/5847/3922 4133/5855/3924
f 4131/5852/3925 4135/5856/3927 4123/5830/3914
f 4131/5852/3925 4132/5857/3926 4135/5856/3927
f 4132/5857/3926 4136/5858/3928 4135/5856/3927
f 4123/5830/3914 4135/5856/3927 4126/5837/3917
f 4135/5856/3927 4136/5858/3928 4137/5859/3929
f 4128/5841/3919 4126/5842/3917 4137/5860/3929
f 4135/5856/3927 4137/5859/3929 4126/5837/3917
f 4136/5858/3928 4138/5861/3930 4137/5859/3929
f 4139/5862/3931 4128/5841/3919 4137/5860/3929
f 4140/5863/3932 4139/5862/3931 4138/5864/3930
f 4139/5862/3931 4137/5860/3929 4138/5864/3930
f 4139/5862/3931 4141/5865/3933 4128/5841/3919
f 4139/5862/3931 4140/5863/3932 4141/5865/3933
f 4130/5866/3921 4118/5845/3909 4141/5865/3933
f 4118/5845/3909 4128/5841/3919 4141/5865/3933
f 4140/5863/3932 4142/5849/3923 4141/5865/3933
f 4130/5866/3921 4141/5865/3933 4142/5849/3923
f 4142/5849/3923 4143/5867/3934 4133/5850/3924
f 4143/5868/3934 4147/5869/3935 4133/5855/3924
f 4143/5868/3934 4156/5870/3936 4147/5869/3935
f 4156/5871/3936 4146/5872/3937 4147/5873/3935
f 4132/5857/3926 4144/5874/3938 4136/5858/3928
f 4145/5875/3939 4144/5876/3938 4146/5877/3937
f 4132/5853/3926 4133/5855/3924 4147/5869/3935
f 4144/5876/3938 4132/5853/3926 4147/5869/3935
f 4144/5876/3938 4147/5869/3935 4146/5877/3937
f 4144/5874/3938 4145/5878/3939 4148/5879/3940
f 4144/5874/3938 4148/5879/3940 4136/5858/3928
f 4149/5880/3941 4136/5858/3928 4148/5879/3940
f 4150/5881/3942 4149/5880/3941 4145/5878/3939
f 4136/5858/3928 4149/5880/3941 4138/5861/3930
f 4149/5880/3941 4148/5879/3940 4145/5878/3939
f 4149/5882/3941 4151/5883/3943 4138/5884/3930
f 4149/5882/3941 4150/5885/3942 4151/5883/3943
f 4140/5863/3932 4138/5864/3930 4151/5886/3943
f 4150/5885/3942 4152/5887/3944 4151/5883/3943
f 4153/5888/3945 4140/5863/3932 4151/5886/3943
f 4153/5889/3945 4151/5883/3943 4152/5887/3944
f 4140/5863/3932 4153/5888/3945 4142/5849/3923
f 4154/5890/3946 4153/5889/3945 4152/5887/3944
f 4153/5888/3945 4155/5891/3947 4142/5849/3923
f 4153/5888/3945 4154/5892/3946 4155/5891/3947
f 4143/5867/3934 4142/5849/3923 4155/5891/3947
f 4154/5892/3946 4156/5871/3936 4155/5891/3947
f 4143/5867/3934 4155/5891/3947 4156/5871/3936
f 4156/5871/3936 4168/5893/3948 4146/5872/3937
f 4168/5893/3948 4161/5894/3949 4146/5872/3937
f 4168/5893/3948 4157/5895/3950 4161/5894/3949
f 4157/5896/3950 4160/5897/3951 4161/5898/3949
f 4159/5899/3952 4158/5900/3953 4160/5897/3951
f 4145/5875/3939 4146/5877/3937 4161/5898/3949
f 4158/5900/3953 4145/5875/3939 4161/5898/3949
f 4158/5900/3953 4161/5898/3949 4160/5897/3951
f 4150/5881/3942 4145/5878/3939 4158/5901/3953
f 4162/5902/3954 4150/5881/3942 4158/5901/3953
f 4162/5902/3954 4158/5901/3953 4159/5903/3952
f 4150/5885/3942 4162/5904/3954 4152/5887/3944
f 4163/5905/3955 4162/5902/3954 4159/5903/3952
f 4162/5904/3954 4164/5906/3956 4152/5887/3944
f 4162/5904/3954 4163/5907/3955 4164/5906/3956
f 4154/5890/3946 4152/5887/3944 4164/5906/3956
f 4163/5907/3955 4165/5908/3957 4164/5906/3956
f 4166/5909/3958 4154/5890/3946 4164/5906/3956
f 4166/5909/3958 4164/5906/3956 4165/5908/3957
f 4154/5892/3946 4166/5910/3958 4156/5871/3936
f 4167/5911/3959 4166/5909/3958 4165/5908/3957
f 4166/5910/3958 4168/5893/3948 4156/5871/3936
f 4166/5910/3958 4167/5912/3959 4168/5893/3948
f 4157/5895/3950 4168/5893/3948 4169/5913/3960
f 4167/5912/3959 4169/5913/3960 4168/5893/3948
f 4157/5896/3950 4170/5914/3961 4160/5897/3951
f 4170/5914/3961 4171/5915/3962 4160/5897/3951
f 4170/5914/3961 4172/5916/3963 4171/5915/3962
f 4172/5916/3963 4175/5917/3964 4171/5915/3962
f 4174/5918/3965 4173/5919/3966 4175/5917/3964
f 4159/5899/3952 4160/5897/3951 4171/5915/3962
f 4173/5919/3966 4159/5899/3952 4171/5915/3962
f 4173/5919/3966 4171/5915/3962 4175/5917/3964
f 4173/5920/3966 4174/5921/3965 4176/5922/3967
f 4163/5905/3955 4159/5903/3952 4176/5923/3967
f 4173/5924/3966 4176/5923/3967 4159/5903/3952
f 4174/5921/3965 4177/5925/3968 4176/5922/3967
f 4178/5926/3969 4176/5922/3967 4177/5925/3968
f 4163/5907/3955 4176/5927/3967 4165/5908/3957
f 4176/5927/3967 4178/5928/3969 4179/5929/3970
f 4167/5911/3959 4165/5908/3957 4179/5929/3970
f 4176/5927/3967 4179/5929/3970 4165/5908/3957
f 4178/5928/3969 4180/5930/3971 4179/5929/3970
f 4182/5931/3972 4167/5912/3959 4179/5932/3970
f 4182/5931/3972 4179/5932/3970 4180/5933/3971
f 4181/5934/3973 4182/5935/3972 4180/5930/3971
f 4167/5912/3959 4182/5931/3972 4169/5913/3960
f 4157/5895/3950 4169/5913/3960 4182/5931/3972
f 4170/5936/3961 4157/5895/3950 4182/5931/3972
f 4170/5936/3961 4182/5931/3972 4183/5937/3974
f 4172/5938/3963 4170/5936/3961 4183/5937/3974
f 4181/5939/3973 4183/5937/3974 4182/5931/3972
f 4172/5916/3963 4184/5940/3975 4175/5917/3964
f 4184/5940/3975 4189/5941/3976 4175/5917/3964
f 4184/5940/3975 4185/5942/3977 4189/5941/3976
f 4185/5942/3977 4186/5943/3978 4189/5941/3976
f 4174/5921/3965 4187/5944/3979 4177/5925/3968
f 4188/5945/3980 4187/5946/3979 4186/5943/3978
f 4174/5918/3965 4175/5917/3964 4189/5941/3976
f 4187/5946/3979 4189/5941/3976 4186/5943/3978
f 4187/5946/3979 4174/5918/3965 4189/5941/3976
f 4187/5944/3979 4190/5947/3981 4177/5925/3968
f 4187/5944/3979 4188/5948/3980 4190/5947/3981
f 4178/5926/3969 4177/5925/3968 4190/5947/3981
f 4178/5928/3969 4190/5949/3981 4180/5930/3971
f 4191/5950/3982 4190/5947/3981 4188/5948/3980
f 4190/5949/3981 4192/5951/3983 4180/5930/3971
f 4190/5949/3981 4191/5952/3982 4192/5951/3983
f 4181/5934/3973 4180/5930/3971 4192/5951/3983
f 4191/5952/3982 4193/5953/3984 4192/5951/3983
f 4194/5954/3985 4181/5934/3973 4192/5951/3983
f 4194/5954/3985 4192/5951/3983 4193/5953/3984
f 4195/5955/3986 4194/5954/3985 4193/5953/3984
f 4181/5939/3973 4194/5956/3985 4183/5937/3974
f 4194/5956/3985 4196/5957/3987 4183/5937/3974
f 4194/5958/3985 4195/5959/3986 4196/5960/3987
f 4172/5938/3963 4183/5937/3974 4196/5957/3987
f 4184/5961/3975 4172/5938/3963 4196/5957/3987
f 4185/5962/3977 4184/5963/3975 4197/5964/3988
f 4195/5959/3986 4197/5964/3988 4196/5960/3987
f 4184/5963/3975 4196/5960/3987 4197/5964/3988
f 4185/5942/3977 4210/5965/3989 4186/5943/3978
f 4210/5965/3989 4198/5966/3990 4186/5943/3978
f 4210/5965/3989 4199/5967/3991 4198/5966/3990
f 4199/5967/3991 4200/5968/3992 4198/5966/3990
f 4201/5969/3993 4202/5970/3994 4200/5968/3992
f 4202/5970/3994 4198/5966/3990 4200/5968/3992
f 4202/5970/3994 4188/5945/3980 4198/5966/3990
f 4188/5971/3980 4186/5972/3978 4198/5973/3990
f 4202/5974/3994 4204/5975/3995 4188/5948/3980
f 4191/5950/3982 4188/5948/3980 4204/5975/3995
f 4201/5976/3993 4203/5977/3996 4202/5974/3994
f 4204/5975/3995 4202/5974/3994 4203/5977/3996
f 4205/5978/3997 4204/5975/3995 4203/5977/3996
f 4191/5952/3982 4204/5979/3995 4193/5953/3984
f 4204/5979/3995 4206/5980/3998 4193/5953/3984
f 4195/5955/3986 4193/5953/3984 4206/5980/3998
f 4204/5979/3995 4205/5981/3997 4206/5980/3998
f 4205/5981/3997 4207/5982/3999 4206/5980/3998
f 4209/5983/4000 4206/5980/3998 4207/5982/3999
f 4208/5984/4001 4209/5983/4000 4207/5982/3999
f 4209/5983/4000 4195/5955/3986 4206/5980/3998
f 4195/5959/3986 4209/5985/4000 4197/5964/3988
f 4209/5985/4000 4210/5986/3989 4197/5964/3988
f 4185/5962/3977 4197/5964/3988 4210/5986/3989
f 4208/5987/4001 4211/5988/4002 4209/5985/4000
f 4210/5986/3989 4209/5985/4000 4211/5988/4002
f 4199/5989/3991 4210/5986/3989 4211/5988/4002
f 4199/5967/3991 4212/5990/4003 4200/5968/3992
f 4212/5990/4003 4217/5991/4004 4200/5968/3992
f 4212/5992/4003 4213/5993/4005 4217/5994/4004
f 4213/5993/4005 4216/5995/4006 4217/5994/4004
f 4201/5976/3993 4214/5996/4007 4203/5977/3996
f 4215/5997/4008 4214/5998/4007 4216/5999/4006
f 4201/5969/3993 4200/5968/3992 4217/5991/4004
f 4214/5998/4007 4217/5991/4004 4216/5999/4006
f 4214/5998/4007 4201/5969/3993 4217/5991/4004
f 4214/5996/4007 4218/6000/4009 4203/5977/3996
f 4214/5996/4007 4215/6001/4008 4218/6000/4009
f 4205/5978/3997 4203/5977/3996 4218/6000/4009
f 4215/6001/4008 4219/6002/4010 4218/6000/4009
f 4220/6003/4011 4205/5978/3997 4218/6000/4009
f 4220/6003/4011 4218/6000/4009 4219/6002/4010
f 4221/6004/4012 4220/6003/4011 4219/6002/4010
f 4205/5981/3997 4220/6005/4011 4207/5982/3999
f 4220/6005/4011 4221/6006/4012 4222/6007/4013
f 4208/5984/4001 4207/5982/3999 4222/6007/4013
f 4220/6005/4011 4222/6007/4013 4207/5982/3999
f 4221/6006/4012 4223/6008/4014 4222/6007/4013
f 4224/6009/4015 4208/5984/4001 4222/6007/4013
f 4224/6009/4015 4222/6007/4013 4223/6008/4014
f 4225/6010/4016 4224/6009/4015 4223/6008/4014
f 4208/5987/4001 4224/6011/4015 4211/5988/4002
f 4224/6011/4015 4225/6012/4016 4226/6013/4017
f 4199/5989/3991 4211/5988/4002 4226/6013/4017
f 4212/5992/4003 4199/5989/3991 4226/6013/4017
f 4224/6011/4015 4226/6013/4017 4211/5988/4002
f 4212/5992/4003 4226/6013/4017 4227/6014/4018
f 4213/5993/4005 4212/5992/4003 4227/6014/4018
f 4225/6012/4016 4227/6014/4018 4226/6013/4017
f 4213/5993/4005 4240/6015/4019 4216/5995/4006
f 4240/6015/4019 4232/6016/4020 4216/5995/4006
f 4240/6015/4019 4228/6017/4021 4232/6016/4020
f 4228/6017/4021 4229/6018/4022 4232/6016/4020
f 4215/6001/4008 4230/6019/4023 4219/6002/4010
f 4231/6020/4024 4230/6019/4023 4229/6021/4022
f 4215/6001/4008 4216/6022/4006 4232/6023/4020
f 4230/6019/4023 4215/6001/4008 4232/6023/4020
f 4230/6019/4023 4232/6023/4020 4229/6021/4022
f 4230/6019/4023 4233/6024/4025 4219/6002/4010
f 4230/6019/4023 4231/6020/4024 4233/6024/4025
f 4221/6004/4012 4219/6002/4010 4233/6024/4025
f 4231/6020/4024 4234/6025/4026 4233/6024/4025
f 4235/6026/4027 4221/6004/4012 4233/6024/4025
f 4235/6026/4027 4233/6024/4025 4234/6025/4026
f 4221/6006/4012 4235/6027/4027 4223/6008/4014
f 4235/6027/4027 4234/6028/4026 4236/6029/4028
f 4225/6010/4016 4223/6008/4014 4236/6029/4028
f 4235/6027/4027 4236/6029/4028 4223/6008/4014
f 4234/6025/4026 4237/6030/4029 4236/6031/4028
f 4238/6032/4030 4225/6010/4016 4236/6029/4028
f 4238/6032/4030 4236/6029/4028 4237/6033/4029
f 4239/6034/4031 4238/6035/4030 4237/6036/4029
f 4225/6012/4016 4238/6035/4030 4227/6014/4018
f 4238/6035/4030 4239/6034/4031 4240/6015/4019
f 4213/5993/4005 4227/6014/4018 4240/6015/4019
f 4238/6035/4030 4240/6015/4019 4227/6014/4018
f 4228/6017/4021 4240/6015/4019 4239/6034/4031
f 4228/6017/4021 4241/6037/4032 4229/6018/4022
f 4241/6037/4032 4246/6038/4033 4229/6018/4022
f 4241/6037/4032 4242/6039/4034 4246/6038/4033
f 4242/6039/4034 4245/6040/4035 4246/6038/4033
f 4231/6020/4024 4243/6041/4036 4234/6025/4026
f 4244/6042/4037 4243/6041/4036 4245/6043/4035
f 4231/6020/4024 4229/6021/4022 4246/6044/4033
f 4243/6041/4036 4231/6020/4024 4246/6044/4033
f 4243/6041/4036 4246/6044/4033 4245/6043/4035
f 4243/6041/4036 4247/6045/4038 4234/6025/4026
f 4243/6041/4036 4244/6042/4037 4247/6045/4038
f 4234/6025/4026 4247/6045/4038 4237/6030/4029
f 4248/6046/4039 4247/6045/4038 4244/6042/4037
f 4247/6045/4038 4249/6047/4040 4237/6030/4029
f 4247/6045/4038 4248/6046/4039 4249/6047/4040
f 4239/6034/4031 4237/6036/4029 4249/6048/4040
f 4248/6049/4039 4250/6050/4041 4249/6051/4040
f 4251/6052/4042 4239/6034/4031 4249/6048/4040
f 4251/6052/4042 4249/6048/4040 4250/6053/4041
f 4252/6054/4043 4251/6052/4042 4250/6053/4041
f 4241/6037/4032 4228/6017/4021 4251/6052/4042
f 4228/6017/4021 4239/6034/4031 4251/6052/4042
f 4241/6037/4032 4251/6052/4042 4252/6054/4043
f 4242/6039/4034 4241/6037/4032 4252/6054/4043
f 4242/6039/4034 4253/6055/4044 4245/6040/4035
f 4253/6055/4044 4257/6056/4045 4245/6040/4035
f 4253/6055/4044 4265/6057/4046 4257/6056/4045
f 4265/6057/4046 4256/6058/4047 4257/6056/4045
f 4255/6059/4048 4254/6060/4049 4256/6061/4047
f 4244/6042/4037 4245/6043/4035 4257/6062/4045
f 4254/6063/4049 4244/6042/4037 4257/6062/4045
f 4254/6063/4049 4257/6062/4045 4256/6064/4047
f 4248/6046/4039 4244/6042/4037 4254/6063/4049
f 4255/6065/4048 4258/6066/4050 4254/6063/4049
f 4259/6067/4051 4248/6046/4039 4254/6063/4049
f 4259/6067/4051 4254/6063/4049 4258/6066/4050
f 4260/6068/4052 4259/6067/4051 4258/6066/4050
f 4248/6049/4039 4259/6069/4051 4250/6050/4041
f 4259/6069/4051 4260/6070/4052 4261/6071/4053
f 4252/6054/4043 4250/6053/4041 4261/6072/4053
f 4259/6069/4051 4261/6071/4053 4250/6050/4041
f 4260/6070/4052 4262/6073/4054 4261/6071/4053
f 4263/6074/4055 4252/6054/4043 4261/6072/4053
f 4264/6075/4056 4263/6076/4055 4262/6073/4054
f 4263/6074/4055 4261/6072/4053 4262/6077/4054
f 4253/6055/4044 4242/6039/4034 4263/6074/4055
f 4242/6039/4034 4252/6054/4043 4263/6074/4055
f 4264/6078/4056 4265/6057/4046 4263/6074/4055
f 4253/6055/4044 4263/6074/4055 4265/6057/4046
f 4265/6057/4046 4266/6079/4057 4256/6058/4047
f 4266/6080/4057 4270/6081/4058 4256/6061/4047
f 4266/6080/4057 4267/6082/4059 4270/6081/4058
f 4267/6082/4059 4269/6083/4060 4270/6081/4058
f 4255/6065/4048 4271/6084/4061 4258/6066/4050
f 4268/6085/4062 4271/6086/4061 4269/6083/4060
f 4255/6059/4048 4256/6061/4047 4270/6081/4058
f 4271/6084/4061 4255/6065/4048 4270/6087/4058
f 4271/6084/4061 4270/6087/4058 4269/6088/4060
f 4260/6068/4052 4258/6066/4050 4271/6084/4061
f 4268/6089/4062 4272/6090/4063 4271/6084/4061
f 4273/6091/4064 4260/6068/4052 4271/6084/4061
f 4260/6070/4052 4273/6092/4064 4262/6073/4054
f 4273/6091/4064 4271/6084/4061 4272/6090/4063
f 4273/6092/4064 4274/6093/4065 4262/6073/4054
f 4273/6092/4064 4272/6094/4063 4274/6093/4065
f 4264/6075/4056 4262/6073/4054 4274/6093/4065
f 4272/6095/4063 4275/6096/4066 4274/6097/4065
f 4276/6098/4067 4264/6075/4056 4274/6093/4065
f 4276/6099/4067 4274/6100/4065 4275/6101/4066
f 4264/6078/4056 4276/6102/4067 4265/6057/4046
f 4277/6103/4068 4276/6104/4067 4275/6105/4066
f 4266/6079/4057 4265/6057/4046 4276/6102/4067
f 4267/6106/4059 4266/6079/4057 4277/6107/4068
f 4266/6079/4057 4276/6102/4067 4277/6107/4068
f 4267/6082/4059 4278/6108/4069 4269/6083/4060
f 4278/6108/4069 4279/6109/4070 4269/6083/4060
f 4278/6108/4069 4280/6110/4071 4279/6109/4070
f 4280/6110/4071 4283/6111/4072 4279/6109/4070
f 4268/6089/4062 4281/6112/4073 4272/6090/4063
f 4282/6113/4074 4281/6114/4073 4283/6111/4072
f 4268/6085/4062 4269/6083/4060 4279/6109/4070
f 4281/6114/4073 4268/6085/4062 4279/6109/4070
f 4281/6114/4073 4279/6109/4070 4283/6111/4072
f 4281/6112/4073 4284/6115/4075 4272/6090/4063
f 4281/6112/4073 4282/6116/4074 4284/6115/4075
f 4282/6116/4074 4285/6117/3830 4284/6115/4075
f 4286/6118/4076 4272/6090/4063 4284/6115/4075
f 4286/6118/4076 4284/6115/4075 4285/6117/3830
f 4272/6119/4063 4286/6120/4076 4275/6105/4066
f 4287/6121/4077 4286/6118/4076 4285/6117/3830
f 4286/6120/4076 4288/6122/4078 4275/6105/4066
f 4286/6120/4076 4287/6123/4077 4288/6122/4078
f 4277/6103/4068 4275/6105/4066 4288/6122/4078
f 4287/6123/4077 4289/6124/4079 4288/6122/4078
f 4290/6125/4080 4277/6103/4068 4288/6122/4078
f 4290/6125/4080 4288/6122/4078 4289/6124/4079
f 4291/6126/4081 4290/6125/4080 4289/6124/4079
f 4290/6127/4080 4292/6128/4082 4277/6107/4068
f 4290/6127/4080 4291/6129/4081 4292/6128/4082
f 4267/6106/4059 4277/6107/4068 4292/6128/4082
f 4278/6130/4069 4267/6106/4059 4292/6128/4082
f 4280/6131/4071 4278/6130/4069 4293/6132/4083
f 4291/6129/4081 4293/6132/4083 4292/6128/4082
f 4278/6130/4069 4292/6128/4082 4293/6132/4083
f 4280/6110/4071 4294/6133/4084 4283/6111/4072
f 4294/6133/4084 4295/6134/4085 4283/6111/4072
f 4294/6133/4084 4308/6135/4086 4295/6134/4085
f 4308/6135/4086 4296/6136/4087 4295/6134/4085
f 4282/6116/4074 4297/6137/4088 4285/6117/3830
f 4298/6138/4089 4297/6139/4088 4296/6136/4087
f 4282/6113/4074 4283/6111/4072 4295/6134/4085
f 4297/6139/4088 4282/6113/4074 4295/6134/4085
f 4297/6139/4088 4295/6134/4085 4296/6136/4087
f 4297/6137/4088 4298/6140/4089 4299/6141/3844
f 4287/6121/4077 4285/6117/3830 4299/6141/3844
f 4297/6137/4088 4299/6141/3844 4285/6117/3830
f 4298/6140/4089 4300/6142/4090 4299/6141/3844
f 4301/6143/4091 4287/6121/4077 4299/6141/3844
f 4301/6143/4091 4299/6141/3844 4300/6142/4090
f 4302/6144/4092 4301/6143/4091 4300/6142/4090
f 4287/6123/4077 4301/6145/4091 4289/6124/4079
f 4301/6145/4091 4302/6146/4092 4303/6147/4093
f 4291/6126/4081 4289/6124/4079 4303/6147/4093
f 4301/6145/4091 4303/6147/4093 4289/6124/4079
f 4302/6146/4092 4304/6148/4094 4303/6147/4093
f 4305/6149/4095 4291/6126/4081 4303/6147/4093
f 4305/6149/4095 4303/6147/4093 4304/6148/4094
f 4306/6150/4096 4305/6149/4095 4304/6148/4094
f 4291/6129/4081 4305/6151/4095 4293/6132/4083
f 4305/6152/4095 4306/6153/4096 4307/6154/4097
f 4280/6131/4071 4293/6132/4083 4307/6155/4097
f 4294/6156/4084 4280/6131/4071 4307/6155/4097
f 4305/6151/4095 4307/6155/4097 4293/6132/4083
f 4294/6156/4084 4307/6155/4097 4308/6157/4086
f 4306/6153/4096 4308/6158/4086 4307/6154/4097
f 4308/6135/4086 4309/6159/4098 4296/6136/4087
f 4309/6159/4098 4310/6160/4099 4296/6136/4087
f 4309/6159/4098 4311/6161/4100 4310/6160/4099
f 4311/6161/4100 4312/6162/4101 4310/6160/4099
f 4298/6140/4089 4313/6163/4102 4300/6142/4090
f 4314/6164/4103 4313/6165/4102 4312/6162/4101
f 4298/6138/4089 4296/6136/4087 4310/6160/4099
f 4313/6165/4102 4310/6160/4099 4312/6162/4101
f 4313/6165/4102 4298/6138/4089 4310/6160/4099
f 4313/6163/4102 4315/6166/4104 4300/6142/4090
f 4313/6167/4102 4314/6168/4103 4315/6169/4104
f 4302/6144/4092 4300/6142/4090 4315/6166/4104
f 4316/6170/4105 4302/6144/4092 4315/6166/4104
f 4316/6171/4105 4315/6169/4104 4314/6168/4103
f 4302/6146/4092 4316/6172/4105 4304/6148/4094
f 4317/6173/4106 4316/6171/4105 4314/6168/4103
f 4316/6172/4105 4318/6174/4107 4304/6148/4094
f 4316/6172/4105 4317/6175/4106 4318/6174/4107
f 4306/6150/4096 4304/6148/4094 4318/6174/4107
f 4317/6175/4106 4319/6176/4108 4318/6174/4107
f 4320/6177/4109 4306/6150/4096 4318/6174/4107
f 4320/6177/4109 4318/6174/4107 4319/6176/4108
f 4321/6178/4110 4320/6177/4109 4319/6176/4108
f 4306/6153/4096 4320/6179/4109 4308/6158/4086
f 4320/6179/4109 4322/6180/4111 4308/6158/4086
f 4320/6179/4109 4321/6181/4110 4322/6180/4111
f 4309/6182/4098 4308/6158/4086 4322/6180/4111
f 4311/6183/4100 4309/6182/4098 4323/6184/4112
f 4321/6181/4110 4323/6184/4112 4322/6180/4111
f 4309/6182/4098 4322/6180/4111 4323/6184/4112
f 4311/6161/4100 4324/6185/4113 4312/6162/4101
f 4324/6185/4113 4325/6186/4114 4312/6162/4101
f 4324/6185/4113 4326/6187/4115 4325/6186/4114
f 4326/6187/4115 4327/6188/4116 4325/6186/4114
f 4329/6189/4117 4328/6190/4118 4327/6188/4116
f 4314/6164/4103 4312/6162/4101 4325/6186/4114
f 4328/6190/4118 4314/6164/4103 4325/6186/4114
f 4328/6190/4118 4325/6186/4114 4327/6188/4116
f 4317/6173/4106 4314/6168/4103 4328/6191/4118
f 4329/6192/4117 4330/6193/4119 4328/6191/4118
f 4331/6194/4120 4317/6173/4106 4328/6191/4118
f 4331/6194/4120 4328/6191/4118 4330/6193/4119
f 4332/6195/4121 4331/6194/4120 4330/6193/4119
f 4317/6175/4106 4331/6196/4120 4319/6176/4108
f 4331/6196/4120 4332/6197/4121 4333/6198/4122
f 4321/6178/4110 4319/6176/4108 4333/6198/4122
f 4331/6196/4120 4333/6198/4122 4319/6176/4108
f 4332/6197/4121 4334/6199/4123 4333/6198/4122
f 4335/6200/4124 4321/6178/4110 4333/6198/4122
f 4335/6200/4124 4333/6198/4122 4334/6199/4123
f 4336/6201/4125 4335/6200/4124 4334/6199/4123
f 4321/6181/4110 4335/6202/4124 4323/6184/4112
f 4335/6202/4124 4337/6203/4126 4323/6184/4112
f 4335/6202/4124 4336/6204/4125 4337/6203/4126
f 4311/6183/4100 4323/6184/4112 4337/6203/4126
f 4324/6205/4113 4311/6183/4100 4337/6203/4126
f 4326/6206/4115 4324/6205/4113 4338/6207/4127
f 4336/6204/4125 4338/6207/4127 4337/6203/4126
f 4324/6205/4113 4337/6203/4126 4338/6207/4127
f 4326/6187/4115 4339/6208/4128 4327/6188/4116
f 4339/6208/4128 4343/6209/4129 4327/6188/4116
f 4339/6208/4128 4353/6210/4130 4343/6209/4129
f 4353/6211/4130 4340/6212/4131 4343/6213/4129
f 4329/6192/4117 4341/6214/4132 4330/6193/4119
f 4342/6215/4133 4341/6216/4132 4340/6217/4131
f 4329/6189/4117 4327/6188/4116 4343/6209/4129
f 4341/6216/4132 4343/6209/4129 4340/6217/4131
f 4341/6216/4132 4329/6189/4117 4343/6209/4129
f 4341/6214/4132 4344/6218/4134 4330/6193/4119
f 4341/6214/4132 4342/6219/4133 4344/6218/4134
f 4332/6195/4121 4330/6193/4119 4344/6218/4134
f 4342/6219/4133 4345/6220/4135 4344/6218/4134
f 4346/6221/4136 4332/6195/4121 4344/6218/4134
f 4346/6221/4136 4344/6218/4134 4345/6220/4135
f 4347/6222/4137 4346/6221/4136 4345/6220/4135
f 4332/6197/4121 4346/6223/4136 4334/6199/4123
f 4346/6223/4136 4347/6224/4137 4348/6225/4138
f 4336/6201/4125 4334/6199/4123 4348/6225/4138
f 4346/6223/4136 4348/6225/4138 4334/6199/4123
f 4347/6224/4137 4349/6226/4139 4348/6225/4138
f 4350/6227/4140 4336/6201/4125 4348/6225/4138
f 4350/6227/4140 4348/6225/4138 4349/6226/4139
f 4351/6228/4141 4350/6227/4140 4349/6226/4139
f 4336/6204/4125 4350/6229/4140 4338/6207/4127
f 4350/6229/4140 4351/6230/4141 4352/6231/4142
f 4326/6206/4115 4338/6207/4127 4352/6231/4142
f 4339/6232/4128 4326/6206/4115 4352/6231/4142
f 4350/6229/4140 4352/6231/4142 4338/6207/4127
f 4339/6232/4128 4352/6231/4142 4353/6211/4130
f 4351/6230/4141 4353/6211/4130 4352/6231/4142
f 4353/6211/4130 4366/6233/4143 4340/6212/4131
f 4366/6233/4143 4358/6234/4144 4340/6212/4131
f 4366/6233/4143 4354/6235/4145 4358/6234/4144
f 4354/6236/4145 4357/6237/4146 4358/6238/4144
f 4342/6219/4133 4355/6239/4147 4345/6220/4135
f 4356/6240/4148 4355/6241/4147 4357/6237/4146
f 4342/6215/4133 4340/6217/4131 4358/6238/4144
f 4355/6241/4147 4342/6215/4133 4358/6238/4144
f 4355/6241/4147 4358/6238/4144 4357/6237/4146
f 4355/6239/4147 4359/6242/4149 4345/6220/4135
f 4355/6239/4147 4356/6243/4148 4359/6242/4149
f 4347/6222/4137 4345/6220/4135 4359/6242/4149
f 4356/6243/4148 4360/6244/4150 4359/6242/4149
f 4361/6245/4151 4347/6222/4137 4359/6242/4149
f 4361/6245/4151 4359/6242/4149 4360/6244/4150
f 4347/6224/4137 4361/6246/4151 4349/6226/4139
f 4361/6246/4151 4360/6247/4150 4362/6248/4152
f 4351/6230/4141 4349/6249/4139 4362/6250/4152
f 4361/6246/4151 4362/6248/4152 4349/6226/4139
f 4360/6244/4150 4363/6251/4153 4362/6252/4152
f 4364/6253/4154 4351/6230/4141 4362/6250/4152
f 4364/6253/4154 4362/6250/4152 4363/6254/4153
f 4365/6255/4155 4364/6253/4154 4363/6254/4153
f 4351/6230/4141 4364/6253/4154 4353/6211/4130
f 4364/6253/4154 4365/6255/4155 4366/6233/4143
f 4364/6253/4154 4366/6233/4143 4353/6211/4130
f 4354/6235/4145 4366/6233/4143 4365/6255/4155
f 4354/6236/4145 4367/6256/4156 4357/6237/4146
f 4367/6256/4156 4372/6257/4157 4357/6237/4146
f 4367/6256/4156 4368/6258/4158 4372/6257/4157
f 4368/6258/4158 4369/6259/4159 4372/6257/4157
f 4356/6243/4148 4370/6260/4160 4360/6244/4150
f 4371/6261/4161 4370/6260/4160 4369/6262/4159
f 4356/6240/4148 4357/6237/4146 4372/6257/4157
f 4370/6263/4160 4356/6240/4148 4372/6257/4157
f 4370/6263/4160 4372/6257/4157 4369/6259/4159
f 4370/6260/4160 4373/6264/4162 4360/6244/4150
f 4370/6260/4160 4371/6261/4161 4373/6264/4162
f 4360/6244/4150 4373/6264/4162 4363/6251/4153
f 4374/6265/4163 4373/6264/4162 4371/6261/4161
f 4373/6264/4162 4375/6266/4164 4363/6251/4153
f 4373/6264/4162 4374/6265/4163 4375/6266/4164
f 4365/6255/4155 4363/6254/4153 4375/6267/4164
f 4374/6268/4163 4376/6269/4165 4375/6270/4164
f 4377/6271/4166 4365/6255/4155 4375/6267/4164
f 4377/6272/4166 4375/6270/4164 4376/6269/4165
f 4378/6273/4167 4377/6272/4166 4376/6269/4165
f 4377/6271/4166 4379/6274/4168 4365/6255/4155
f 4377/6271/4166 4378/6275/4167 4379/6274/4168
f 4367/6276/4156 4354/6235/4145 4379/6274/4168
f 4354/6235/4145 4365/6255/4155 4379/6274/4168
f 4378/6275/4167 4380/6277/4169 4379/6274/4168
f 4367/6276/4156 4379/6274/4168 4380/6277/4169
f 4368/6278/4158 4367/6276/4156 4380/6277/4169
f 4368/6258/4158 4393/6279/4170 4369/6259/4159
f 4393/6280/4170 4385/6281/4171 4369/6282/4159
f 4393/6280/4170 4381/6283/4172 4385/6281/4171
f 4381/6284/4172 4384/6285/4173 4385/6286/4171
f 4383/6287/4174 4382/6288/4175 4384/6289/4173
f 4371/6261/4161 4369/6262/4159 4385/6290/4171
f 4382/6291/4175 4371/6292/4161 4385/6286/4171
f 4382/6291/4175 4385/6286/4171 4384/6285/4173
f 4382/6288/4175 4386/6293/4176 4371/6261/4161
f 4382/6288/4175 4383/6287/4174 4386/6293/4176
f 4374/6265/4163 4371/6261/4161 4386/6293/4176
f 4387/6294/4177 4374/6265/4163 4386/6293/4176
f 4387/6294/4177 4386/6293/4176 4383/6287/4174
f 4388/6295/4178 4387/6294/4177 4383/6287/4174
f 4374/6265/4163 4387/6294/4177 4376/6296/4165
f 4387/6294/4177 4388/6295/4178 4389/6297/4179
f 4378/6273/4167 4376/6269/4165 4389/6298/4179
f 4387/6294/4177 4389/6297/4179 4376/6296/4165
f 4388/6295/4178 4390/6299/4180 4389/6297/4179
f 4391/6300/4181 4378/6273/4167 4389/6298/4179
f 4392/6301/4182 4391/6300/4181 4390/6302/4180
f 4378/6275/4167 4391/6303/4181 4380/6277/4169
f 4391/6300/4181 4389/6298/4179 4390/6302/4180
f 4391/6303/4181 4393/6280/4170 4380/6277/4169
f 4391/6303/4181 4392/6304/4182 4393/6280/4170
f 4368/6278/4158 4380/6277/4169 4393/6280/4170
f 4392/6304/4182 4394/6305/4183 4393/6280/4170
f 4381/6283/4172 4393/6280/4170 4394/6305/4183
f 4381/6284/4172 4395/6306/4184 4384/6285/4173
f 4395/6306/4184 4400/6307/4185 4384/6285/4173
f 4395/6306/4184 4396/6308/4186 4400/6307/4185
f 4396/6308/4186 4397/6309/4187 4400/6307/4185
f 4399/6310/4188 4398/6311/4189 4397/6309/4187
f 4383/6287/4174 4384/6289/4173 4400/6312/4185
f 4398/6311/4189 4383/6313/4174 4400/6307/4185
f 4398/6311/4189 4400/6307/4185 4397/6309/4187
f 4398/6314/4189 4399/6315/4188 4401/6316/4190
f 4388/6295/4178 4383/6287/4174 4401/6316/4190
f 4398/6314/4189 4401/6316/4190 4383/6287/4174
f 4399/6315/4188 4402/6317/4191 4401/6316/4190
f 4403/6318/4192 4401/6316/4190 4402/6317/4191
f 4388/6295/4178 4401/6316/4190 4390/6299/4180
f 4401/6316/4190 4404/6319/4193 4390/6299/4180
f 4401/6316/4190 4403/6318/4192 4404/6319/4193
f 4392/6301/4182 4390/6302/4180 4404/6320/4193
f 4403/6321/4192 4405/6322/4194 4404/6320/4193
f 4406/6323/4195 4392/6301/4182 4404/6320/4193
f 4406/6323/4195 4404/6320/4193 4405/6322/4194
f 4392/6304/4182 4406/6324/4195 4394/6305/4183
f 4407/6325/4196 4406/6323/4195 4405/6322/4194
f 4406/6324/4195 4408/6326/4197 4394/6305/4183
f 4406/6324/4195 4407/6327/4196 4408/6326/4197
f 4381/6283/4172 4394/6305/4183 4408/6326/4197
f 4395/6328/4184 4381/6283/4172 4408/6326/4197
f 4396/6329/4186 4395/6328/4184 4407/6327/4196
f 4395/6328/4184 4408/6326/4197 4407/6327/4196
f 4396/6308/4186 4409/6330/4198 4397/6309/4187
f 4409/6330/4198 4410/6331/4199 4397/6309/4187
f 4409/6330/4198 4422/6332/4200 4410/6331/4199
f 4422/6332/4200 4413/6333/4201 4410/6331/4199
f 4399/6315/4188 4411/6334/4202 4402/6317/4191
f 4412/6335/4203 4411/6336/4202 4413/6333/4201
f 4399/6310/4188 4397/6309/4187 4410/6331/4199
f 4411/6334/4202 4399/6315/4188 4410/6337/4199
f 4411/6334/4202 4410/6337/4199 4413/6338/4201
f 4403/6318/4192 4402/6317/4191 4411/6334/4202
f 4412/6339/4203 4414/6340/4204 4411/6334/4202
f 4415/6341/4205 4403/6318/4192 4411/6334/4202
f 4415/6341/4205 4411/6334/4202 4414/6340/4204
f 4403/6321/4192 4415/6342/4205 4405/6322/4194
f 4416/6343/4206 4415/6341/4205 4414/6340/4204
f 4415/6342/4205 4417/6344/4207 4405/6322/4194
f 4415/6342/4205 4416/6345/4206 4417/6344/4207
f 4407/6325/4196 4405/6322/4194 4417/6344/4207
f 4416/6345/4206 4418/6346/4208 4417/6344/4207
f 4419/6347/4209 4407/6325/4196 4417/6344/4207
f 4419/6347/4209 4417/6344/4207 4418/6346/4208
f 4420/6348/4210 4419/6347/4209 4418/6346/4208
f 4419/6349/4209 4421/6350/4211 4407/6327/4196
f 4419/6349/4209 4420/6351/4210 4421/6350/4211
f 4396/6329/4186 4407/6327/4196 4421/6350/4211
f 4409/6352/4198 4396/6329/4186 4421/6350/4211
f 4420/6351/4210 4422/6353/4200 4421/6350/4211
f 4409/6352/4198 4421/6350/4211 4422/6353/4200
f 4422/6332/4200 4423/6354/4212 4413/6333/4201
f 4423/6354/4212 4424/6355/4213 4413/6333/4201
f 4423/6354/4212 4425/6356/4214 4424/6355/4213
f 4425/6356/4214 4426/6357/4215 4424/6355/4213
f 4412/6339/4203 4427/6358/4216 4414/6340/4204
f 4428/6359/4217 4427/6360/4216 4426/6357/4215
f 4412/6335/4203 4413/6333/4201 4424/6355/4213
f 4427/6360/4216 4412/6335/4203 4424/6355/4213
f 4427/6360/4216 4424/6355/4213 4426/6357/4215
f 4427/6358/4216 4428/6361/4217 4429/6362/4218
f 4416/6343/4206 4414/6340/4204 4429/6362/4218
f 4427/6358/4216 4429/6362/4218 4414/6340/4204
f 4428/6361/4217 4430/6363/4219 4429/6362/4218
f 4431/6364/4220 4416/6343/4206 4429/6362/4218
f 4431/6364/4220 4429/6362/4218 4430/6363/4219
f 4432/6365/4221 4431/6364/4220 4430/6363/4219
f 4416/6345/4206 4431/6366/4220 4418/6346/4208
f 4431/6366/4220 4432/6367/4221 4433/6368/4222
f 4420/6348/4210 4418/6346/4208 4433/6368/4222
f 4431/6366/4220 4433/6368/4222 4418/6346/4208
f 4432/6367/4221 4434/6369/4223 4433/6368/4222
f 4435/6370/4224 4420/6348/4210 4433/6368/4222
f 4435/6370/4224 4433/6368/4222 4434/6369/4223
f 4436/6371/4225 4435/6370/4224 4434/6369/4223
f 4420/6351/4210 4435/6372/4224 4422/6353/4200
f 4435/6373/4224 4436/6374/4225 4437/6375/4226
f 4423/6376/4212 4422/6353/4200 4437/6377/4226
f 4435/6372/4224 4437/6377/4226 4422/6353/4200
f 4423/6378/4212 4437/6375/4226 4438/6379/4227
f 4425/6380/4214 4423/6378/4212 4438/6379/4227
f 4436/6374/4225 4438/6379/4227 4437/6375/4226
f 4425/6356/4214 4439/6381/4228 4426/6357/4215
f 4439/6381/4228 4440/6382/4229 4426/6357/4215
f 4439/6381/4228 4441/6383/4230 4440/6382/4229
f 4441/6383/4230 4442/6384/4231 4440/6382/4229
f 4428/6361/4217 4443/6385/4232 4430/6363/4219
f 4444/6386/4233 4443/6387/4232 4442/6384/4231
f 4428/6359/4217 4426/6357/4215 4440/6382/4229
f 4443/6387/4232 4440/6382/4229 4442/6384/4231
f 4443/6387/4232 4428/6359/4217 4440/6382/4229
f 4443/6385/4232 4445/6388/4234 4430/6363/4219
f 4443/6389/4232 4444/6390/4233 4445/6391/4234
f 4432/6365/4221 4430/6363/4219 4445/6388/4234
f 4444/6390/4233 4446/6392/4235 4445/6391/4234
f 4447/6393/4236 4432/6365/4221 4445/6388/4234
f 4447/6394/4236 4445/6391/4234 4446/6392/4235
f 4432/6367/4221 4447/6395/4236 4434/6369/4223
f 4448/6396/4237 4447/6394/4236 4446/6392/4235
f 4447/6395/4236 4449/6397/4238 4434/6369/4223
f 4447/6395/4236 4448/6398/4237 4449/6397/4238
f 4436/6371/4225 4434/6369/4223 4449/6397/4238
f 4448/6398/4237 4450/6399/4239 4449/6397/4238
f 4451/6400/4240 4436/6371/4225 4449/6397/4238
f 4451/6400/4240 4449/6397/4238 4450/6399/4239
f 4452/6401/4241 4451/6400/4240 4450/6399/4239
f 4436/6374/4225 4451/6402/4240 4438/6379/4227
f 4451/6402/4240 4453/6403/4242 4438/6379/4227
f 4451/6402/4240 4452/6404/4241 4453/6403/4242
f 4425/6380/4214 4438/6379/4227 4453/6403/4242
f 4439/6405/4228 4425/6380/4214 4453/6403/4242
f 4441/6406/4230 4439/6405/4228 4454/6407/4243
f 4452/6404/4241 4454/6407/4243 4453/6403/4242
f 4439/6405/4228 4453/6403/4242 4454/6407/4243
f 4441/6383/4230 4455/6408/4244 4442/6384/4231
f 4455/6408/4244 4459/6409/4245 4442/6384/4231
f 4455/6408/4244 4467/6410/4246 4459/6409/4245
f 4467/6411/4246 4456/6412/4247 4459/6413/4245
f 4444/6390/4233 4457/6414/4248 4446/6392/4235
f 4458/6415/4249 4457/6416/4248 4456/6417/4247
f 4444/6386/4233 4442/6384/4231 4459/6409/4245
f 4457/6416/4248 4444/6386/4233 4459/6409/4245
f 4457/6416/4248 4459/6409/4245 4456/6417/4247
f 4457/6414/4248 4460/6418/4250 4446/6392/4235
f 4457/6414/4248 4458/6419/4249 4460/6418/4250
f 4448/6396/4237 4446/6392/4235 4460/6418/4250
f 4458/6419/4249 4461/6420/4251 4460/6418/4250
f 4448/6398/4237 4460/6421/4250 4450/6399/4239
f 4460/6421/4250 4461/6422/4251 4462/6423/4252
f 4452/6401/4241 4450/6399/4239 4462/6423/4252
f 4460/6421/4250 4462/6423/4252 4450/6399/4239
f 4461/6422/4251 4463/6424/4253 4462/6423/4252
f 4464/6425/4254 4452/6401/4241 4462/6423/4252
f 4464/6425/4254 4462/6423/4252 4463/6424/4253
f 4465/6426/4255 4464/6425/4254 4463/6424/4253
f 4452/6404/4241 4464/6427/4254 4454/6407/4243
f 4464/6427/4254 4466/6428/4256 4454/6407/4243
f 4464/6427/4254 4465/6429/4255 4466/6428/4256
f 4441/6406/4230 4454/6407/4243 4466/6428/4256
f 4455/6430/4244 4441/6406/4230 4466/6428/4256
f 4465/6429/4255 4467/6411/4246 4466/6428/4256
f 4455/6430/4244 4466/6428/4256 4467/6411/4246
f 4467/6411/4246 4468/6431/4257 4456/6412/4247
f 4468/6432/4257 4473/6433/4258 4456/6417/4247
f 4468/6432/4257 4469/6434/4259 4473/6433/4258
f 4469/6434/4259 4472/6435/4260 4473/6433/4258
f 4458/6419/4249 4470/6436/4261 4461/6420/4251
f 4471/6437/4262 4470/6436/4261 4472/6438/4260
f 4458/6415/4249 4456/6417/4247 4473/6433/4258
f 4470/6436/4261 4473/6439/4258 4472/6438/4260
f 4470/6440/4261 4458/6415/4249 4473/6433/4258
f 4470/6436/4261 4474/6441/4263 4461/6420/4251
f 4470/6436/4261 4471/6437/4262 4474/6441/4263
f 4471/6437/4262 4475/6442/4264 4474/6441/4263
f 4476/6443/4265 4474/6441/4263 4475/6442/4264
f 4461/6422/4251 4474/6444/4263 4463/6424/4253
f 4474/6441/4263 4476/6443/4265 4477/6445/4266
f 4465/6426/4255 4463/6424/4253 4477/6446/4266
f 4474/6441/4263 4477/6445/4266 4463/6447/4253
f 4476/6448/4265 4478/6449/4267 4477/6446/4266
f 4479/6450/4268 4465/6426/4255 4477/6446/4266
f 4479/6450/4268 4477/6446/4266 4478/6449/4267
f 4480/6451/4269 4479/6450/4268 4478/6449/4267
f 4465/6429/4255 4479/6452/4268 4467/6411/4246
f 4479/6452/4268 4480/6453/4269 4481/6454/4270
f 4468/6431/4257 4467/6411/4246 4481/6454/4270
f 4479/6452/4268 4481/6454/4270 4467/6411/4246
f 4468/6431/4257 4481/6454/4270 4482/6455/4271
f 4469/6456/4259 4468/6431/4257 4482/6455/4271
f 4480/6453/4269 4482/6455/4271 4481/6454/4270
f 4469/6456/4259 4483/6457/4272 4472/6458/4260
f 3978/5582/3769 4483/6457/4272 3996/5610/3788
f 3978/5582/3769 3980/5584/3771 4484/6459/4273
f 4483/6457/4272 4484/6459/4273 4472/6458/4260
f 4483/6457/4272 3978/5582/3769 4484/6459/4273
f 4471/6437/4262 4485/6460/4274 4475/6442/4264
f 3985/5592/3777 4485/6460/4274 3980/5593/3771
f 4471/6437/4262 4472/6438/4260 4484/6461/4273
f 4485/6460/4274 4471/6437/4262 4484/6461/4273
f 4485/6460/4274 4484/6461/4273 3980/5593/3771
f 4485/6460/4274 3985/5592/3777 4486/6462/4275
f 3985/5592/3777 3986/5594/3778 4486/6462/4275
f 4476/6443/4265 4475/6442/4264 4486/6462/4275
f 4485/6460/4274 4486/6462/4275 4475/6442/4264
f 3990/5598/3782 4487/6463/4276 3986/5594/3778
f 4476/6448/4265 4487/6464/4276 4478/6449/4267
f 4487/6463/4276 4476/6443/4265 4486/6462/4275
f 4487/6463/4276 4486/6462/4275 3986/5594/3778
f 4487/6464/4276 3990/5599/3782 4488/6465/4277
f 3990/5599/3782 3991/5601/3783 4488/6465/4277
f 4480/6451/4269 4478/6449/4267 4488/6465/4277
f 4487/6464/4276 4488/6465/4277 4478/6449/4267
f 3996/5610/3788 4489/6466/4278 3991/5611/3783
f 4480/6453/4269 4489/6466/4278 4482/6455/4271
f 4489/6467/4278 4480/6451/4269 4488/6465/4277
f 4489/6467/4278 4488/6465/4277 3991/5601/3783
f 4489/6466/4278 3996/5610/3788 4483/6457/4272
f 4489/6466/4278 4483/6457/4272 4482/6455/4271
f 4469/6456/4259 4482/6455/4271 4483/6457/4272
f 5086/6468/4279 5088/6469/4280 5397/6470/4281
f 5087/6471/4282 4494/6472/4283 5388/6473/4284
f 5397/6470/4281 4495/6474/4285 5086/6468/4279
f 4498/6475/4286 5494/6476/4287 5399/6477/4288
f 5398/6478/4289 5399/6477/4288 5494/6476/4287
f 4548/6479/4290 4560/6480/4291 4538/6481/4292
f 4603/6482/4293 4576/6483/4294 4575/6484/4295
f 4603/6482/4293 4561/6485/4296 4579/6486/4297
f 4601/6487/4298 4602/6488/4299 4599/6489/4300
f 4610/6490/4301 4601/6487/4298 4598/6491/4302
f 4625/6492/4303 4601/6487/4298 4623/6493/4304
f 4539/6494/4305 4625/6492/4303 4641/6495/4306
f 5000/6496/4307 5001/6497/4308 4997/6498/4309
f 5539/6499/4310 5011/6500/4311 5012/6501/4312
f 5532/6502/4313 5008/6503/4314 5015/6504/4315
f 5051/6505/4316 5039/6506/4317 5046/6507/4318
f 5549/6508/4319 5552/6509/4320 5245/6510/4321
f 5091/6511/4322 5089/6512/4323 5007/6513/4324
f 5098/6514/4325 5099/6515/4326 5004/6516/4327
f 4998/6517/4328 5109/6518/4329 4999/6519/4330
f 4998/6517/4328 5100/6520/4331 5101/6521/4332
f 5109/6522/4329 5101/6523/4332 5107/6524/4333
f 5117/6525/4334 5114/6526/4335 5022/6527/4336
f 5089/6512/4323 5123/6528/4337 5007/6513/4324
f 5128/6529/4338 5119/6530/4339 5017/6531/4340
f 5128/6529/4338 5125/6532/4341 5127/6533/4342
f 5121/6534/4343 5127/6535/4342 5132/6536/4344
f 5141/6537/4345 5139/6538/4346 5038/6539/4347
f 5114/6526/4335 5148/6540/4348 5022/6527/4336
f 5151/6541/4349 5144/6542/4350 5032/6543/4351
f 5151/6544/4349 5149/6545/4352 5159/6546/4353
f 5146/6547/4354 5159/6548/4353 5156/6549/4355
f 5166/6550/4356 5163/6551/4357 5055/6552/4358
f 5139/6538/4346 5172/6553/4359 5038/6539/4347
f 5048/6554/4360 5168/6555/4361 5049/6556/4362
f 5048/6554/4360 5173/6557/4363 5175/6558/4364
f 5170/6559/4365 5175/6560/4364 5181/6561/4366
f 5190/6562/4367 5187/6563/4368 5070/6564/4369
f 5163/6551/4357 5196/6565/4370 5055/6552/4358
f 5063/6566/4371 5197/6567/4372 5198/6568/4373
f 5063/6566/4371 5192/6569/4374 5064/6570/4375
f 5194/6571/4376 5198/6572/4373 5205/6573/4377
f 5212/6574/4378 5098/6514/4325 5004/6516/4327
f 5187/6563/4368 5219/6575/4379 5070/6564/4369
f 5077/6576/4380 5215/6577/4381 5078/6578/4382
f 5077/6576/4380 5221/6579/4383 5223/6580/4384
f 5217/6581/4385 5223/6582/4384 5228/6583/4386
f 5552/6509/4320 5244/6584/4387 5245/6510/4321
f 5471/6585/4388 5244/6584/4387 5552/6509/4320
f 5274/6586/4389 5259/6587/4390 5261/6588/4391
f 5276/6589/4392 5274/6586/4389 5280/6590/4393
f 5280/6590/4393 5275/6591/4394 5276/6589/4392
f 5274/6586/4389 5276/6589/4392 5273/6592/4395
f 5274/6586/4389 5279/6593/4396 5280/6590/4393
f 5299/6594/4397 5293/6595/4398 5279/6593/4396
f 5297/6596/4399 5298/6597/4400 5300/6598/4401
f 5294/6599/4402 5295/6600/4403 5300/6598/4401
f 5320/6601/4404 5311/6602/4405 5312/6603/4406
f 5320/6601/4404 5330/6604/4407 5318/6605/4408
f 5331/6606/4409 5330/6604/4407 5337/6607/4410
f 5337/6607/4410 5332/6608/4411 5331/6606/4409
f 5337/6607/4410 5330/6604/4407 5335/6609/4412
f 5351/6610/4413 5349/6611/4414 5355/6612/4415
f 5351/6610/4413 5350/6613/4416 5349/6611/4414
f 5253/6614/4417 5355/6612/4415 5255/6615/4418
f 5352/6616/4419 5351/6610/4413 5356/6617/4420
f 5356/6617/4420 5355/6612/4415 5353/6618/4421
f 5355/6612/4415 5356/6617/4420 5351/6610/4413
f 4787/6619/4422 5362/6620/4423 4786/6621/4424
f 5362/6620/4423 5474/6622/4425 4786/6621/4424
f 5025/6623/4426 4812/6624/4427 4806/6625/4428
f 4807/6626/4429 5025/6623/4426 4806/6625/4428
f 5041/6627/4430 4833/6628/4431 4827/6629/4432
f 4828/6630/4433 5041/6627/4430 4827/6629/4432
f 5057/6631/4434 4854/6632/4435 4848/6633/4436
f 4849/6634/4437 5057/6631/4434 4848/6633/4436
f 5369/6635/4438 4875/6636/4439 4869/6637/4440
f 4870/6638/4441 5369/6635/4438 4869/6637/4440
f 5375/6639/4442 4895/6640/4443 4891/6641/4444
f 4892/6642/4445 5375/6639/4442 4891/6641/4444
f 5097/6643/4446 5096/6644/4447 5107/6524/4333
f 5122/6645/4448 5121/6534/4343 5132/6536/4344
f 5147/6646/4449 5146/6547/4354 5156/6549/4355
f 5171/6647/4450 5170/6559/4365 5181/6561/4366
f 5195/6648/4451 5194/6571/4376 5205/6573/4377
f 5218/6649/4452 5217/6581/4385 5228/6583/4386
f 5052/6650/4453 5053/6651/4454 5523/6652/4455
f 5081/6653/4456 5080/6654/4457 5530/6655/4458
f 5000/6496/4307 4998/6656/4328 5531/6657/4459
f 5018/6658/4460 5128/6659/4338 5533/6660/4461
f 5033/6661/4462 5151/6662/4349 5534/6663/4463
f 5050/6664/4464 5048/6665/4360 5535/6666/4465
f 5065/6667/4466 5063/6668/4371 5536/6669/4467
f 5079/6670/4468 5077/6671/4380 5538/6672/4469
f 5014/6673/4470 5013/6674/4471 5008/6503/4314
f 5029/6675/4472 5028/6676/4473 5023/6677/4474
f 5045/6678/4475 5044/6679/4476 5039/6506/4317
f 5060/6680/4477 5546/6681/4478 5056/6682/4479
f 5074/6683/4480 5073/6684/4481 5071/6685/4482
f 5084/6686/4483 5552/6687/4320 5003/6688/4484
f 5553/6689/4485 5084/6686/4483 5003/6688/4484
f 5554/6690/4486 5014/6673/4470 5008/6503/4314
f 5556/6691/4487 5029/6675/4472 5023/6677/4474
f 5381/6692/4488 5045/6678/4475 5039/6506/4317
f 5559/6693/4489 5060/6680/4477 5056/6682/4479
f 5561/6694/4490 5074/6683/4480 5071/6685/4482
f 4603/6482/4293 4539/6494/4305 4538/6481/4292
f 4561/6485/4296 4603/6482/4293 4538/6481/4292
f 5299/6594/4397 5274/6586/4389 5261/6588/4391
f 5330/6604/4407 5355/6612/4415 5335/6609/4412
f 5397/6470/4281 5088/6469/4280 5087/6471/4282
f 5393/6695/4491 4490/6696/4492 5085/6697/4493
f 5087/6471/4282 5490/6698/4494 4494/6472/4283
f 5085/6697/4493 4496/6699/4495 5393/6695/4491
f 5087/6471/4282 5388/6473/4284 5397/6470/4281
f 4500/6700/4496 5110/6701/4497 5111/6702/4498
f 5494/6476/4287 4490/6696/4492 5393/6695/4491
f 5133/6703/4499 4498/6475/4286 5399/6477/4288
f 5399/6477/4288 5401/6704/4500 5133/6703/4499
f 5393/6695/4491 5398/6478/4289 5494/6476/4287
f 5111/6702/4498 4499/6705/4501 4500/6700/4496
f 5423/6706/4502 4501/6707/4503 5135/6708/4504
f 4502/6709/4505 5498/6710/4506 5413/6711/4507
f 5413/6711/4507 5414/6712/4508 4502/6709/4505
f 5135/6708/4504 4504/6713/4509 5423/6706/4502
f 5438/6714/4510 4505/6715/4511 5160/6716/4512
f 5178/6717/4513 4501/6707/4503 5423/6706/4502
f 5423/6706/4502 5427/6718/4514 5178/6717/4513
f 5160/6716/4512 4509/6719/4515 5438/6714/4510
f 5452/6720/4516 4510/6721/4517 5183/6722/4518
f 5202/6723/4519 4505/6715/4511 5438/6714/4510
f 5438/6714/4510 5442/6724/4520 5202/6723/4519
f 5183/6722/4518 5456/6725/4521 5452/6720/4516
f 4493/6726/4522 4492/6727/4523 5207/6728/4524
f 5207/6728/4524 5469/6729/4525 4493/6726/4522
f 5510/6730/4526 4510/6721/4517 5452/6720/4516
f 5452/6720/4516 5458/6731/4527 5510/6730/4526
f 4522/6732/4528 4540/6733/4529 4520/6734/4530
f 4537/6735/4531 4538/6481/4292 4540/6733/4529
f 4537/6735/4531 4534/6736/4532 4538/6481/4292
f 4538/6481/4292 4560/6480/4291 4561/6485/4296
f 4560/6480/4291 4557/6737/4533 4561/6485/4296
f 4566/6738/4534 4579/6486/4297 4567/6739/4535
f 4579/6486/4297 4576/6483/4294 4603/6482/4293
f 4580/6740/4536 4579/6486/4297 4561/6485/4296
f 4586/6741/4537 4602/6488/4299 4587/6742/4538
f 4603/6482/4293 4589/6743/4539 4602/6488/4299
f 4611/6744/4540 4623/6493/4304 4609/6745/4541
f 4601/6487/4298 4610/6490/4301 4623/6493/4304
f 4630/6746/4542 4641/6495/4306 4631/6747/4543
f 4625/6492/4303 4621/6748/4544 4641/6495/4306
f 4641/6495/4306 4640/6749/4545 4539/6494/4305
f 4646/6750/4546 4652/6751/4547 4664/6752/4548
f 4646/6750/4546 4517/6753/4549 4645/6754/4550
f 4647/6755/4551 4646/6750/4546 4525/6756/4552
f 4652/6751/4547 4645/6754/4550 4650/6757/4553
f 4652/6758/4547 5396/6759/4554 4661/6760/4555
f 4652/6758/4547 4650/6761/4553 5392/6762/4556
f 4663/6763/4557 4660/6764/4558 4659/6765/4559
f 4659/6765/4559 4660/6764/4558 4656/6766/4560
f 4661/6760/4555 4662/6767/4561 4660/6764/4558
f 4525/6756/4552 4665/6768/4562 4526/6769/4563
f 4527/6770/4564 4665/6768/4562 4663/6771/4557
f 4664/6752/4548 4660/6772/4558 4665/6768/4562
f 4787/6619/4422 4780/6773/4565 5472/6774/4566
f 4794/6775/4567 4792/6776/4568 4791/6777/4569
f 4802/6778/4570 4803/6779/4571 4807/6626/4429
f 4807/6626/4429 4801/6780/4572 5476/6781/4573
f 4835/6782/4574 4833/6628/4431 4832/6783/4575
f 4839/6784/4576 4823/6785/4577 4833/6628/4431
f 4844/6786/4578 4845/6787/4579 4849/6634/4437
f 4849/6634/4437 4843/6788/4580 5481/6789/4581
f 4865/6790/4582 4866/6791/4583 4870/6638/4441
f 4870/6638/4441 4864/6792/4584 5483/6793/4585
f 4877/6794/4586 4875/6636/4439 4874/6795/4587
f 4881/6796/4588 4865/6790/4582 4875/6636/4439
f 4897/6797/4589 4895/6640/4443 4894/6798/4590
f 4900/6799/4591 4886/6800/4592 4895/6640/4443
f 5000/6496/4307 4997/6498/4309 4998/6656/4328
f 4997/6498/4309 5001/6497/4308 5002/6801/4593
f 5006/6802/4594 5007/6803/4324 5008/6503/4314
f 5474/6804/4425 5539/6499/4310 5231/6805/4595
f 5128/6659/4338 5018/6658/4460 5016/6806/4596
f 5015/6504/4315 5008/6503/4314 5007/6803/4324
f 5021/6807/4597 5022/6808/4336 5023/6677/4474
f 5033/6661/4462 5030/6809/4598 5151/6662/4349
f 5037/6810/4599 5038/6811/4347 5039/6506/4317
f 5479/6812/4600 5543/6813/4601 5480/6814/4602
f 5048/6665/4360 5050/6664/4464 5047/6815/4603
f 5046/6507/4318 5039/6506/4317 5038/6811/4347
f 5054/6816/4604 5055/6817/4358 5056/6682/4479
f 5544/6818/4605 5059/6819/4606 5058/6820/4607
f 5063/6668/4371 5065/6667/4466 5062/6821/4608
f 5069/6822/4609 5070/6823/4369 5071/6685/4482
f 5547/6824/4610 5548/6825/4611 5072/6826/4612
f 5077/6671/4380 5079/6670/4468 5076/6827/4613
f 5246/6828/4614 5549/6508/4319 5245/6510/4321
f 5082/6829/4615 5004/6830/4327 5003/6831/4484
f 5552/6509/4320 5084/6832/4483 5471/6585/4388
f 5550/6833/4616 5552/6509/4320 5549/6508/4319
f 5123/6528/4337 5015/6834/4315 5007/6513/4324
f 5007/6513/4324 5006/6835/4594 5091/6511/4322
f 5097/6836/4446 5092/6837/4617 5093/6838/4618
f 5099/6515/4326 5002/6839/4593 5004/6516/4327
f 4997/6840/4309 5100/6520/4331 4998/6517/4328
f 5109/6518/4329 4998/6517/4328 5101/6521/4332
f 5107/6524/4333 5101/6523/4332 5108/6841/4619
f 5148/6540/4348 5031/6842/4620 5022/6527/4336
f 5022/6527/4336 5021/6843/4597 5117/6525/4334
f 5122/6844/4448 5116/6845/4621 5118/6846/4622
f 5016/6847/4596 5125/6532/4341 5128/6529/4338
f 5127/6533/4342 5119/6530/4339 5128/6529/4338
f 5132/6536/4344 5127/6535/4342 5134/6848/4623
f 5172/6553/4359 5046/6849/4318 5038/6539/4347
f 5038/6539/4347 5037/6850/4599 5141/6537/4345
f 5147/6851/4449 5142/6852/4624 5143/6853/4625
f 5030/6854/4598 5149/6545/4352 5151/6544/4349
f 5159/6855/4353 5144/6542/4350 5151/6541/4349
f 5156/6549/4355 5159/6548/4353 5158/6856/4626
f 5196/6565/4370 5061/6857/4627 5055/6552/4358
f 5055/6552/4358 5054/6858/4604 5166/6550/4356
f 5171/6859/4450 5165/6860/4628 5167/6861/4629
f 5047/6862/4603 5173/6557/4363 5048/6554/4360
f 5175/6558/4364 5168/6555/4361 5048/6554/4360
f 5181/6561/4366 5175/6560/4364 5182/6863/4630
f 5219/6575/4379 5075/6864/4631 5070/6564/4369
f 5070/6564/4369 5069/6865/4609 5190/6562/4367
f 5195/6866/4451 5189/6867/4632 5191/6868/4633
f 5062/6869/4608 5197/6567/4372 5063/6566/4371
f 5198/6568/4373 5192/6569/4374 5063/6566/4371
f 5205/6573/4377 5198/6572/4373 5206/6870/4634
f 5004/6516/4327 5082/6871/4615 5212/6574/4378
f 5218/6872/4452 5213/6873/4635 5214/6874/4636
f 5076/6875/4613 5221/6579/4383 5077/6576/4380
f 5223/6580/4384 5215/6577/4381 5077/6576/4380
f 5228/6583/4386 5223/6582/4384 5229/6876/4637
f 5254/6877/4638 5255/6615/4418 5256/6878/4639
f 5259/6587/4390 5260/6879/4640 5261/6588/4391
f 5257/6880/4641 5261/6588/4391 5262/6881/4642
f 5278/6882/4643 5280/6590/4393 5279/6593/4396
f 5299/6594/4397 5297/6596/4399 5300/6598/4401
f 5320/6601/4404 5312/6603/4406 5299/6594/4397
f 5330/6604/4407 5317/6883/4644 5318/6605/4408
f 5314/6884/4645 5317/6883/4644 5330/6604/4407
f 5319/6885/4646 5320/6601/4404 5318/6605/4408
f 5335/6609/4412 5355/6612/4415 5349/6611/4414
f 5376/6886/4647 5377/6887/4648 5011/6500/4311
f 5058/6820/4607 5557/6888/4649 5558/6889/4650
f 5386/6890/4651 5385/6891/4652 4654/6892/4653
f 5390/6893/4654 5391/6894/4655 4651/6895/4656
f 5402/6896/4657 5390/6893/4654 4680/6897/4658
f 4687/6898/4659 4677/6899/4660 5404/6900/4661
f 4682/6901/4662 5404/6900/4661 5403/6902/4663
f 5406/6903/4664 5409/6904/4665 4676/6905/4666
f 5411/6906/4667 5407/6907/4668 5410/6908/4669
f 4677/6899/4660 4678/6909/4670 5411/6906/4667
f 5417/6910/4671 5406/6903/4664 4703/6911/4672
f 4709/6912/4673 4700/6913/4674 5420/6914/4675
f 4705/6915/4676 5420/6914/4675 5418/6916/4677
f 5421/6917/4678 5422/6918/4679 4698/6919/4680
f 5425/6920/4681 4699/6921/4682 5424/6922/4683
f 4700/6923/4674 4702/6924/4684 5425/6920/4681
f 5431/6925/4685 5421/6917/4678 4724/6926/4686
f 4729/6927/4687 4721/6928/4688 5434/6929/4689
f 4726/6930/4690 5434/6929/4689 5432/6931/4691
f 5435/6932/4692 5436/6933/4693 4720/6934/4694
f 4721/6928/4688 4723/6935/4695 5441/6936/4696
f 5441/6936/4696 5437/6937/4697 5439/6938/4698
f 5446/6939/4699 5435/6932/4692 4746/6940/4700
f 4753/6941/4701 4743/6942/4702 5449/6943/4703
f 4748/6944/4704 5449/6943/4703 5447/6945/4705
f 5450/6946/4706 5453/6947/4707 5451/6948/4708
f 5455/6949/4709 4742/6950/4710 5454/6951/4711
f 4743/6942/4702 4744/6952/4712 5455/6949/4709
f 5462/6953/4713 5450/6946/4706 4766/6954/4714
f 4771/6955/4715 4763/6956/4716 5464/6957/4717
f 4768/6958/4718 5464/6957/4717 5463/6959/4719
f 5385/6891/4652 5466/6960/4720 4761/6961/4721
f 4763/6956/4716 4765/6962/4722 5468/6963/4723
f 5468/6963/4723 4762/6964/4724 5467/6965/4725
f 4787/6619/4422 5473/6966/4726 5362/6620/4423
f 4786/6621/4424 5474/6622/4425 4792/6776/4568
f 4807/6626/4429 5477/6967/4727 5025/6623/4426
f 5025/6623/4426 5234/6968/4728 4812/6624/4427
f 4828/6630/4433 5237/6969/4729 5041/6627/4430
f 5041/6627/4430 5479/6970/4600 4833/6628/4431
f 4849/6634/4437 5238/6971/4730 5057/6631/4434
f 5057/6631/4434 5368/6972/4731 4854/6632/4435
f 4870/6638/4441 5241/6973/4732 5369/6635/4438
f 5369/6635/4438 5371/6974/4733 4875/6636/4439
f 4892/6642/4445 5485/6975/4734 5375/6639/4442
f 5375/6639/4442 5246/6976/4614 4895/6640/4443
f 5488/6977/4735 5097/6643/4446 5107/6524/4333
f 5493/6978/4736 5122/6645/4448 5132/6536/4344
f 5497/6979/4737 5147/6646/4449 5156/6549/4355
f 5501/6980/4738 5171/6647/4450 5181/6561/4366
f 5505/6981/4739 5195/6648/4451 5205/6573/4377
f 5509/6982/4740 5218/6649/4452 5228/6583/4386
f 5008/6503/4314 5541/6983/4741 5006/6802/4594
f 5023/6677/4474 5516/6984/4742 5021/6807/4597
f 5039/6506/4317 5520/6985/4743 5037/6810/4599
f 5522/6986/4744 5052/6650/4453 5523/6652/4455
f 5056/6682/4479 5545/6987/4745 5054/6816/4604
f 5071/6685/4482 5527/6988/4746 5069/6822/4609
f 5529/6989/4747 5081/6653/4456 5530/6655/4458
f 5003/6831/4484 5551/6990/4748 5082/6829/4615
f 5008/6503/4314 5013/6674/4471 5541/6983/4741
f 5023/6677/4474 5028/6676/4473 5516/6984/4742
f 5039/6991/4317 5044/6992/4476 5520/6993/4743
f 5056/6682/4479 5546/6681/4478 5545/6987/4745
f 5071/6685/4482 5073/6684/4481 5527/6988/4746
f 5003/6688/4484 5552/6687/4320 5551/6994/4748
f 5001/6995/4308 5553/6689/4485 5003/6688/4484
f 5532/6502/4313 5554/6690/4486 5008/6503/4314
f 5034/6996/4749 5556/6691/4487 5023/6677/4474
f 5051/6997/4316 5381/6998/4488 5039/6999/4317
f 5066/7000/4750 5559/6693/4489 5056/6682/4479
f 5537/7001/4751 5561/6694/4490 5071/6685/4482
f 4540/6733/4529 4538/6481/4292 4539/6494/4305
f 4625/6492/4303 4539/6494/4305 4603/6482/4293
f 4603/6482/4293 4602/6488/4299 4601/6487/4298
f 4625/6492/4303 4603/6482/4293 4601/6487/4298
f 5299/6594/4397 5261/6588/4391 5355/6612/4415
f 5355/6612/4415 5261/6588/4391 5255/6615/4418
f 5299/6594/4397 5279/6593/4396 5274/6586/4389
f 5299/6594/4397 5355/6612/4415 5330/6604/4407
f 5320/6601/4404 5299/6594/4397 5330/6604/4407
f 4647/6755/4551 4519/7002/4752 4517/6753/4549
f 4520/6734/4530 4540/6733/4529 4521/7003/4753
f 4519/7002/4752 4520/6734/4530 4521/7003/4753
f 4524/7004/4754 4521/7003/4753 4523/7005/4755
f 4528/7006/4756 4526/6769/4563 4527/6770/4564
f 4534/6736/4532 4537/6735/4531 4536/7007/4757
f 4537/6735/4531 4540/6733/4529 4522/6732/4528
f 4542/7008/4758 4543/7009/4759 4541/7010/4760
f 4545/7011/4761 4546/7012/4762 4544/7013/4763
f 4548/6479/4290 4547/7014/4764 4560/6480/4291
f 4546/7012/4762 4547/7014/4764 4548/6479/4290
f 4543/7009/4759 4549/7015/4765 4550/7016/4766
f 4550/7016/4766 4538/6481/4292 4535/7017/4767
f 4552/7018/4768 4773/7019/4769 4551/7020/4770
f 4732/7021/4771 4563/7022/4772 4562/7023/4773
f 4564/7024/4774 4565/7025/4775 4738/7026/4776
f 4565/7025/4775 4566/6738/4534 4567/6739/4535
f 4563/7022/4772 4568/7027/4777 4580/6740/4536
f 4561/6485/4296 4557/6737/4533 4580/6740/4536
f 4570/7028/4778 4754/7029/4779 4569/7030/4780
f 4575/6484/4295 4576/6483/4294 4577/7031/4781
f 4581/7032/4782 4582/7033/4783 4711/7034/4784
f 4584/7035/4785 4585/7036/4786 4583/7037/4787
f 4585/7036/4786 4586/6741/4537 4587/6742/4538
f 4582/7033/4783 4588/7038/4788 4589/6743/4539
f 4603/6482/4293 4575/6484/4295 4589/6743/4539
f 4592/7039/4789 4590/7040/4790 4591/7041/4791
f 4689/7042/4792 4605/7043/4793 4604/7044/4794
f 4607/7045/4795 4608/7046/4796 4606/7047/4797
f 4608/7046/4796 4611/6744/4540 4609/6745/4541
f 4609/6745/4541 4623/6493/4304 4610/6490/4301
f 4605/7043/4793 4610/6490/4301 4612/7048/4798
f 4612/7048/4798 4610/6490/4301 4598/6491/4302
f 4615/7049/4799 4613/7050/4800 4614/7051/4801
f 4623/6493/4304 4620/7052/4802 4625/6492/4303
f 4620/7052/4802 4621/6748/4544 4625/6492/4303
f 4666/7053/4803 4627/7054/4804 4626/7055/4805
f 4628/7056/4806 4629/7057/4807 4672/7058/4808
f 4629/7057/4807 4630/6746/4542 4631/6747/4543
f 4627/7054/4804 4632/7059/4809 4633/7060/4810
f 4635/7061/4811 4688/7062/4812 4634/7063/4813
f 4523/7005/4755 4539/6494/4305 4638/7064/4814
f 4630/6746/4542 4640/6749/4545 4641/6495/4306
f 4652/6751/4547 4646/6750/4546 4645/6754/4550
f 4664/6752/4548 4525/6756/4552 4646/6750/4546
f 4646/6750/4546 4647/6755/4551 4517/6753/4549
f 4649/7065/4815 4648/7066/4816 4651/7067/4656
f 5396/6759/4554 4652/6758/4547 5392/6762/4556
f 4661/6760/4555 4664/7068/4548 4652/6758/4547
f 4660/6764/4558 4664/7068/4548 4661/6760/4555
f 4656/6766/4560 4660/6764/4558 4662/6767/4561
f 4663/6771/4557 4665/6768/4562 4660/6772/4558
f 4527/6770/4564 4526/6769/4563 4665/6768/4562
f 4665/6768/4562 4525/6756/4552 4664/6752/4548
f 4674/7069/4817 4673/7070/4818 4676/6905/4666
f 4687/6898/4659 4679/7071/4819 4677/6899/4660
f 4696/7072/4820 4695/7073/4821 4698/6919/4680
f 4709/6912/4673 4701/7074/4822 4700/6913/4674
f 4718/7075/4823 4717/7076/4824 4720/6934/4694
f 4729/6927/4687 4722/7077/4825 4721/6928/4688
f 4740/7078/4826 4739/7079/4827 5451/6948/4708
f 4753/6941/4701 4745/7080/4828 4743/6942/4702
f 4759/7081/4829 4653/7082/4830 4761/6961/4721
f 4771/6955/4715 4764/7083/4831 4763/6956/4716
f 4787/6619/4422 4782/7084/4832 4780/6773/4565
f 4779/7085/4833 4778/7086/4834 4785/7087/4835
f 4789/7088/4836 4790/7089/4837 4788/7090/4838
f 4794/7091/4567 4790/7089/4837 4795/7092/4839
f 4794/6775/4567 4798/7093/4840 4792/6776/4568
f 5475/7094/4841 4789/7088/4836 4788/7090/4838
f 4807/6626/4429 4803/6779/4571 4801/6780/4572
f 4809/7095/4842 4810/7096/4843 4808/7097/4844
f 4806/6625/4428 4802/6778/4570 4807/6626/4429
f 4814/7098/4845 4810/7096/4843 4815/7099/4846
f 4821/7100/4847 4809/7095/4842 4808/7097/4844
f 4830/7101/4848 4831/7102/4849 4829/7103/4850
f 4833/6628/4431 4823/6785/4577 4827/6629/4432
f 4835/6782/4574 4831/7102/4849 4836/7104/4851
f 4835/6782/4574 4839/6784/4576 4833/6628/4431
f 4842/7105/4852 4830/7101/4848 4829/7103/4850
f 4849/6634/4437 4845/6787/4579 4843/6788/4580
f 4851/7106/4853 4852/7107/4854 4850/7108/4855
f 4848/6633/4436 4844/6786/4578 4849/6634/4437
f 4856/7109/4856 4852/7110/4854 4857/7111/4857
f 4863/7112/4858 4851/7106/4853 4850/7108/4855
f 4870/6638/4441 4866/6791/4583 4864/6792/4584
f 4872/7113/4859 4873/7114/4860 4871/7115/4861
f 4869/6637/4440 4865/6790/4582 4870/6638/4441
f 4875/6636/4439 4865/6790/4582 4869/6637/4440
f 4877/6794/4586 4873/7114/4860 4878/7116/4862
f 4877/6794/4586 4881/6796/4588 4875/6636/4439
f 4884/7117/4863 4872/7113/4859 4871/7115/4861
f 4778/7086/4834 4893/7118/4864 4785/7087/4835
f 4895/6640/4443 4886/6800/4592 4891/6641/4444
f 4897/6797/4589 4893/7118/4864 4896/7119/4865
f 4897/6797/4589 4900/6799/4591 4895/6640/4443
f 5042/7120/4866 5043/7121/4867 5543/6813/4601
f 5368/7122/4731 5057/7123/4434 5058/6820/4607
f 5371/7124/4733 5369/7125/4438 5072/6826/4612
f 5095/7126/4868 5097/6836/4446 5093/6838/4618
f 5120/7127/4869 5122/6844/4448 5118/6846/4622
f 5127/6533/4342 5121/7128/4343 5119/6530/4339
f 4493/6726/4522 5383/7129/4870 5489/7130/4871 4492/6727/4523
f 5145/7131/4872 5147/6851/4449 5143/6853/4625
f 5159/6855/4353 5146/7132/4354 5144/6542/4350
f 5169/7133/4873 5171/6859/4450 5167/6861/4629
f 5175/6558/4364 5170/7134/4365 5168/6555/4361
f 5193/7135/4874 5195/6866/4451 5191/6868/4633
f 5198/6568/4373 5194/7136/4376 5192/6569/4374
f 5216/7137/4875 5218/6872/4452 5214/6874/4636
f 5223/6580/4384 5217/7138/4385 5215/6577/4381
f 5258/7139/4876 5263/7140/4877 5264/7141/4878
f 5268/7142/4879 5263/7140/4877 5258/7139/4876
f 5269/7143/4880 5271/7144/4881 5272/7145/4882
f 5271/7144/4881 5273/6592/4395 5276/6589/4392
f 5278/6882/4643 5284/7146/4883 5280/6590/4393
f 5281/7147/4884 5282/7148/4885 5283/7149/4886
f 5286/7150/4887 5270/7151/4888 5284/7146/4883
f 5288/7152/4889 5282/7148/4885 5281/7147/4884
f 5287/7153/4890 5290/7154/4891 5291/7155/4892
f 5290/7154/4891 5293/6595/4398 5295/6600/4403
f 5298/6597/4400 5303/7156/4893 5300/6598/4401
f 5296/7157/4894 5301/7158/4895 5302/7159/4896
f 5305/7160/4897 5289/7161/4898 5303/7156/4893
f 5306/7162/4899 5301/7158/4895 5296/7157/4894
f 5307/7163/4900 5308/7164/4901 5310/7165/4902
f 5308/7164/4901 5311/6602/4405 5313/7166/4903
f 5313/7166/4903 5311/6602/4405 5320/6601/4404
f 5318/6605/4408 5316/7167/4904 5319/6885/4646
f 5315/7168/4905 5321/7169/4906 5322/7170/4907
f 5324/7171/4908 5309/7172/4909 5316/7167/4904
f 5326/7173/4910 5321/7169/4906 5315/7168/4905
f 5325/7174/4911 5327/7175/4912 5329/7176/4913
f 5327/7175/4912 5331/6606/4409 5332/6608/4411
f 5335/6609/4412 5349/6611/4414 5334/7177/4914
f 5333/7178/4915 5341/7179/4916 5336/7180/4917
f 5338/7181/4918 5339/7182/4919 5340/7183/4920
f 5343/7184/4921 5328/7185/4922 5341/7179/4916
f 5344/7186/4923 5339/7182/4919 5338/7181/4918
f 5345/7187/4924 5346/7188/4925 5348/7189/4926
f 5346/7188/4925 5350/6613/4416 5351/6610/4413
f 5353/6618/4421 5354/7190/4927 5356/6617/4420
f 5250/7191/4928 5247/7192/4929 5357/7193/4930
f 5359/7194/4931 5347/7195/4932 5354/7190/4927
f 5473/7196/4726 5361/7197/4933 5376/6886/4647
f 5378/7198/4934 5026/7199/4935 5555/7200/4936
f 5025/7201/4426 5477/7202/4727 5026/7199/4935
f 5380/7203/4937 5042/7120/4866 5379/7204/4938
f 5041/7205/4430 5237/7206/4729 5042/7120/4866
f 5238/7207/4730 5240/7208/4939 5557/6888/4649
f 4653/7082/4830 5385/6891/4652 4761/6961/4721
f 4654/6892/4653 5385/6891/4652 4653/7082/4830
f 4648/7209/4816 5390/6893/4654 4651/6895/4656
f 4680/6897/4658 5390/6893/4654 4648/7209/4816
f 4682/6901/4662 4687/6898/4659 5404/6900/4661
f 5404/6900/4661 4677/6899/4660 5405/7210/4940
f 4673/7070/4818 5406/6903/4664 4676/6905/4666
f 5411/6906/4667 4678/6909/4670 5407/6907/4668
f 5405/7210/4940 4677/6899/4660 5411/6906/4667
f 4703/6911/4672 5406/6903/4664 4673/7070/4818
f 4705/6915/4676 4709/6912/4673 5420/6914/4675
f 5420/7211/4675 4700/6923/4674 5419/7212/4941
f 4695/7073/4821 5421/6917/4678 4698/6919/4680
f 5425/6920/4681 4702/6924/4684 4699/6921/4682
f 5419/7212/4941 4700/6923/4674 5425/6920/4681
f 4724/6926/4686 5421/6917/4678 4695/7073/4821
f 4726/6930/4690 4729/6927/4687 5434/6929/4689
f 5434/6929/4689 4721/6928/4688 5433/7213/4942
f 4717/7076/4824 5435/6932/4692 4720/6934/4694
f 5441/6936/4696 4723/6935/4695 5437/6937/4697
f 5433/7213/4942 4721/6928/4688 5441/6936/4696
f 4746/6940/4700 5435/6932/4692 4717/7076/4824
f 4748/6944/4704 4753/6941/4701 5449/6943/4703
f 5449/6943/4703 4743/6942/4702 5448/7214/4943
f 4739/7079/4827 5450/6946/4706 5451/6948/4708
f 5455/6949/4709 4744/6952/4712 4742/6950/4710
f 5448/7214/4943 4743/6942/4702 5455/6949/4709
f 4766/6954/4714 5450/6946/4706 4739/7079/4827
f 4768/6958/4718 4771/6955/4715 5464/6957/4717
f 5464/6957/4717 4763/6956/4716 5465/7215/4944
f 5468/6963/4723 4765/6962/4722 4762/6964/4724
f 5465/7215/4944 4763/6956/4716 5468/6963/4723
f 5384/7216/4945 4491/7217/4946 5489/7130/4871 5383/7129/4870
f 4494/6472/4283 5490/6698/4494 4491/7217/4946 5384/7216/4945
f 4496/7218/4495 5085/7219/4493 5086/6468/4279 4495/6474/4285
f 5110/6701/4497 4500/6700/4496 5408/7220/4947 4497/7221/4948
f 5112/7222/4949 5133/6703/4499 5401/6704/4500 5400/7223/4950
f 5111/6702/4498 5113/7224/4951 5412/7225/4952 4499/6705/4501
f 5412/7225/4952 5113/7224/4951 5112/7222/4949 5400/7223/4950
f 5408/7220/4947 5413/6711/4507 5498/6710/4506 4497/7221/4948
f 5137/7226/4953 5157/7227/4954 5416/7228/4955 5415/7229/4956
f 4502/6709/4505 5414/6712/4508 5416/7230/4955 5157/7231/4954
f 5135/6708/4504 5136/7232/4957 4503/7233/4958 4504/6713/4509
f 5136/7232/4957 5138/7234/4959 5426/7235/4960 4503/7233/4958
f 5426/7235/4960 5138/7234/4959 5137/7226/4953 5415/7229/4956
f 5162/7236/4961 5502/7237/4962 5430/7238/4963 5429/7239/4964
f 4507/7240/4965 5428/7241/4966 5430/7238/4963 5502/7237/4962
f 5178/6717/4513 5427/6718/4514 5428/7241/4966 4507/7240/4965
f 5160/6716/4512 5161/7242/4967 4508/7243/4968 4509/6719/4515
f 5161/7244/4967 4506/7245/4969 5440/7246/4970 4508/7247/4968
f 5440/7246/4970 4506/7245/4969 5162/7236/4961 5429/7239/4964
f 5185/7248/4971 5506/7249/4972 5445/7250/4973 5444/7251/4974
f 4511/7252/4975 5443/7253/4976 5445/7250/4973 5506/7249/4972
f 5202/6723/4519 5442/6724/4520 5443/7253/4976 4511/7252/4975
f 5183/6722/4518 5184/7254/4977 4512/7255/4978 5456/6725/4521
f 5184/7254/4977 5186/7256/4979 5457/7257/4980 4512/7255/4978
f 5457/7257/4980 5186/7256/4979 5185/7248/4971 5444/7251/4974
f 5209/7258/4981 5227/7259/4982 5461/7260/4983 5460/7261/4984
f 4513/7262/4985 5459/7263/4986 5461/7260/4983 5227/7259/4982
f 5510/6730/4526 5458/6731/4527 5459/7264/4986 4513/7265/4985
f 5207/6728/4524 5208/7266/4987 4514/7267/4988 5469/6729/4525
f 5208/7266/4987 5210/7268/4989 5470/7269/4990 4514/7267/4988
f 5470/7269/4990 5210/7268/4989 5209/7258/4981 5460/7261/4984
f 4518/7270/4991 4515/7271/4992 4642/7272/4993 4516/7273/4994
f 4516/7273/4994 4642/7272/4993 4517/6753/4549 4519/7002/4752
f 4519/7002/4752 4647/6755/4551 4525/6756/4552 4529/7274/4995
f 4522/6732/4528 4520/6734/4530 4519/7002/4752 4529/7274/4995
f 4521/7003/4753 4524/7004/4754 4516/7273/4994 4519/7002/4752
f 4524/7004/4754 4523/7005/4755 4518/7270/4991 4516/7273/4994
f 4525/6756/4552 4526/6769/4563 4528/7006/4756 4529/7274/4995
f 4527/6770/4564 4530/7275/4996 4531/7276/4997 4528/7006/4756
f 4530/7275/4996 4532/7277/4998 4533/7278/4999 4531/7276/4997
f 4534/6736/4532 4531/7276/4997 4533/7278/4999 4535/7017/4767
f 4536/7007/4757 4528/7006/4756 4531/7276/4997 4534/6736/4532
f 4522/6732/4528 4529/7274/4995 4528/7006/4756 4537/6735/4531
f 4528/7006/4756 4536/7007/4757 4537/6735/4531
f 4523/7005/4755 4521/7003/4753 4540/6733/4529 4539/6494/4305
f 4538/6481/4292 4534/6736/4532 4535/7017/4767
f 4533/7278/4999 4532/7277/4998 4541/7010/4760 4543/7009/4759
f 4550/7016/4766 4535/7017/4767 4533/7278/4999 4543/7009/4759
f 4543/7009/4759 4542/7008/4758 4544/7013/4763 4546/7012/4762
f 4548/6479/4290 4549/7015/4765 4543/7009/4759 4546/7012/4762
f 4549/7015/4765 4548/6479/4290 4538/6481/4292 4550/7016/4766
f 4545/7011/4761 4773/7019/4769 4552/7018/4768 4546/7012/4762
f 4547/7014/4764 4546/7012/4762 4552/7018/4768 4560/6480/4291
f 4551/7020/4770 4553/7279/5000 4556/7280/5001 4552/7018/4768
f 4553/7279/5000 4554/7281/5002 4555/7282/5003 4556/7280/5001
f 4560/6480/4291 4559/7283/5004 4558/7284/5005 4557/6737/4533
f 4558/7284/5005 4556/7280/5001 4555/7282/5003 4557/6737/4533
f 4559/7283/5004 4552/7018/4768 4556/7280/5001 4558/7284/5005
f 4555/7282/5003 4554/7281/5002 4562/7023/4773 4563/7022/4772
f 4552/7018/4768 4559/7283/5004 4560/6480/4291
f 4580/6740/4536 4557/6737/4533 4555/7282/5003 4563/7022/4772
f 4563/7022/4772 4732/7021/4771 4738/7026/4776 4565/7025/4775
f 4579/6486/4297 4580/6740/4536 4568/7027/4777 4567/6739/4535
f 4567/6739/4535 4568/7027/4777 4563/7022/4772 4565/7025/4775
f 4564/7024/4774 4754/7029/4779 4570/7028/4778 4565/7025/4775
f 4566/6738/4534 4565/7025/4775 4570/7028/4778 4578/7285/5006
f 4569/7030/4780 4571/7286/5007 4574/7287/5008 4570/7028/4778
f 4571/7286/5007 4572/7288/5009 4573/7289/5010 4574/7287/5008
f 4577/7031/4781 4574/7287/5008 4573/7289/5010 4575/6484/4295
f 4576/6483/4294 4570/7028/4778 4574/7287/5008 4577/7031/4781
f 4579/6486/4297 4566/6738/4534 4578/7285/5006 4576/6483/4294
f 4573/7289/5010 4572/7288/5009 4711/7034/4784 4582/7033/4783
f 4570/7028/4778 4576/6483/4294 4578/7285/5006
f 4589/6743/4539 4575/6484/4295 4573/7289/5010 4582/7033/4783
f 4582/7033/4783 4581/7032/4782 4583/7037/4787 4585/7036/4786
f 4602/6488/4299 4589/6743/4539 4588/7038/4788 4587/6742/4538
f 4587/6742/4538 4588/7038/4788 4582/7033/4783 4585/7036/4786
f 4584/7035/4785 4590/7040/4790 4592/7039/4789 4585/7036/4786
f 4586/6741/4537 4585/7036/4786 4592/7039/4789 4600/7290/5011
f 4591/7041/4791 4593/7291/5012 4596/7292/5013 4592/7039/4789
f 4593/7291/5012 4594/7293/5014 4595/7294/5015 4596/7292/5013
f 4597/7295/5016 4596/7292/5013 4595/7294/5015 4598/6491/4302
f 4599/6489/4300 4592/7039/4789 4596/7292/5013 4597/7295/5016
f 4602/6488/4299 4586/6741/4537 4600/7290/5011 4599/6489/4300
f 4597/7295/5016 4598/6491/4302 4601/6487/4298 4599/6489/4300
f 4592/7039/4789 4599/6489/4300 4600/7290/5011
f 4595/7294/5015 4594/7293/5014 4604/7044/4794 4605/7043/4793
f 4612/7048/4798 4598/6491/4302 4595/7294/5015 4605/7043/4793
f 4605/7043/4793 4689/7042/4792 4606/7047/4797 4608/7046/4796
f 4609/6745/4541 4610/6490/4301 4605/7043/4793 4608/7046/4796
f 4607/7045/4795 4613/7050/4800 4615/7049/4799 4608/7046/4796
f 4611/6744/4540 4608/7046/4796 4615/7049/4799 4624/7296/5017
f 4614/7051/4801 4616/7297/5018 4619/7298/5019 4615/7049/4799
f 4616/7297/5018 4617/7299/5020 4618/7300/5021 4619/7298/5019
f 4620/7052/4802 4619/7298/5019 4618/7300/5021 4621/6748/4544
f 4622/7301/5022 4615/7049/4799 4619/7298/5019 4620/7052/4802
f 4623/6493/4304 4624/7296/5017 4622/7301/5022 4620/7052/4802
f 4618/7300/5021 4617/7299/5020 4626/7055/4805 4627/7054/4804
f 4611/6744/4540 4624/7296/5017 4623/6493/4304
f 4615/7049/4799 4622/7301/5022 4624/7296/5017
f 4633/7060/4810 4621/6748/4544 4618/7300/5021 4627/7054/4804
f 4627/7054/4804 4666/7053/4803 4672/7058/4808 4629/7057/4807
f 4631/6747/4543 4632/7059/4809 4627/7054/4804 4629/7057/4807
f 4641/6495/4306 4632/7059/4809 4631/6747/4543
f 4641/6495/4306 4621/6748/4544 4633/7060/4810 4632/7059/4809
f 4628/7056/4806 4688/7062/4812 4635/7061/4811 4629/7057/4807
f 4630/6746/4542 4629/7057/4807 4635/7061/4811 4640/6749/4545
f 4634/7063/4813 4636/7302/5023 4637/7303/5024 4635/7061/4811
f 4636/7302/5023 4515/7271/4992 4518/7270/4991 4637/7303/5024
f 4539/6494/4305 4640/6749/4545 4639/7304/5025 4638/7064/4814
f 4638/7064/4814 4637/7303/5024 4518/7270/4991 4523/7005/4755
f 4639/7304/5025 4635/7061/4811 4637/7303/5024 4638/7064/4814
f 4515/7271/4992 4643/7305/5026 4644/7306/5027 4642/7272/4993
f 4635/7061/4811 4639/7304/5025 4640/6749/4545
f 4642/7272/4993 4644/7306/5027 4645/6754/4550 4517/6753/4549
f 4643/7305/5026 4648/7066/4816 4649/7065/4815 4644/7306/5027
f 4644/7306/5027 4649/7065/4815 4650/6757/4553 4645/6754/4550
f 4649/7065/4815 4651/7067/4656 5392/7307/4556 4650/6757/4553
f 4656/6766/4560 4654/6892/4653 4655/7308/5028 4659/6765/4559
f 4655/7308/5028 4654/6892/4653 4653/7082/4830
f 4655/7308/5028 4653/7082/4830 4657/7309/5029 4658/7310/5030
f 4659/6765/4559 4655/7308/5028 4658/7310/5030 4663/6763/4557
f 4658/7311/5030 4657/7312/5029 4532/7277/4998 4530/7275/4996
f 4663/6771/4557 4658/7311/5030 4530/7275/4996 4527/6770/4564
f 4617/7299/5020 4667/7313/5031 4668/7314/5032 4626/7055/4805
f 4626/7055/4805 4668/7314/5032 4669/7315/5033 4666/7053/4803
f 4670/7316/5034 4628/7056/4806 4672/7058/4808 4671/7317/5035
f 4671/7317/5035 4672/7058/4808 4666/7053/4803 4669/7315/5033
f 4667/7318/5031 4673/7070/4818 4674/7069/4817 4668/7319/5032
f 4668/7319/5032 4674/7069/4817 4675/7320/5036 4669/7321/5033
f 4678/6909/4670 4671/7322/5035 4669/7321/5033 4675/7320/5036
f 4674/7069/4817 4676/6905/4666 5407/6907/4668 4675/7320/5036
f 4679/7071/4819 4670/7323/5034 4671/7322/5035 4678/6909/4670
f 4678/6909/4670 4677/6899/4660 4679/7071/4819
f 4675/7320/5036 5407/6907/4668 4678/6909/4670
f 4682/6901/4662 4680/6897/4658 4681/7324/5037 4684/7325/5038
f 4681/7324/5037 4680/6897/4658 4648/7209/4816
f 4681/7326/5037 4648/7066/4816 4643/7305/5026 4683/7327/5039
f 4684/7328/5038 4681/7326/5037 4683/7327/5039 4685/7329/5040
f 4686/7330/5041 4670/7323/5034 4679/7071/4819 4687/6898/4659
f 4685/7331/5040 4686/7330/5041 4687/6898/4659 4684/7325/5038
f 4683/7327/5039 4643/7305/5026 4515/7271/4992 4636/7302/5023
f 4687/6898/4659 4682/6901/4662 4684/7325/5038
f 4685/7329/5040 4683/7327/5039 4636/7302/5023 4634/7063/4813
f 4688/7062/4812 4628/7056/4806 4670/7316/5034 4686/7332/5041
f 4634/7063/4813 4688/7062/4812 4686/7332/5041 4685/7329/5040
f 4594/7293/5014 4690/7333/5042 4691/7334/5043 4604/7044/4794
f 4604/7044/4794 4691/7334/5043 4692/7335/5044 4689/7042/4792
f 4693/7336/5045 4607/7045/4795 4606/7047/4797 4694/7337/5046
f 4694/7337/5046 4606/7047/4797 4689/7042/4792 4692/7335/5044
f 4690/7338/5042 4695/7073/4821 4696/7072/4820 4691/7339/5043
f 4691/7339/5043 4696/7072/4820 4697/7340/5047 4692/7341/5044
f 4702/6924/4684 4694/7342/5046 4692/7341/5044 4697/7340/5047
f 4696/7072/4820 4698/6919/4680 4699/6921/4682 4697/7340/5047
f 4701/7343/4822 4693/7336/5045 4694/7337/5046 4702/7344/4684
f 4702/6924/4684 4700/6923/4674 4701/7345/4822
f 4697/7340/5047 4699/6921/4682 4702/6924/4684
f 4705/6915/4676 4703/6911/4672 4704/7346/5048 4707/7347/5049
f 4704/7346/5048 4703/6911/4672 4673/7070/4818
f 4704/7346/5048 4673/7070/4818 4667/7318/5031 4706/7348/5050
f 4707/7347/5049 4704/7346/5048 4706/7348/5050 4710/7349/5051
f 4708/7350/5052 4693/7336/5045 4701/7343/4822 4709/7351/4673
f 4710/7352/5051 4708/7350/5052 4709/7351/4673 4707/7353/5049
f 4706/7354/5050 4667/7313/5031 4617/7299/5020 4616/7297/5018
f 4709/6912/4673 4705/6915/4676 4707/7347/5049
f 4710/7352/5051 4706/7354/5050 4616/7297/5018 4614/7051/4801
f 4613/7050/4800 4607/7045/4795 4693/7336/5045 4708/7350/5052
f 4614/7051/4801 4613/7050/4800 4708/7350/5052 4710/7352/5051
f 4572/7288/5009 4712/7355/5053 4713/7356/5054 4711/7034/4784
f 4711/7034/4784 4713/7356/5054 4714/7357/5055 4581/7032/4782
f 4715/7358/5056 4584/7035/4785 4583/7037/4787 4716/7359/5057
f 4716/7359/5057 4583/7037/4787 4581/7032/4782 4714/7357/5055
f 4712/7355/5053 4717/7360/4824 4718/7361/4823 4713/7356/5054
f 4713/7356/5054 4718/7361/4823 4719/7362/5058 4714/7357/5055
f 4723/7363/4695 4716/7359/5057 4714/7357/5055 4719/7362/5058
f 4718/7075/4823 4720/6934/4694 5437/7364/4697 4719/7365/5058
f 4722/7366/4825 4715/7358/5056 4716/7359/5057 4723/7363/4695
f 4723/6935/4695 4721/6928/4688 4722/7077/4825
f 4719/7367/5058 5437/6937/4697 4723/6935/4695
f 4726/6930/4690 4724/6926/4686 4725/7368/5059 4728/7369/5060
f 4725/7368/5059 4724/6926/4686 4695/7073/4821
f 4725/7368/5059 4695/7073/4821 4690/7338/5042 4727/7370/5061
f 4728/7369/5060 4725/7368/5059 4727/7370/5061 4730/7371/5062
f 4731/7372/5063 4715/7373/5056 4722/7077/4825 4729/6927/4687
f 4730/7371/5062 4731/7372/5063 4729/6927/4687 4728/7369/5060
f 4727/7374/5061 4690/7333/5042 4594/7293/5014 4593/7291/5012
f 4729/6927/4687 4726/6930/4690 4728/7369/5060
f 4730/7375/5062 4727/7374/5061 4593/7291/5012 4591/7041/4791
f 4590/7040/4790 4584/7035/4785 4715/7358/5056 4731/7376/5063
f 4591/7041/4791 4590/7040/4790 4731/7376/5063 4730/7375/5062
f 4554/7281/5002 4733/7377/5064 4734/7378/5065 4562/7023/4773
f 4562/7023/4773 4734/7378/5065 4735/7379/5066 4732/7021/4771
f 4736/7380/5067 4564/7024/4774 4738/7026/4776 4737/7381/5068
f 4737/7381/5068 4738/7026/4776 4732/7021/4771 4735/7379/5066
f 4733/7382/5064 4739/7079/4827 4740/7078/4826 4734/7383/5065
f 4734/7383/5065 4740/7078/4826 4741/7384/5069 4735/7385/5066
f 4744/6952/4712 4737/7386/5068 4735/7385/5066 4741/7384/5069
f 4740/7078/4826 5451/6948/4708 4742/6950/4710 4741/7384/5069
f 4745/7080/4828 4736/7387/5067 4737/7386/5068 4744/6952/4712
f 4744/6952/4712 4743/6942/4702 4745/7080/4828
f 4741/7384/5069 4742/6950/4710 4744/6952/4712
f 4748/6944/4704 4746/6940/4700 4747/7388/5070 4750/7389/5071
f 4747/7388/5070 4746/6940/4700 4717/7076/4824
f 4747/7388/5070 4717/7076/4824 4712/7390/5053 4749/7391/5072
f 4750/7389/5071 4747/7388/5070 4749/7391/5072 4751/7392/5073
f 4752/7393/5074 4736/7387/5067 4745/7080/4828 4753/6941/4701
f 4751/7392/5073 4752/7393/5074 4753/6941/4701 4750/7389/5071
f 4749/7394/5072 4712/7355/5053 4572/7288/5009 4571/7286/5007
f 4753/6941/4701 4748/6944/4704 4750/7389/5071
f 4751/7395/5073 4749/7394/5072 4571/7286/5007 4569/7030/4780
f 4754/7029/4779 4564/7024/4774 4736/7380/5067 4752/7396/5074
f 4569/7030/4780 4754/7029/4779 4752/7396/5074 4751/7395/5073
f 4532/7277/4998 4657/7312/5029 4755/7397/5075 4541/7010/4760
f 4541/7010/4760 4755/7397/5075 4756/7398/5076 4542/7008/4758
f 4657/7309/5029 4653/7082/4830 4759/7081/4829 4755/7399/5075
f 4757/7400/5077 4545/7011/4761 4544/7013/4763 4758/7401/5078
f 4758/7401/5078 4544/7013/4763 4542/7008/4758 4756/7398/5076
f 4755/7399/5075 4759/7081/4829 4760/7402/5079 4756/7403/5076
f 4765/6962/4722 4758/7404/5078 4756/7403/5076 4760/7402/5079
f 4759/7081/4829 4761/6961/4721 4762/6964/4724 4760/7402/5079
f 4764/7083/4831 4757/7405/5077 4758/7404/5078 4765/6962/4722
f 4765/6962/4722 4763/6956/4716 4764/7083/4831
f 4760/7402/5079 4762/6964/4724 4765/6962/4722
f 4768/7406/4718 4766/6954/4714 4767/7407/5080 4770/7408/5081
f 4767/7407/5080 4766/6954/4714 4739/7079/4827
f 4767/7409/5080 4739/7410/4827 4733/7377/5064 4769/7411/5082
f 4770/7412/5081 4767/7409/5080 4769/7411/5082 4772/7413/5083
f 4774/7414/5084 4757/7400/5077 4764/7415/4831 4771/7416/4715
f 4772/7413/5083 4774/7414/5084 4771/7416/4715 4770/7412/5081
f 4769/7411/5082 4733/7377/5064 4554/7281/5002 4553/7279/5000
f 4771/6955/4715 4768/6958/4718 4770/7417/5081
f 4772/7413/5083 4769/7411/5082 4553/7279/5000 4551/7020/4770
f 4773/7019/4769 4545/7011/4761 4757/7400/5077 4774/7414/5084
f 4551/7020/4770 4773/7019/4769 4774/7414/5084 4772/7413/5083
f 4775/7418/5085 4778/7086/4834 4779/7085/4833 4776/7419/5086
f 4780/6773/4565 4777/7420/5087 4776/7419/5086
f 4781/7421/5088 4782/7084/4832 4787/6619/4422 4786/6621/4424
f 4780/6773/4565 4776/7419/5086 4779/7085/4833
f 4781/7421/5088 4783/7422/5089 4784/7423/5090 4782/7084/4832
f 4784/7423/5090 4777/7420/5087 4780/6773/4565 4782/7084/4832
f 4790/7089/4837 4789/7088/4836 4793/7424/5091 4795/7092/4839
f 5472/6774/4566 4780/6773/4565 4779/7085/4833
f 4790/7089/4837 4794/7091/4567 4791/7425/4569
f 4797/7426/5092 4783/7422/5089 4781/7421/5088 4798/7093/4840
f 4795/7427/4839 4796/7428/5093 4794/6775/4567
f 4797/7426/5092 4798/7093/4840 4794/6775/4567 4796/7428/5093
f 4781/7421/5088 4786/6621/4424 4792/6776/4568 4798/7093/4840
f 4793/7424/5091 4789/7088/4836 5475/7094/4841 4799/7429/5094
f 4802/6778/4570 4804/7430/5095 4805/7431/5096 4803/6779/4571
f 4801/6780/4572 4800/7432/5097 4799/7429/5094
f 4801/6780/4572 4799/7429/5094 5475/7094/4841
f 4805/7431/5096 4800/7432/5097 4801/6780/4572 4803/6779/4571
f 4818/7433/5098 4802/6778/4570 4806/6625/4428 4812/6624/4427
f 5476/6781/4573 4801/6780/4572 5475/7094/4841
f 4810/7096/4843 4814/7098/4845 4811/7434/5099
f 4814/7098/4845 4818/7433/5098 4812/6624/4427 4811/7434/5099
f 4810/7096/4843 4809/7095/4842 4813/7435/5100 4815/7099/4846
f 4817/7436/5101 4804/7430/5095 4802/6778/4570 4818/7433/5098
f 4815/7099/4846 4816/7437/5102 4814/7098/4845
f 4816/7437/5102 4817/7436/5101 4818/7433/5098 4814/7098/4845
f 4813/7435/5100 4809/7095/4842 4821/7100/4847 4819/7438/5103
f 4823/6785/4577 4825/7439/5104 4826/7440/5105 4824/7441/5106
f 4822/7442/5107 4820/7443/5108 4819/7438/5103
f 4822/7442/5107 4819/7438/5103 4821/7100/4847
f 4824/7441/5106 4826/7440/5105 4820/7444/5108 4822/7445/5107
f 4828/6630/4433 4824/7441/5106 4822/7445/5107 5478/7446/5109
f 5478/7447/5109 4822/7442/5107 4821/7100/4847
f 4827/6629/4432 4823/6785/4577 4824/7441/5106 4828/6630/4433
f 4831/7102/4849 4830/7101/4848 4834/7448/5110 4836/7104/4851
f 4831/7102/4849 4835/6782/4574 4832/6783/4575
f 4838/7449/5111 4825/7439/5104 4823/6785/4577 4839/6784/4576
f 4836/7104/4851 4837/7450/5112 4835/6782/4574
f 4838/7449/5111 4839/6784/4576 4835/6782/4574 4837/7450/5112
f 4834/7448/5110 4830/7101/4848 4842/7105/4852 4840/7451/5113
f 4844/6786/4578 4846/7452/5114 4847/7453/5115 4845/6787/4579
f 4843/6788/4580 4841/7454/5116 4840/7451/5113
f 4843/6788/4580 4840/7451/5113 4842/7105/4852
f 4847/7453/5115 4841/7454/5116 4843/6788/4580 4845/6787/4579
f 4860/7455/5117 4844/6786/4578 4848/6633/4436 4854/6632/4435
f 5481/6789/4581 4843/6788/4580 4842/7105/4852
f 4852/7110/4854 4856/7109/4856 4853/7456/5118
f 4856/7109/4856 4860/7455/5117 4854/6632/4435 4853/7456/5118
f 4852/7107/4854 4851/7106/4853 4855/7457/5119 4857/7458/4857
f 4859/7459/5120 4846/7452/5114 4844/6786/4578 4860/7455/5117
f 4857/7111/4857 4858/7460/5121 4856/7109/4856
f 4858/7460/5121 4859/7459/5120 4860/7455/5117 4856/7109/4856
f 4855/7457/5119 4851/7106/4853 4863/7112/4858 4861/7461/5122
f 4865/6790/4582 4867/7462/5123 4868/7463/5124 4866/6791/4583
f 4864/6792/4584 4862/7464/5125 4861/7461/5122
f 4864/6792/4584 4861/7461/5122 4863/7112/4858
f 4868/7463/5124 4862/7464/5125 4864/6792/4584 4866/6791/4583
f 4873/7114/4860 4872/7113/4859 4876/7465/5126 4878/7116/4862
f 5483/6793/4585 4864/6792/4584 4863/7112/4858
f 4873/7114/4860 4877/6794/4586 4874/6795/4587
f 4880/7466/5127 4867/7462/5123 4865/6790/4582 4881/6796/4588
f 4878/7116/4862 4879/7467/5128 4877/6794/4586
f 4880/7466/5127 4881/6796/4588 4877/6794/4586 4879/7467/5128
f 4876/7465/5126 4872/7113/4859 4884/7117/4863 4882/7468/5129
f 4886/6800/4592 4888/7469/5130 4889/7470/5131 4887/7471/5132
f 4885/7472/5133 4883/7473/5134 4882/7468/5129
f 4885/7472/5133 4882/7468/5129 4884/7117/4863
f 4887/7474/5132 4889/7475/5131 4883/7473/5134 4885/7472/5133
f 4892/7476/4445 4887/7474/5132 4885/7472/5133 4890/7477/5135
f 4890/7477/5135 4885/7472/5133 4884/7117/4863
f 4891/6641/4444 4886/6800/4592 4887/7471/5132 4892/6642/4445
f 4893/7118/4864 4778/7086/4834 4775/7418/5085 4896/7119/4865
f 4893/7118/4864 4897/6797/4589 4894/6798/4590
f 4899/7478/5136 4888/7469/5130 4886/6800/4592 4900/6799/4591
f 4896/7119/4865 4898/7479/5137 4897/6797/4589
f 4899/7478/5136 4900/6799/4591 4897/6797/4589 4898/7479/5137
f 4901/7480/5138 4903/7481/5139 4908/7482/5140 4902/7483/5141
f 4902/7483/5141 4908/7482/5140 4909/7484/5142 4904/7485/5143
f 4913/7486/5144 4905/7487/5145 4907/7488/5146 4906/7489/5147
f 4906/7489/5147 4907/7488/5146 4904/7485/5143 4909/7484/5142
f 4896/7119/4865 4775/7418/5085 4903/7490/5139 4929/7491/5148
f 4903/7490/5139 4775/7418/5085 4776/7419/5086 4908/7492/5140
f 4908/7492/5140 4776/7419/5086 4777/7420/5087 4909/7493/5142
f 4783/7422/5089 4913/7494/5144 4906/7495/5147 4784/7423/5090
f 4784/7423/5090 4906/7495/5147 4909/7493/5142 4777/7420/5087
f 4795/7092/4839 4793/7424/5091 4910/7496/5149 4911/7497/5150
f 4796/7428/5093 4795/7427/4839 4911/7498/5150 4912/7499/5151
f 4912/7499/5151 4914/7500/5152 4797/7426/5092 4796/7428/5093
f 4914/7500/5152 4913/7494/5144 4783/7422/5089 4797/7426/5092
f 4911/7501/5150 4910/7502/5149 4915/7503/5153 4916/7504/5154
f 4912/7505/5151 4911/7501/5150 4916/7504/5154 4917/7506/5155
f 4917/7506/5155 4918/7507/5156 4914/7508/5152 4912/7505/5151
f 4918/7507/5156 4905/7487/5145 4913/7486/5144 4914/7508/5152
f 4919/7509/5157 4921/7510/5158 4925/7511/5159 4920/7512/5160
f 4920/7512/5160 4925/7511/5159 4926/7513/5161 4922/7514/5162
f 4927/7515/5163 4923/7516/5164 4924/7517/5165 4928/7518/5166
f 4928/7518/5166 4924/7517/5165 4922/7514/5162 4926/7513/5161
f 4878/7116/4862 4876/7465/5126 4921/7519/5158 4945/7520/5167
f 4921/7519/5158 4876/7465/5126 4882/7468/5129 4925/7521/5159
f 4925/7521/5159 4882/7468/5129 4883/7473/5134 4926/7522/5161
f 4888/7469/5130 4927/7523/5163 4928/7524/5166 4889/7470/5131
f 4889/7475/5131 4928/7525/5166 4926/7522/5161 4883/7473/5134
f 4898/7479/5137 4896/7119/4865 4929/7491/5148 4930/7526/5168
f 4930/7526/5168 4931/7527/5169 4899/7478/5136 4898/7479/5137
f 4929/7528/5148 4903/7481/5139 4901/7480/5138 4932/7529/5170
f 4931/7527/5169 4927/7523/5163 4888/7469/5130 4899/7478/5136
f 4930/7530/5168 4929/7528/5148 4932/7529/5170 4933/7531/5171
f 4933/7531/5171 4934/7532/5172 4931/7533/5169 4930/7530/5168
f 4934/7532/5172 4923/7516/5164 4927/7515/5163 4931/7533/5169
f 4935/7534/5173 4937/7535/5174 4941/7536/5175 4936/7537/5176
f 4936/7537/5176 4941/7536/5175 4942/7538/5177 4938/7539/5178
f 4943/7540/5179 4939/7541/5180 4940/7542/5181 4944/7543/5182
f 4944/7543/5182 4940/7542/5181 4938/7539/5178 4942/7538/5177
f 4857/7544/4857 4855/7545/5119 4937/7535/5174 4961/7546/5183
f 4937/7547/5174 4855/7457/5119 4861/7461/5122 4941/7548/5175
f 4941/7548/5175 4861/7461/5122 4862/7464/5125 4942/7549/5177
f 4867/7462/5123 4943/7550/5179 4944/7551/5182 4868/7463/5124
f 4868/7463/5124 4944/7551/5182 4942/7549/5177 4862/7464/5125
f 4879/7467/5128 4878/7116/4862 4945/7520/5167 4946/7552/5184
f 4946/7552/5184 4947/7553/5185 4880/7466/5127 4879/7467/5128
f 4945/7554/5167 4921/7510/5158 4919/7509/5157 4948/7555/5186
f 4947/7553/5185 4943/7550/5179 4867/7462/5123 4880/7466/5127
f 4946/7556/5184 4945/7554/5167 4948/7555/5186 4949/7557/5187
f 4949/7557/5187 4950/7558/5188 4947/7559/5185 4946/7556/5184
f 4950/7558/5188 4939/7541/5180 4943/7540/5179 4947/7559/5185
f 4951/7560/5189 4953/7561/5190 4957/7562/5191 4952/7563/5192
f 4952/7563/5192 4957/7562/5191 4958/7564/5193 4954/7565/5194
f 4959/7566/5195 4955/7567/5196 4956/7568/5197 4960/7569/5198
f 4960/7569/5198 4956/7568/5197 4954/7565/5194 4958/7564/5193
f 4836/7104/4851 4834/7448/5110 4953/7570/5190 4977/7571/5199
f 4953/7570/5190 4834/7448/5110 4840/7451/5113 4957/7572/5191
f 4957/7572/5191 4840/7451/5113 4841/7454/5116 4958/7573/5193
f 4846/7452/5114 4959/7574/5195 4960/7575/5198 4847/7453/5115
f 4847/7453/5115 4960/7575/5198 4958/7573/5193 4841/7454/5116
f 4858/7576/5121 4857/7544/4857 4961/7546/5183 4962/7577/5200
f 4962/7578/5200 4963/7579/5201 4859/7459/5120 4858/7460/5121
f 4961/7546/5183 4937/7535/5174 4935/7534/5173 4964/7580/5202
f 4963/7579/5201 4959/7574/5195 4846/7452/5114 4859/7459/5120
f 4962/7577/5200 4961/7546/5183 4964/7580/5202 4965/7581/5203
f 4965/7581/5203 4966/7582/5204 4963/7583/5201 4962/7577/5200
f 4966/7582/5204 4955/7567/5196 4959/7566/5195 4963/7583/5201
f 4967/7584/5205 4969/7585/5206 4973/7586/5207 4968/7587/5208
f 4968/7587/5208 4973/7586/5207 4974/7588/5209 4970/7589/5210
f 4975/7590/5211 4971/7591/5212 4972/7592/5213 4976/7593/5214
f 4976/7593/5214 4972/7592/5213 4970/7589/5210 4974/7588/5209
f 4815/7099/4846 4813/7435/5100 4969/7594/5206 4991/7595/5215
f 4969/7594/5206 4813/7435/5100 4819/7438/5103 4973/7596/5207
f 4973/7586/5207 4819/7597/5103 4820/7598/5108 4974/7588/5209
f 4825/7439/5104 4975/7599/5211 4976/7600/5214 4826/7440/5105
f 4826/7440/5105 4976/7600/5214 4974/7601/5209 4820/7444/5108
f 4837/7450/5112 4836/7104/4851 4977/7571/5199 4978/7602/5216
f 4978/7602/5216 4979/7603/5217 4838/7449/5111 4837/7450/5112
f 4977/7604/5199 4953/7561/5190 4951/7560/5189 4980/7605/5218
f 4979/7603/5217 4975/7599/5211 4825/7439/5104 4838/7449/5111
f 4978/7606/5216 4977/7604/5199 4980/7605/5218 4981/7607/5219
f 4981/7607/5219 4982/7608/5220 4979/7609/5217 4978/7606/5216
f 4982/7608/5220 4971/7591/5212 4975/7590/5211 4979/7609/5217
f 4915/7503/5153 4910/7502/5149 4988/7610/5221 4983/7611/5222
f 4983/7611/5222 4988/7610/5221 4989/7612/5223 4984/7613/5224
f 4990/7614/5225 4985/7615/5226 4987/7616/5227 4986/7617/5228
f 4986/7617/5228 4987/7616/5227 4984/7613/5224 4989/7612/5223
f 4910/7496/5149 4793/7424/5091 4799/7429/5094 4988/7618/5221
f 4988/7618/5221 4799/7429/5094 4800/7432/5097 4989/7619/5223
f 4804/7430/5095 4990/7620/5225 4986/7621/5228 4805/7431/5096
f 4805/7431/5096 4986/7621/5228 4989/7619/5223 4800/7432/5097
f 4816/7437/5102 4815/7099/4846 4991/7595/5215 4992/7622/5229
f 4992/7622/5229 4993/7623/5230 4817/7436/5101 4816/7437/5102
f 4991/7624/5215 4969/7585/5206 4967/7584/5205 4994/7625/5231
f 4993/7623/5230 4990/7620/5225 4804/7430/5095 4817/7436/5101
f 4992/7626/5229 4991/7624/5215 4994/7625/5231 4995/7627/5232
f 4995/7627/5232 4996/7628/5233 4993/7629/5230 4992/7626/5229
f 4996/7628/5233 4985/7615/5226 4990/7614/5225 4993/7629/5230
f 5001/6497/4308 5003/6831/4484 5004/6830/4327 5002/6801/4593
f 5013/6674/4471 5014/6673/4470 5010/7630/5234 5230/7631/5235
f 5539/6499/4310 5013/6674/4471 5230/7631/5235 5231/6805/4595
f 5474/6804/4425 5362/7632/4423 5011/6500/4311 5539/6499/4310
f 5018/6658/4460 5532/6502/4313 5015/6504/4315 5016/6806/4596
f 5028/6676/4473 5029/6675/4472 5024/7633/5236 5232/7634/5237
f 5542/7635/5238 5028/6676/4473 5232/7634/5237 5233/7636/5239
f 5027/7637/5240 5542/7635/5238 5233/7636/5239 5234/7638/4728
f 5025/7201/4426 5026/7199/4935 5027/7637/5240 5234/7638/4728
f 5033/6661/4462 5034/6996/4749 5031/7639/4620 5030/6809/4598
f 5034/6996/4749 5023/6677/4474 5022/6808/4336 5031/7639/4620
f 5044/6679/4476 5045/6678/4475 5040/7640/5241 5365/7641/5242
f 5480/6814/4602 5543/6813/4601 5044/6679/4476 5365/7641/5242
f 5042/7120/4866 5543/6813/4601 5479/6812/4600 5041/7205/4430
f 5050/6664/4464 5051/6505/4316 5046/6507/4318 5047/6815/4603
f 5546/6681/4478 5060/6680/4477 5366/7642/5243 5367/7643/5244
f 5059/6819/4606 5546/6681/4478 5367/7643/5244 5482/7644/5245
f 5368/7122/4731 5058/6820/4607 5059/6819/4606 5482/7644/5245
f 5065/6667/4466 5066/7000/4750 5061/7645/4627 5062/6821/4608
f 5066/7000/4750 5056/6682/4479 5055/6817/4358 5061/7645/4627
f 5073/6684/4481 5074/6683/4480 5370/7646/5246 5372/7647/5247
f 5548/6825/4611 5073/6684/4481 5372/7647/5247 5484/7648/5248
f 5371/7124/4733 5072/6826/4612 5548/6825/4611 5484/7648/5248
f 5079/6670/4468 5537/7001/4751 5075/7649/4631 5076/6827/4613
f 5537/7001/4751 5071/6685/4482 5070/6823/4369 5075/7649/4631
f 5246/6828/4614 5375/7650/4442 5083/7651/5249 5549/6508/4319
f 5090/7652/5250 5091/7653/4322 5093/6838/4618 5092/6837/4617
f 5091/6511/4322 5090/7654/5250 5089/6512/4323
f 5093/6838/4618 5091/7653/4322 5006/7655/4594 5005/7656/5251
f 5009/7657/5252 4999/7658/4330 5094/7659/5253 5095/7126/4868
f 5005/7656/5251 5009/7657/5252 5095/7126/4868 5093/6838/4618
f 5094/7659/5253 5096/7660/4447 5097/6836/4446 5095/7126/4868
f 5002/6839/4593 5099/6515/4326 5100/6520/4331 4997/6840/4309
f 5100/6520/4331 5099/6515/4326 5102/7661/5254 5103/7662/5255
f 5098/6514/4325 5102/7661/5254 5099/6515/4326
f 5104/7663/5256 5106/7664/5257 4492/6727/4523 5489/7130/4871
f 5101/6521/4332 5100/6520/4331 5103/7662/5255
f 5105/7665/5258 5104/7663/5256 5489/7130/4871 4491/7217/4946
f 5098/7666/4325 5106/7667/5257 5104/7668/5256 5102/7669/5254
f 5102/7669/5254 5104/7668/5256 5105/7670/5258 5103/7671/5255
f 5490/6698/4494 5087/6471/4282 5107/7672/4333 5108/7673/4619
f 4491/7217/4946 5490/6698/4494 5108/7673/4619 5105/7665/5258
f 5108/6841/4619 5101/6523/4332 5103/7671/5255 5105/7670/5258
f 5115/7674/5259 5117/6525/4334 5118/6846/4622 5116/6845/4621
f 5117/6525/4334 5115/7674/5259 5114/6526/4335
f 5118/6846/4622 5117/6525/4334 5021/6843/4597 5020/7675/5260
f 5019/7676/5261 5017/6531/4340 5119/6530/4339 5120/7127/4869
f 5020/7675/5260 5019/7676/5261 5120/7127/4869 5118/6846/4622
f 5119/6530/4339 5121/7128/4343 5122/6844/4448 5120/7127/4869
f 5015/6834/4315 5123/6528/4337 5125/6532/4341 5016/6847/4596
f 5125/6532/4341 5123/6528/4337 5124/7677/5262 5126/7678/5263
f 5089/6512/4323 5124/7677/5262 5123/6528/4337
f 4490/7679/4492 5129/7680/5264 5486/7681/5265 5085/7682/4493
f 5127/6533/4342 5125/6532/4341 5126/7678/5263
f 5130/7683/5266 5129/7684/5264 4490/6696/4492 5494/6476/4287
f 5131/7685/5267 5130/7683/5266 5494/6476/4287 4498/6475/4286
f 5089/7686/4323 5129/7680/5264 5130/7687/5266 5124/7688/5262
f 5124/7688/5262 5130/7687/5266 5131/7689/5267 5126/7690/5263
f 5133/6703/4499 5112/7222/4949 5132/7691/4344 5134/7692/4623
f 4498/6475/4286 5133/6703/4499 5134/7692/4623 5131/7685/5267
f 5134/6848/4623 5127/6535/4342 5126/7690/5263 5131/7689/5267
f 5140/7693/5268 5141/6537/4345 5143/6853/4625 5142/6852/4624
f 5141/6537/4345 5140/7693/5268 5139/6538/4346
f 5143/6853/4625 5141/6537/4345 5037/6850/4599 5036/7694/5269
f 5035/7695/5270 5032/6543/4351 5144/6542/4350 5145/7131/4872
f 5036/7694/5269 5035/7695/5270 5145/7131/4872 5143/6853/4625
f 5144/6542/4350 5146/7132/4354 5147/6851/4449 5145/7131/4872
f 5031/6842/4620 5148/6540/4348 5149/6545/4352 5030/6854/4598
f 5149/6545/4352 5148/6540/4348 5152/7696/5271 5150/7697/5272
f 5114/6526/4335 5152/7696/5271 5148/6540/4348
f 4497/7221/4948 5153/7698/5273 5491/7699/5274 5110/6701/4497
f 5159/6546/4353 5149/6545/4352 5150/7697/5272
f 5154/7700/5275 5153/7698/5273 4497/7221/4948 5498/6710/4506
f 5155/7701/5276 5154/7700/5275 5498/6710/4506 4502/6709/4505
f 5114/7702/4335 5153/7703/5273 5154/7704/5275 5152/7705/5271
f 5152/7705/5271 5154/7704/5275 5155/7706/5276 5150/7707/5272
f 5157/7231/4954 5137/7708/4953 5156/7709/4355 5158/7710/4626
f 4502/6709/4505 5157/7231/4954 5158/7710/4626 5155/7701/5276
f 5158/6856/4626 5159/6548/4353 5150/7707/5272 5155/7706/5276
f 5164/7711/5277 5166/6550/4356 5167/7712/4629 5165/7713/4628
f 5166/6550/4356 5164/7711/5277 5163/6551/4357
f 5167/7712/4629 5166/6550/4356 5054/6858/4604 5053/7714/4454
f 5052/7715/4453 5049/6556/4362 5168/6555/4361 5169/7133/4873
f 5053/7716/4454 5052/7715/4453 5169/7133/4873 5167/6861/4629
f 5168/6555/4361 5170/7134/4365 5171/6859/4450 5169/7133/4873
f 5046/6849/4318 5172/6553/4359 5173/6557/4363 5047/6862/4603
f 5173/6557/4363 5172/6553/4359 5176/7717/5278 5174/7718/5279
f 5139/6538/4346 5176/7717/5278 5172/6553/4359
f 4501/6707/4503 5179/7719/5280 5495/7720/5281 5135/6708/4504
f 5175/6558/4364 5173/6557/4363 5174/7718/5279
f 5177/7721/5282 5179/7719/5280 4501/6707/4503 5178/6717/4513
f 5180/7722/5283 5177/7721/5282 5178/6717/4513 4507/7240/4965
f 5139/7723/4346 5179/7724/5280 5177/7725/5282 5176/7726/5278
f 5176/7726/5278 5177/7725/5282 5180/7727/5283 5174/7728/5279
f 5502/7237/4962 5162/7236/4961 5181/7729/4366 5182/7730/4630
f 4507/7240/4965 5502/7237/4962 5182/7730/4630 5180/7722/5283
f 5182/6863/4630 5175/6560/4364 5174/7728/5279 5180/7727/5283
f 5188/7731/5284 5190/6562/4367 5191/6868/4633 5189/6867/4632
f 5190/6562/4367 5188/7731/5284 5187/6563/4368
f 5191/6868/4633 5190/6562/4367 5069/6865/4609 5068/7732/5285
f 5067/7733/5286 5064/6570/4375 5192/6569/4374 5193/7135/4874
f 5068/7732/5285 5067/7733/5286 5193/7135/4874 5191/6868/4633
f 5192/6569/4374 5194/7136/4376 5195/6866/4451 5193/7135/4874
f 5061/6857/4627 5196/6565/4370 5197/6567/4372 5062/6869/4608
f 5197/6567/4372 5196/6565/4370 5199/7734/5287 5200/7735/5288
f 5163/6551/4357 5199/7734/5287 5196/6565/4370
f 4505/6715/4511 5203/7736/5289 5499/7737/5290 5160/6716/4512
f 5198/6568/4373 5197/6567/4372 5200/7735/5288
f 5201/7738/5291 5203/7736/5289 4505/6715/4511 5202/6723/4519
f 5204/7739/5292 5201/7738/5291 5202/6723/4519 4511/7252/4975
f 5163/7740/4357 5203/7741/5289 5201/7742/5291 5199/7743/5287
f 5199/7743/5287 5201/7742/5291 5204/7744/5292 5200/7745/5288
f 5506/7249/4972 5185/7248/4971 5205/7746/4377 5206/7747/4634
f 4511/7252/4975 5506/7249/4972 5206/7747/4634 5204/7739/5292
f 5206/6870/4634 5198/6572/4373 5200/7745/5288 5204/7744/5292
f 4492/6727/4523 5106/7664/5257 5507/7748/5293 5207/6728/4524
f 5211/7749/5294 5212/6574/4378 5214/6874/4636 5213/6873/4635
f 5212/6574/4378 5211/7749/5294 5098/6514/4325
f 5214/6874/4636 5212/6574/4378 5082/6871/4615 5080/7750/4457
f 5081/7751/4456 5078/6578/4382 5215/6577/4381 5216/7137/4875
f 5080/7750/4457 5081/7751/4456 5216/7137/4875 5214/6874/4636
f 5215/6577/4381 5217/7138/4385 5218/6872/4452 5216/7137/4875
f 5075/6864/4631 5219/6575/4379 5221/7752/4383 5076/7753/4613
f 5221/7752/4383 5219/6575/4379 5220/7754/5295 5222/7755/5296
f 5187/6563/4368 5220/7754/5295 5219/6575/4379
f 4510/6721/4517 5224/7756/5297 5503/7757/5298 5183/6722/4518
f 5223/6580/4384 5221/6579/4383 5222/7758/5296
f 5225/7759/5299 5224/7756/5297 4510/6721/4517 5510/6730/4526
f 5226/7760/5300 5225/7759/5299 5510/6730/4526 4513/7265/4985
f 5187/7761/4368 5224/7762/5297 5225/7763/5299 5220/7764/5295
f 5220/7764/5295 5225/7763/5299 5226/7765/5300 5222/7766/5296
f 5227/7259/4982 5209/7258/4981 5228/7767/4386 5229/7768/4637
f 4513/7262/4985 5227/7259/4982 5229/7768/4637 5226/7769/5300
f 5229/6876/4637 5223/6582/4384 5222/7766/5296 5226/7765/5300
f 5553/7770/4485 5360/7771/5301 5471/6585/4388 5084/6832/4483
f 5554/6690/4486 5363/7772/5302 5010/7630/5234 5014/6673/4470
f 5556/6691/4487 5236/7773/5303 5024/7633/5236 5029/6675/4472
f 5381/6692/4488 5239/7774/5304 5040/7640/5241 5045/6678/4475
f 5559/6693/4489 5242/7775/5305 5366/7642/5243 5060/6680/4477
f 5561/6694/4490 5373/7776/5306 5370/7646/5246 5074/6683/4480
f 4916/7504/5154 4915/7503/5153 5247/7192/4929 5248/7777/5307
f 4917/7506/5155 4916/7504/5154 5248/7777/5307 5249/7778/5308
f 5249/7778/5308 5252/7779/5309 4918/7507/5156 4917/7506/5155
f 5247/7192/4929 5250/7191/4928 5251/7780/5310 5248/7777/5307
f 5252/7779/5309 5266/7781/5311 4905/7487/5145 4918/7507/5156
f 5251/7780/5310 5249/7778/5308 5248/7777/5307
f 5249/7778/5308 5251/7780/5310 5252/7779/5309
f 5251/7780/5310 5250/7191/4928 5253/6614/4417 5255/6615/4418
f 5254/6877/4638 5256/6878/4639 5252/7779/5309 5251/7780/5310
f 5255/6615/4418 5254/6877/4638 5251/7780/5310
f 5255/6615/4418 5261/6588/4391 5257/6880/4641 5256/6878/4639
f 5257/6880/4641 5266/7781/5311 5252/7779/5309 5256/6878/4639
f 5260/6879/4640 5258/7139/4876 5265/7782/5312 5261/6588/4391
f 5258/7139/4876 5260/6879/4640 5259/6587/4390
f 5257/6880/4641 5262/6881/4642 5267/7783/5313 5266/7781/5311
f 5267/7783/5313 5262/6881/4642 5261/6588/4391 5265/7782/5312
f 4932/7529/5170 4901/7480/5138 5263/7140/4877 5268/7142/4879
f 5265/7782/5312 5258/7139/4876 5264/7141/4878
f 5263/7140/4877 4901/7480/5138 4902/7483/5141 5264/7141/4878
f 5264/7141/4878 4902/7483/5141 4904/7485/5143 5265/7782/5312
f 4905/7487/5145 5266/7781/5311 5267/7783/5313 4907/7488/5146
f 4907/7488/5146 5267/7783/5313 5265/7782/5312 4904/7485/5143
f 4933/7531/5171 4932/7529/5170 5268/7142/4879 5269/7143/4880
f 5269/7143/4880 5272/7145/4882 4934/7532/5172 4933/7531/5171
f 5268/7142/4879 5258/7139/4876 5259/6587/4390 5274/6586/4389
f 5271/7144/4881 5269/7143/4880 5268/7142/4879
f 4923/7516/5164 5270/7151/4888 5286/7150/4887 4924/7517/5165
f 5272/7145/4882 5271/7144/4881 5270/7151/4888
f 5272/7145/4882 5270/7151/4888 4923/7516/5164 4934/7532/5172
f 5271/7144/4881 5268/7142/4879 5274/6586/4389 5273/6592/4395
f 5276/6589/4392 5275/6591/4394 5270/7151/4888 5271/7144/4881
f 5279/6593/4396 5281/7147/4884 5284/7146/4883 5278/6882/4643
f 5281/7147/4884 5279/6593/4396 5277/7784/5314
f 5270/7151/4888 5275/6591/4394 5280/6590/4393 5284/7146/4883
f 5283/7149/4886 5285/7785/5315 5284/7146/4883 5281/7147/4884
f 4948/7555/5186 4919/7509/5157 5282/7148/4885 5288/7152/4889
f 5282/7148/4885 4919/7509/5157 4920/7512/5160 5283/7149/4886
f 5283/7149/4886 4920/7512/5160 4922/7514/5162 5285/7785/5315
f 4924/7517/5165 5286/7150/4887 5285/7785/5315 4922/7514/5162
f 4949/7557/5187 4948/7555/5186 5288/7152/4889 5287/7153/4890
f 5285/7785/5315 5286/7150/4887 5284/7146/4883
f 5287/7153/4890 5291/7155/4892 4950/7558/5188 4949/7557/5187
f 5288/7152/4889 5281/7147/4884 5277/7784/5314 5292/7786/5316
f 5290/7154/4891 5287/7153/4890 5288/7152/4889
f 4939/7541/5180 5289/7161/4898 5305/7160/4897 4940/7542/5181
f 5291/7155/4892 5290/7154/4891 5289/7161/4898
f 5291/7155/4892 5289/7161/4898 4939/7541/5180 4950/7558/5188
f 5290/7154/4891 5288/7152/4889 5292/7786/5316 5293/6595/4398
f 5279/6593/4396 5293/6595/4398 5292/7786/5316 5277/7784/5314
f 5299/6594/4397 5300/6598/4401 5295/6600/4403 5293/6595/4398
f 5295/6600/4403 5294/6599/4402 5289/7161/4898 5290/7154/4891
f 5297/6596/4399 5296/7157/4894 5303/7156/4893 5298/6597/4400
f 5296/7157/4894 5297/6596/4399 5299/6594/4397
f 5289/7161/4898 5294/6599/4402 5300/6598/4401 5303/7156/4893
f 5302/7159/4896 5304/7787/5317 5303/7156/4893 5296/7157/4894
f 4964/7580/5202 4935/7534/5173 5301/7158/4895 5306/7162/4899
f 5301/7158/4895 4935/7534/5173 4936/7537/5176 5302/7159/4896
f 5302/7159/4896 4936/7537/5176 4938/7539/5178 5304/7787/5317
f 4940/7542/5181 5305/7160/4897 5304/7787/5317 4938/7539/5178
f 4965/7581/5203 4964/7580/5202 5306/7162/4899 5307/7163/4900
f 5304/7787/5317 5305/7160/4897 5303/7156/4893
f 5307/7163/4900 5310/7165/4902 4966/7582/5204 4965/7581/5203
f 5306/7162/4899 5296/7157/4894 5299/6594/4397 5312/6603/4406
f 5308/7164/4901 5307/7163/4900 5306/7162/4899
f 4955/7567/5196 5309/7172/4909 5324/7171/4908 4956/7568/5197
f 5310/7165/4902 5308/7164/4901 5309/7172/4909
f 5310/7165/4902 5309/7172/4909 4955/7567/5196 4966/7582/5204
f 5308/7164/4901 5306/7162/4899 5312/6603/4406 5311/6602/4405
f 5313/7166/4903 5320/6601/4404 5309/7172/4909 5308/7164/4901
f 5317/6883/4644 5315/7168/4905 5316/7167/4904 5318/6605/4408
f 5315/7168/4905 5317/6883/4644 5314/6884/4645
f 5309/7172/4909 5320/6601/4404 5319/6885/4646 5316/7167/4904
f 5322/7170/4907 5323/7788/5318 5316/7167/4904 5315/7168/4905
f 4980/7605/5218 4951/7560/5189 5321/7169/4906 5326/7173/4910
f 5321/7169/4906 4951/7560/5189 4952/7563/5192 5322/7170/4907
f 5322/7170/4907 4952/7563/5192 4954/7565/5194 5323/7788/5318
f 4956/7568/5197 5324/7171/4908 5323/7788/5318 4954/7565/5194
f 4981/7607/5219 4980/7605/5218 5326/7173/4910 5325/7174/4911
f 5323/7788/5318 5324/7171/4908 5316/7167/4904
f 5325/7174/4911 5329/7176/4913 4982/7608/5220 4981/7607/5219
f 5326/7173/4910 5315/7168/4905 5314/6884/4645 5330/6604/4407
f 5327/7175/4912 5325/7174/4911 5326/7173/4910
f 4971/7591/5212 5328/7185/4922 5343/7184/4921 4972/7592/5213
f 5329/7176/4913 5327/7175/4912 5328/7185/4922
f 5329/7176/4913 5328/7185/4922 4971/7591/5212 4982/7608/5220
f 5327/7175/4912 5326/7173/4910 5330/6604/4407 5331/6606/4409
f 5332/6608/4411 5337/6607/4410 5328/7185/4922 5327/7175/4912
f 5335/6609/4412 5338/7181/4918 5341/7179/4916 5333/7178/4915
f 5338/7181/4918 5335/6609/4412 5334/7177/4914
f 5328/7185/4922 5337/6607/4410 5336/7180/4917 5341/7179/4916
f 5335/6609/4412 5333/7178/4915 5336/7180/4917 5337/6607/4410
f 5340/7183/4920 5342/7789/5319 5341/7179/4916 5338/7181/4918
f 4994/7625/5231 4967/7584/5205 5339/7182/4919 5344/7186/4923
f 5339/7182/4919 4967/7584/5205 4968/7587/5208 5340/7183/4920
f 5340/7183/4920 4968/7587/5208 4970/7589/5210 5342/7789/5319
f 4972/7592/5213 5343/7184/4921 5342/7789/5319 4970/7589/5210
f 4995/7627/5232 4994/7625/5231 5344/7186/4923 5345/7187/4924
f 5342/7789/5319 5343/7184/4921 5341/7179/4916
f 5345/7187/4924 5348/7189/4926 4996/7628/5233 4995/7627/5232
f 5344/7186/4923 5338/7181/4918 5334/7177/4914 5349/6611/4414
f 5346/7188/4925 5345/7187/4924 5344/7186/4923
f 4985/7615/5226 5347/7195/4932 5359/7194/4931 4987/7616/5227
f 5348/7189/4926 5346/7188/4925 5347/7195/4932
f 5348/7189/4926 5347/7195/4932 4985/7615/5226 4996/7628/5233
f 5346/7188/4925 5344/7186/4923 5349/6611/4414 5350/6613/4416
f 5351/6610/4413 5352/6616/4419 5347/7195/4932 5346/7188/4925
f 5355/6612/4415 5250/7191/4928 5354/7190/4927 5353/6618/4421
f 5250/7191/4928 5355/6612/4415 5253/6614/4417
f 5347/7195/4932 5352/6616/4419 5356/6617/4420 5354/7190/4927
f 5357/7193/4930 5358/7790/5320 5354/7190/4927 5250/7191/4928
f 5247/7192/4929 4915/7503/5153 4983/7611/5222 5357/7193/4930
f 5357/7193/4930 4983/7611/5222 4984/7613/5224 5358/7790/5320
f 4987/7616/5227 5359/7194/4931 5358/7790/5320 4984/7613/5224
f 5376/6886/4647 5361/7197/4933 5360/7771/5301 5553/7770/4485
f 5358/7790/5320 5359/7194/4931 5354/7190/4927
f 5473/7196/4726 5376/6886/4647 5011/6500/4311 5362/7632/4423
f 5555/7200/4936 5364/7791/5321 5363/7772/5302 5554/6690/4486
f 5477/7202/4727 5364/7791/5321 5555/7200/4936 5026/7199/4935
f 5379/7204/4938 5235/7792/5322 5236/7773/5303 5556/6691/4487
f 5237/7206/4729 5235/7792/5322 5379/7204/4938 5042/7120/4866
f 5381/6692/4488 5557/6888/4649 5240/7208/4939 5239/7774/5304
f 5238/7207/4730 5557/6888/4649 5058/6820/4607 5057/7123/4434
f 5382/7793/5323 5243/7794/5324 5242/7775/5305 5559/6693/4489
f 5243/7794/5324 5382/7793/5323 5560/7795/5325 5241/7796/4732
f 5369/7125/4438 5241/7796/4732 5560/7795/5325 5072/6826/4612
f 5562/7797/5326 5374/7798/5327 5373/7776/5306 5561/6694/4490
f 5374/7798/5327 5562/7797/5326 5563/7799/5328 5485/7800/4734
f 5485/7800/4734 5563/7799/5328 5083/7651/5249 5375/7650/4442
f 4493/6726/4522 5385/6891/4652 5386/6890/4651 5383/7129/4870
f 5383/7129/4870 5386/6890/4651 5387/7801/5329 5384/7216/4945
f 5389/7802/5330 4494/6472/4283 5384/7216/4945 5387/7801/5329
f 5387/7801/5329 5386/6890/4651 4654/6892/4653 4656/6766/4560
f 4662/6767/4561 4661/6760/4555 5388/6473/4284 5389/7802/5330
f 4656/6766/4560 4662/6767/4561 5389/7802/5330 5387/7801/5329
f 4651/7803/4656 5391/7804/4655 5394/7805/5331 5392/6762/4556
f 5388/6473/4284 4494/6472/4283 5389/7802/5330
f 5393/6695/4491 4496/6699/4495 5391/6894/4655 5390/6893/4654
f 4496/7218/4495 4495/6474/4285 5394/7805/5331 5391/7804/4655
f 5395/7806/5332 5394/7805/5331 4495/6474/4285 5397/6470/4281
f 5395/7806/5332 5397/6470/4281 5388/6473/4284
f 5388/6473/4284 4661/6760/4555 5396/6759/4554 5395/7806/5332
f 5395/7806/5332 5396/6759/4554 5392/6762/4556 5394/7805/5331
f 5393/6695/4491 5390/6893/4654 5402/6896/4657 5398/6478/4289
f 5398/6478/4289 5402/6896/4657 5403/6902/4663 5399/6477/4288
f 5404/6900/4661 5401/6704/4500 5399/6477/4288 5403/6902/4663
f 5403/6902/4663 5402/6896/4657 4680/6897/4658 4682/6901/4662
f 5404/6900/4661 5405/7210/4940 5400/7223/4950 5401/6704/4500
f 4676/6905/4666 5409/6904/4665 5410/6908/4669 5407/6907/4668
f 5408/7220/4947 4500/6700/4496 5409/6904/4665 5406/6903/4664
f 4500/6700/4496 4499/6705/4501 5410/6908/4669 5409/6904/4665
f 5400/7223/4950 5405/7210/4940 5411/6906/4667 5412/7225/4952
f 5411/6906/4667 5410/6908/4669 4499/6705/4501 5412/7225/4952
f 5408/7220/4947 5406/6903/4664 5417/6910/4671 5413/6711/4507
f 5413/6711/4507 5417/6910/4671 5418/6916/4677 5414/6712/4508
f 5420/6914/4675 5416/7230/4955 5414/6712/4508 5418/6916/4677
f 5418/6916/4677 5417/6910/4671 4703/6911/4672 4705/6915/4676
f 5420/7211/4675 5419/7212/4941 5415/7229/4956 5416/7228/4955
f 4698/6919/4680 5422/6918/4679 5424/6922/4683 4699/6921/4682
f 5423/6706/4502 4504/6713/4509 5422/6918/4679 5421/6917/4678
f 4504/6713/4509 4503/7233/4958 5424/6922/4683 5422/6918/4679
f 5415/7229/4956 5419/7212/4941 5425/6920/4681 5426/7235/4960
f 5425/6920/4681 5424/6922/4683 4503/7233/4958 5426/7235/4960
f 5423/6706/4502 5421/6917/4678 5431/6925/4685 5427/6718/4514
f 5427/6718/4514 5431/6925/4685 5432/6931/4691 5428/7241/4966
f 5434/6929/4689 5430/7238/4963 5428/7241/4966 5432/6931/4691
f 5432/6931/4691 5431/6925/4685 4724/6926/4686 4726/6930/4690
f 5434/6929/4689 5433/7213/4942 5429/7239/4964 5430/7238/4963
f 4720/6934/4694 5436/6933/4693 5439/7807/4698 5437/7364/4697
f 5438/6714/4510 4509/6719/4515 5436/6933/4693 5435/6932/4692
f 4509/6719/4515 4508/7243/4968 5439/7807/4698 5436/6933/4693
f 5429/7239/4964 5433/7213/4942 5441/6936/4696 5440/7246/4970
f 5441/6936/4696 5439/6938/4698 4508/7247/4968 5440/7246/4970
f 5438/6714/4510 5435/6932/4692 5446/6939/4699 5442/6724/4520
f 5442/6724/4520 5446/6939/4699 5447/6945/4705 5443/7253/4976
f 5449/6943/4703 5445/7250/4973 5443/7253/4976 5447/6945/4705
f 5447/6945/4705 5446/6939/4699 4746/6940/4700 4748/6944/4704
f 5449/6943/4703 5448/7214/4943 5444/7251/4974 5445/7250/4973
f 5451/6948/4708 5453/6947/4707 5454/6951/4711 4742/6950/4710
f 5452/6720/4516 5456/6725/4521 5453/6947/4707 5450/6946/4706
f 5456/6725/4521 4512/7255/4978 5454/6951/4711 5453/6947/4707
f 5444/7251/4974 5448/7214/4943 5455/6949/4709 5457/7257/4980
f 5455/6949/4709 5454/6951/4711 4512/7255/4978 5457/7257/4980
f 5452/6720/4516 5450/6946/4706 5462/6953/4713 5458/6731/4527
f 5458/6731/4527 5462/6953/4713 5463/7808/4719 5459/7264/4986
f 5464/6957/4717 5461/7260/4983 5459/7263/4986 5463/6959/4719
f 5463/7808/4719 5462/6953/4713 4766/6954/4714 4768/7406/4718
f 5464/6957/4717 5465/7215/4944 5460/7261/4984 5461/7260/4983
f 4761/6961/4721 5466/6960/4720 5467/6965/4725 4762/6964/4724
f 4493/6726/4522 5469/6729/4525 5466/6960/4720 5385/6891/4652
f 5469/6729/4525 4514/7267/4988 5467/6965/4725 5466/6960/4720
f 5460/7261/4984 5465/7215/4944 5468/6963/4723 5470/7269/4990
f 5468/6963/4723 5467/6965/4725 4514/7267/4988 5470/7269/4990
f 4785/7087/4835 5471/7809/4388 5360/7810/5301 4779/7085/4833
f 4779/7085/4833 5360/7810/5301 5361/7811/4933 5472/6774/4566
f 5472/6774/4566 5361/7811/4933 5473/6966/4726 4787/6619/4422
f 5230/7812/5235 5010/7813/5234 4788/7090/4838 4790/7089/4837
f 5231/7814/4595 5230/7812/5235 4790/7089/4837 4791/7425/4569
f 5474/6622/4425 5231/7815/4595 4791/6777/4569 4792/6776/4568
f 4788/7090/4838 5010/7813/5234 5363/7816/5302 5475/7094/4841
f 5475/7094/4841 5363/7816/5302 5364/7817/5321 5476/6781/4573
f 5476/6781/4573 5364/7817/5321 5477/6967/4727 4807/6626/4429
f 5232/7818/5237 5024/7819/5236 4808/7097/4844 4810/7096/4843
f 5233/7820/5239 5232/7818/5237 4810/7096/4843 4811/7434/5099
f 4811/7434/5099 4812/6624/4427 5234/6968/4728 5233/7820/5239
f 4808/7097/4844 5024/7819/5236 5236/7821/5303 4821/7100/4847
f 4821/7100/4847 5236/7821/5303 5235/7822/5322 5478/7447/5109
f 5237/6969/4729 4828/6630/4433 5478/7446/5109 5235/7823/5322
f 5365/7824/5242 5040/7825/5241 4829/7103/4850 4831/7102/4849
f 5480/7826/4602 5365/7824/5242 4831/7102/4849 4832/6783/4575
f 5479/6970/4600 5480/7826/4602 4832/6783/4575 4833/6628/4431
f 4829/7103/4850 5040/7825/5241 5239/7827/5304 4842/7105/4852
f 4842/7105/4852 5239/7827/5304 5240/7828/4939 5481/6789/4581
f 5481/6789/4581 5240/7828/4939 5238/6971/4730 4849/6634/4437
f 5367/7829/5244 5366/7830/5243 4850/7108/4855 4852/7107/4854
f 5482/7831/5245 5367/7832/5244 4852/7110/4854 4853/7456/5118
f 4853/7456/5118 4854/6632/4435 5368/6972/4731 5482/7831/5245
f 4850/7108/4855 5366/7830/5243 5242/7833/5305 4863/7112/4858
f 4863/7112/4858 5242/7833/5305 5243/7834/5324 5483/6793/4585
f 5483/6793/4585 5243/7834/5324 5241/6973/4732 4870/6638/4441
f 5372/7835/5247 5370/7836/5246 4871/7115/4861 4873/7114/4860
f 5484/7837/5248 5372/7835/5247 4873/7114/4860 4874/6795/4587
f 5371/6974/4733 5484/7837/5248 4874/6795/4587 4875/6636/4439
f 4871/7115/4861 5370/7836/5246 5373/7838/5306 4884/7117/4863
f 4884/7117/4863 5373/7838/5306 5374/7839/5327 4890/7477/5135
f 5485/7840/4734 4892/7476/4445 4890/7477/5135 5374/7839/5327
f 5244/7841/4387 5471/7809/4388 4785/7087/4835 4893/7118/4864
f 5245/7842/4321 5244/7841/4387 4893/7118/4864 4894/6798/4590
f 5246/6976/4614 5245/7842/4321 4894/6798/4590 4895/6640/4443
f 5085/7682/4493 5486/7681/5265 5487/7843/5333 5086/7844/4279
f 5089/7686/4323 5090/7845/5250 5486/7681/5265 5129/7680/5264
f 5488/7846/4735 5088/6469/4280 5086/6468/4279 5487/7847/5333
f 5090/7845/5250 5092/7848/4617 5487/7843/5333 5486/7681/5265
f 5107/7672/4333 5087/6471/4282 5088/6469/4280 5488/7846/4735
f 5488/6977/4735 5487/7843/5333 5092/7848/4617 5097/6643/4446
f 5110/6701/4497 5491/7699/5274 5492/7849/5334 5111/6702/4498
f 5114/7702/4335 5115/7850/5259 5491/7851/5274 5153/7703/5273
f 5493/7852/4736 5113/7224/4951 5111/6702/4498 5492/7849/5334
f 5115/7850/5259 5116/7853/4621 5492/7854/5334 5491/7851/5274
f 5132/7691/4344 5112/7222/4949 5113/7224/4951 5493/7852/4736
f 5493/6978/4736 5492/7854/5334 5116/7853/4621 5122/6645/4448
f 5135/6708/4504 5495/7720/5281 5496/7855/5335 5136/7232/4957
f 5139/7723/4346 5140/7856/5268 5495/7857/5281 5179/7724/5280
f 5497/7858/4737 5138/7234/4959 5136/7232/4957 5496/7855/5335
f 5140/7856/5268 5142/7859/4624 5496/7860/5335 5495/7857/5281
f 5156/7861/4355 5137/7226/4953 5138/7234/4959 5497/7858/4737
f 5497/6979/4737 5496/7860/5335 5142/7859/4624 5147/6646/4449
f 5160/6716/4512 5499/7737/5290 5500/7862/5336 5161/7242/4967
f 5163/7740/4357 5164/7863/5277 5499/7864/5290 5203/7741/5289
f 5501/7865/4738 4506/7245/4969 5161/7244/4967 5500/7866/5336
f 5164/7863/5277 5165/7867/4628 5500/7868/5336 5499/7864/5290
f 5181/7729/4366 5162/7236/4961 4506/7245/4969 5501/7865/4738
f 5501/6980/4738 5500/7868/5336 5165/7867/4628 5171/6647/4450
f 5183/6722/4518 5503/7757/5298 5504/7869/5337 5184/7254/4977
f 5187/7761/4368 5188/7870/5284 5503/7871/5298 5224/7762/5297
f 5505/7872/4739 5186/7256/4979 5184/7254/4977 5504/7869/5337
f 5188/7870/5284 5189/7873/4632 5504/7874/5337 5503/7871/5298
f 5205/7746/4377 5185/7248/4971 5186/7256/4979 5505/7872/4739
f 5505/6981/4739 5504/7874/5337 5189/7873/4632 5195/6648/4451
f 5207/6728/4524 5507/7748/5293 5508/7875/5338 5208/7266/4987
f 5098/7666/4325 5211/7876/5294 5507/7877/5293 5106/7667/5257
f 5509/7878/4740 5210/7268/4989 5208/7266/4987 5508/7875/5338
f 5211/7876/5294 5213/7879/4635 5508/7880/5338 5507/7877/5293
f 5228/7767/4386 5209/7258/4981 5210/7268/4989 5509/7878/4740
f 5509/6982/4740 5508/7880/5338 5213/7879/4635 5218/6649/4452
f 5540/7881/5339 4999/7882/4330 5009/7883/5252 5511/7884/5340
f 5511/7884/5340 5009/7883/5252 5005/7885/5251 5512/7886/5341
f 5006/6802/4594 5541/6983/4741 5512/7886/5341 5005/7885/5251
f 5513/7887/5342 5533/6660/4461 5128/6659/4338 5017/7888/4340
f 5513/7887/5342 5017/7888/4340 5019/7889/5261 5514/7890/5343
f 5514/7890/5343 5019/7889/5261 5020/7891/5260 5515/7892/5344
f 5021/6807/4597 5516/6984/4742 5515/7892/5344 5020/7891/5260
f 5517/7893/5345 5534/6663/4463 5151/6662/4349 5032/7894/4351
f 5517/7893/5345 5032/7894/4351 5035/7895/5270 5518/7896/5346
f 5518/7896/5346 5035/7895/5270 5036/7897/5269 5519/7898/5347
f 5037/6810/4599 5520/6985/4743 5519/7898/5347 5036/7897/5269
f 5521/7899/5348 5535/6666/4465 5048/6665/4360 5049/7900/4362
f 5521/7899/5348 5049/7900/4362 5052/6650/4453 5522/6986/4744
f 5054/6816/4604 5545/6987/4745 5523/6652/4455 5053/6651/4454
f 5524/7901/5349 5536/6669/4467 5063/6668/4371 5064/7902/4375
f 5524/7901/5349 5064/7902/4375 5067/7903/5286 5525/7904/5350
f 5525/7904/5350 5067/7903/5286 5068/7905/5285 5526/7906/5351
f 5069/6822/4609 5527/6988/4746 5526/7906/5351 5068/7905/5285
f 5528/7907/5352 5538/6672/4469 5077/6671/4380 5078/7908/4382
f 5528/7907/5352 5078/7908/4382 5081/6653/4456 5529/6989/4747
f 5082/6829/4615 5551/6990/4748 5530/6655/4458 5080/6654/4457
f 5540/7881/5339 5531/6657/4459 4998/6656/4328 4999/7882/4330
f 5540/7881/5339 5511/7884/5340 5012/6501/4312 5011/6500/4311
f 5511/7884/5340 5512/7886/5341 5539/6499/4310 5012/6501/4312
f 5013/6674/4471 5539/6499/4310 5512/7886/5341 5541/6983/4741
f 5026/7199/4935 5513/7887/5342 5514/7890/5343 5027/7637/5240
f 5514/7890/5343 5515/7892/5344 5542/7635/5238 5027/7637/5240
f 5028/6676/4473 5542/7635/5238 5515/7892/5344 5516/6984/4742
f 5517/7893/5345 5518/7896/5346 5043/7121/4867 5042/7120/4866
f 5518/7896/5346 5519/7898/5347 5543/6813/4601 5043/7121/4867
f 5044/6679/4476 5543/6813/4601 5519/7898/5347 5520/6985/4743
f 5521/7899/5348 5522/6986/4744 5544/6818/4605 5058/6820/4607
f 5522/6986/4744 5523/6652/4455 5059/6819/4606 5544/6818/4605
f 5546/6681/4478 5059/6819/4606 5523/6652/4455 5545/6987/4745
f 5524/7901/5349 5525/7904/5350 5547/6824/4610 5072/6826/4612
f 5525/7904/5350 5526/7906/5351 5548/6825/4611 5547/6824/4610
f 5073/6684/4481 5548/6825/4611 5526/7906/5351 5527/6988/4746
f 5083/7651/5249 5528/7907/5352 5529/6989/4747 5549/6508/4319
f 5529/6989/4747 5530/6655/4458 5550/6833/4616 5549/6508/4319
f 5552/6687/4320 5550/7909/4616 5530/7910/4458 5551/6994/4748
f 5000/7911/4307 5376/7912/4647 5553/6689/4485 5001/6995/4308
f 5377/6887/4648 5531/6657/4459 5540/7881/5339 5011/6500/4311
f 5376/7912/4647 5000/7911/4307 5531/7913/4459 5377/7914/4648
f 5018/6658/4460 5555/7200/4936 5554/6690/4486 5532/6502/4313
f 5378/7198/4934 5533/6660/4461 5513/7887/5342 5026/7199/4935
f 5555/7200/4936 5018/6658/4460 5533/6660/4461 5378/7198/4934
f 5033/6661/4462 5379/7204/4938 5556/6691/4487 5034/6996/4749
f 5380/7203/4937 5534/6663/4463 5517/7893/5345 5042/7120/4866
f 5379/7204/4938 5033/6661/4462 5534/6663/4463 5380/7203/4937
f 5050/6664/4464 5557/6888/4649 5381/6692/4488 5051/6505/4316
f 5558/6889/4650 5535/6666/4465 5521/7899/5348 5058/6820/4607
f 5557/6888/4649 5050/6664/4464 5535/6666/4465 5558/6889/4650
f 5065/6667/4466 5382/7793/5323 5559/6693/4489 5066/7000/4750
f 5072/6826/4612 5560/7795/5325 5536/6669/4467 5524/7901/5349
f 5382/7793/5323 5065/6667/4466 5536/6669/4467 5560/7795/5325
f 5079/6670/4468 5562/7797/5326 5561/6694/4490 5537/7001/4751
f 5563/7799/5328 5538/6672/4469 5528/7907/5352 5083/7651/5249
f 5562/7797/5326 5079/6670/4468 5538/6672/4469 5563/7799/5328
f 1352/7915/957 1302/7916/944 1422/7917/1623 1350/7918/954
f 1003/7919/803 1105/7920/749 1104/7921/793
f 1624/1840/1149 1732/2497/1694 1666/2460/1665 1663/1941/1243 1625/2887/1712